[2J[3J[H[[90m2:48:38 PM[0m] Starting compilation in watch mode...

[[90m2:48:43 PM[0m] Found 0 errors. Watching for file changes.

[Nest] 464253  - 10/03/2025, 2:48:44 PM     LOG [NestFactory] Starting Nest application...
[Nest] 464253  - 10/03/2025, 2:48:44 PM     LOG [InstanceLoader] PrismaModule dependencies initialized +15ms
[Nest] 464253  - 10/03/2025, 2:48:44 PM     LOG [InstanceLoader] PassportModule dependencies initialized +0ms
[Nest] 464253  - 10/03/2025, 2:48:44 PM     LOG [InstanceLoader] ConfigHostModule dependencies initialized +0ms
[Nest] 464253  - 10/03/2025, 2:48:44 PM     LOG [InstanceLoader] ThrottlerModule dependencies initialized +1ms
[Nest] 464253  - 10/03/2025, 2:48:44 PM     LOG [InstanceLoader] JwtModule dependencies initialized +0ms
[Nest] 464253  - 10/03/2025, 2:48:44 PM     LOG [InstanceLoader] DiscoveryModule dependencies initialized +0ms
[Nest] 464253  - 10/03/2025, 2:48:44 PM     LOG [InstanceLoader] ConfigModule dependencies initialized +1ms
[Nest] 464253  - 10/03/2025, 2:48:44 PM     LOG [InstanceLoader] ConfigModule dependencies initialized +0ms
[Nest] 464253  - 10/03/2025, 2:48:44 PM     LOG [InstanceLoader] ScheduleModule dependencies initialized +1ms
[Nest] 464253  - 10/03/2025, 2:48:44 PM     LOG [InstanceLoader] AuthModule dependencies initialized +3ms
[Nest] 464253  - 10/03/2025, 2:48:44 PM     LOG [InstanceLoader] VendorsModule dependencies initialized +1ms
[Nest] 464253  - 10/03/2025, 2:48:44 PM     LOG [InstanceLoader] AssetCategoriesModule dependencies initialized +0ms
[Nest] 464253  - 10/03/2025, 2:48:44 PM     LOG [InstanceLoader] AssetTypesModule dependencies initialized +0ms
[Nest] 464253  - 10/03/2025, 2:48:44 PM     LOG [InstanceLoader] BrandsModule dependencies initialized +0ms
[Nest] 464253  - 10/03/2025, 2:48:44 PM     LOG [InstanceLoader] ModelsModule dependencies initialized +0ms
[Nest] 464253  - 10/03/2025, 2:48:44 PM     LOG [InstanceLoader] AssignmentsModule dependencies initialized +0ms
[Nest] 464253  - 10/03/2025, 2:48:44 PM     LOG [InstanceLoader] EmployeesModule dependencies initialized +0ms
[Nest] 464253  - 10/03/2025, 2:48:44 PM     LOG [InstanceLoader] MaintenanceModule dependencies initialized +0ms
[Nest] 464253  - 10/03/2025, 2:48:44 PM     LOG [InstanceLoader] AssetsModule dependencies initialized +0ms
[Nest] 464253  - 10/03/2025, 2:48:44 PM     LOG [InstanceLoader] AdminModule dependencies initialized +0ms
[Nest] 464253  - 10/03/2025, 2:48:44 PM     LOG [InstanceLoader] ReportsModule dependencies initialized +0ms
[Nest] 464253  - 10/03/2025, 2:48:44 PM     LOG [InstanceLoader] AssetHistoryModule dependencies initialized +0ms
[Nest] 464253  - 10/03/2025, 2:48:44 PM     LOG [InstanceLoader] AppModule dependencies initialized +0ms
[Nest] 464253  - 10/03/2025, 2:48:44 PM     LOG [RoutesResolver] AppController {/api}: +63ms
[Nest] 464253  - 10/03/2025, 2:48:44 PM     LOG [RouterExplorer] Mapped {/api, GET} route +1ms
[Nest] 464253  - 10/03/2025, 2:48:44 PM     LOG [RouterExplorer] Mapped {/api/dashboard/stats, GET} route +1ms
[Nest] 464253  - 10/03/2025, 2:48:44 PM     LOG [RoutesResolver] AuthController {/api/auth}: +0ms
[Nest] 464253  - 10/03/2025, 2:48:44 PM     LOG [RouterExplorer] Mapped {/api/auth/login, POST} route +0ms
[Nest] 464253  - 10/03/2025, 2:48:44 PM     LOG [RouterExplorer] Mapped {/api/auth/profile, GET} route +0ms
[Nest] 464253  - 10/03/2025, 2:48:44 PM     LOG [RouterExplorer] Mapped {/api/auth/refresh, POST} route +0ms
[Nest] 464253  - 10/03/2025, 2:48:44 PM     LOG [RouterExplorer] Mapped {/api/auth/logout, POST} route +1ms
[Nest] 464253  - 10/03/2025, 2:48:44 PM     LOG [RouterExplorer] Mapped {/api/auth/forgot-password, POST} route +0ms
[Nest] 464253  - 10/03/2025, 2:48:44 PM     LOG [RouterExplorer] Mapped {/api/auth/reset-password, POST} route +0ms
[Nest] 464253  - 10/03/2025, 2:48:44 PM     LOG [RouterExplorer] Mapped {/api/auth/change-password, POST} route +0ms
[Nest] 464253  - 10/03/2025, 2:48:44 PM     LOG [RoutesResolver] EmployeesController {/api/employees}: +0ms
[Nest] 464253  - 10/03/2025, 2:48:44 PM     LOG [RouterExplorer] Mapped {/api/employees, POST} route +1ms
[Nest] 464253  - 10/03/2025, 2:48:44 PM     LOG [RouterExplorer] Mapped {/api/employees/check-email, GET} route +0ms
[Nest] 464253  - 10/03/2025, 2:48:44 PM     LOG [RouterExplorer] Mapped {/api/employees, GET} route +0ms
[Nest] 464253  - 10/03/2025, 2:48:44 PM     LOG [RouterExplorer] Mapped {/api/employees/dropdowns, GET} route +0ms
[Nest] 464253  - 10/03/2025, 2:48:44 PM     LOG [RouterExplorer] Mapped {/api/employees/test-route, GET} route +0ms
[Nest] 464253  - 10/03/2025, 2:48:44 PM     LOG [RouterExplorer] Mapped {/api/employees/non-admin-dropdown, GET} route +0ms
[Nest] 464253  - 10/03/2025, 2:48:44 PM     LOG [RouterExplorer] Mapped {/api/employees/export, GET} route +0ms
[Nest] 464253  - 10/03/2025, 2:48:44 PM     LOG [RouterExplorer] Mapped {/api/employees/:id, GET} route +1ms
[Nest] 464253  - 10/03/2025, 2:48:44 PM     LOG [RouterExplorer] Mapped {/api/employees/:id/asset-history, GET} route +0ms
[Nest] 464253  - 10/03/2025, 2:48:44 PM     LOG [RouterExplorer] Mapped {/api/employees/:id/asset-events, GET} route +0ms
[Nest] 464253  - 10/03/2025, 2:48:44 PM     LOG [RouterExplorer] Mapped {/api/employees/:id, PUT} route +0ms
[Nest] 464253  - 10/03/2025, 2:48:44 PM     LOG [RouterExplorer] Mapped {/api/employees/bulk-upload/validate, POST} route +0ms
[Nest] 464253  - 10/03/2025, 2:48:44 PM     LOG [RouterExplorer] Mapped {/api/employees/bulk-upload, POST} route +0ms
[Nest] 464253  - 10/03/2025, 2:48:44 PM     LOG [RouterExplorer] Mapped {/api/employees/:id, DELETE} route +1ms
[Nest] 464253  - 10/03/2025, 2:48:44 PM     LOG [RoutesResolver] VendorsController {/api/vendors}: +0ms
[Nest] 464253  - 10/03/2025, 2:48:44 PM     LOG [RouterExplorer] Mapped {/api/vendors, POST} route +0ms
[Nest] 464253  - 10/03/2025, 2:48:44 PM     LOG [RouterExplorer] Mapped {/api/vendors, GET} route +0ms
[Nest] 464253  - 10/03/2025, 2:48:44 PM     LOG [RouterExplorer] Mapped {/api/vendors/search, GET} route +0ms
[Nest] 464253  - 10/03/2025, 2:48:44 PM     LOG [RouterExplorer] Mapped {/api/vendors/:id, GET} route +0ms
[Nest] 464253  - 10/03/2025, 2:48:44 PM     LOG [RouterExplorer] Mapped {/api/vendors/:id, PUT} route +0ms
[Nest] 464253  - 10/03/2025, 2:48:44 PM     LOG [RouterExplorer] Mapped {/api/vendors/:id, DELETE} route +0ms
[Nest] 464253  - 10/03/2025, 2:48:44 PM     LOG [RouterExplorer] Mapped {/api/vendors/:id/status, PATCH} route +1ms
[Nest] 464253  - 10/03/2025, 2:48:44 PM     LOG [RouterExplorer] Mapped {/api/vendors/check-name, POST} route +0ms
[Nest] 464253  - 10/03/2025, 2:48:44 PM     LOG [RouterExplorer] Mapped {/api/vendors/validate-bulk-upload, POST} route +0ms
[Nest] 464253  - 10/03/2025, 2:48:44 PM     LOG [RouterExplorer] Mapped {/api/vendors/bulk-upload, POST} route +0ms
[Nest] 464253  - 10/03/2025, 2:48:44 PM     LOG [RoutesResolver] AssetCategoriesController {/api/asset-categories}: +0ms
[Nest] 464253  - 10/03/2025, 2:48:44 PM     LOG [RouterExplorer] Mapped {/api/asset-categories, POST} route +0ms
[Nest] 464253  - 10/03/2025, 2:48:44 PM     LOG [RouterExplorer] Mapped {/api/asset-categories, GET} route +0ms
[Nest] 464253  - 10/03/2025, 2:48:44 PM     LOG [RouterExplorer] Mapped {/api/asset-categories/:id, GET} route +0ms
[Nest] 464253  - 10/03/2025, 2:48:44 PM     LOG [RouterExplorer] Mapped {/api/asset-categories/:id, PUT} route +0ms
[Nest] 464253  - 10/03/2025, 2:48:44 PM     LOG [RouterExplorer] Mapped {/api/asset-categories/:id, DELETE} route +0ms
[Nest] 464253  - 10/03/2025, 2:48:44 PM     LOG [RouterExplorer] Mapped {/api/asset-categories/:sourceId/merge/:targetId, POST} route +1ms
[Nest] 464253  - 10/03/2025, 2:48:44 PM     LOG [RoutesResolver] AssetTypesController {/api/asset-types}: +0ms
[Nest] 464253  - 10/03/2025, 2:48:44 PM     LOG [RouterExplorer] Mapped {/api/asset-types, POST} route +0ms
[Nest] 464253  - 10/03/2025, 2:48:44 PM     LOG [RouterExplorer] Mapped {/api/asset-types, GET} route +0ms
[Nest] 464253  - 10/03/2025, 2:48:44 PM     LOG [RouterExplorer] Mapped {/api/asset-types/by-category/:categoryId, GET} route +0ms
[Nest] 464253  - 10/03/2025, 2:48:44 PM     LOG [RouterExplorer] Mapped {/api/asset-types/:id, GET} route +0ms
[Nest] 464253  - 10/03/2025, 2:48:44 PM     LOG [RouterExplorer] Mapped {/api/asset-types/:id, PUT} route +0ms
[Nest] 464253  - 10/03/2025, 2:48:44 PM     LOG [RouterExplorer] Mapped {/api/asset-types/:id, DELETE} route +0ms
[Nest] 464253  - 10/03/2025, 2:48:44 PM     LOG [RouterExplorer] Mapped {/api/asset-types/:sourceId/merge/:targetId, POST} route +1ms
[Nest] 464253  - 10/03/2025, 2:48:44 PM     LOG [RoutesResolver] BrandsController {/api/brands}: +0ms
[Nest] 464253  - 10/03/2025, 2:48:44 PM     LOG [RouterExplorer] Mapped {/api/brands, POST} route +0ms
[Nest] 464253  - 10/03/2025, 2:48:44 PM     LOG [RouterExplorer] Mapped {/api/brands, GET} route +0ms
[Nest] 464253  - 10/03/2025, 2:48:44 PM     LOG [RouterExplorer] Mapped {/api/brands/:id, GET} route +0ms
[Nest] 464253  - 10/03/2025, 2:48:44 PM     LOG [RouterExplorer] Mapped {/api/brands/:id, PUT} route +0ms
[Nest] 464253  - 10/03/2025, 2:48:44 PM     LOG [RouterExplorer] Mapped {/api/brands/:id, DELETE} route +0ms
[Nest] 464253  - 10/03/2025, 2:48:44 PM     LOG [RouterExplorer] Mapped {/api/brands/:sourceId/merge/:targetId, POST} route +0ms
[Nest] 464253  - 10/03/2025, 2:48:44 PM     LOG [RoutesResolver] ModelsController {/api/models}: +0ms
[Nest] 464253  - 10/03/2025, 2:48:44 PM     LOG [RouterExplorer] Mapped {/api/models, POST} route +0ms
[Nest] 464253  - 10/03/2025, 2:48:44 PM     LOG [RouterExplorer] Mapped {/api/models, GET} route +1ms
[Nest] 464253  - 10/03/2025, 2:48:44 PM     LOG [RouterExplorer] Mapped {/api/models/by-brand/:brandId, GET} route +0ms
[Nest] 464253  - 10/03/2025, 2:48:44 PM     LOG [RouterExplorer] Mapped {/api/models/by-brand/:brandId/asset-type/:assetTypeId, GET} route +0ms
[Nest] 464253  - 10/03/2025, 2:48:44 PM     LOG [RouterExplorer] Mapped {/api/models/:id, GET} route +0ms
[Nest] 464253  - 10/03/2025, 2:48:44 PM     LOG [RouterExplorer] Mapped {/api/models/:id, PUT} route +0ms
[Nest] 464253  - 10/03/2025, 2:48:44 PM     LOG [RouterExplorer] Mapped {/api/models/:id, DELETE} route +0ms
[Nest] 464253  - 10/03/2025, 2:48:44 PM     LOG [RouterExplorer] Mapped {/api/models/:sourceId/merge/:targetId, POST} route +0ms
[Nest] 464253  - 10/03/2025, 2:48:44 PM     LOG [RoutesResolver] AssignmentsController {/api/assignments}: +1ms
[Nest] 464253  - 10/03/2025, 2:48:44 PM     LOG [RouterExplorer] Mapped {/api/assignments, POST} route +0ms
[Nest] 464253  - 10/03/2025, 2:48:44 PM     LOG [RouterExplorer] Mapped {/api/assignments/active, GET} route +0ms
[Nest] 464253  - 10/03/2025, 2:48:44 PM     LOG [RouterExplorer] Mapped {/api/assignments/active/collect, GET} route +0ms
[Nest] 464253  - 10/03/2025, 2:48:44 PM     LOG [RouterExplorer] Mapped {/api/assignments, GET} route +0ms
[Nest] 464253  - 10/03/2025, 2:48:44 PM     LOG [RouterExplorer] Mapped {/api/assignments/:id, GET} route +0ms
[Nest] 464253  - 10/03/2025, 2:48:44 PM     LOG [RouterExplorer] Mapped {/api/assignments/:id/return, PUT} route +0ms
[Nest] 464253  - 10/03/2025, 2:48:44 PM     LOG [RoutesResolver] ReportsController {/api/reports}: +0ms
[Nest] 464253  - 10/03/2025, 2:48:44 PM     LOG [RouterExplorer] Mapped {/api/reports/analytics, GET} route +1ms
[Nest] 464253  - 10/03/2025, 2:48:44 PM     LOG [RouterExplorer] Mapped {/api/reports/asset-inventory, GET} route +0ms
[Nest] 464253  - 10/03/2025, 2:48:44 PM     LOG [RouterExplorer] Mapped {/api/reports/employee-assets, GET} route +0ms
[Nest] 464253  - 10/03/2025, 2:48:44 PM     LOG [RouterExplorer] Mapped {/api/reports/maintenance, GET} route +0ms
[Nest] 464253  - 10/03/2025, 2:48:44 PM     LOG [RouterExplorer] Mapped {/api/reports/export/asset-inventory, POST} route +0ms
[Nest] 464253  - 10/03/2025, 2:48:44 PM     LOG [RouterExplorer] Mapped {/api/reports/export/employee-assets, POST} route +0ms
[Nest] 464253  - 10/03/2025, 2:48:44 PM     LOG [RouterExplorer] Mapped {/api/reports/export/maintenance, POST} route +0ms
[Nest] 464253  - 10/03/2025, 2:48:44 PM     LOG [RouterExplorer] Mapped {/api/reports/preview, GET} route +0ms
[Nest] 464253  - 10/03/2025, 2:48:44 PM     LOG [RoutesResolver] MaintenanceController {/api/maintenance}: +0ms
[Nest] 464253  - 10/03/2025, 2:48:44 PM     LOG [RouterExplorer] Mapped {/api/maintenance, POST} route +0ms
[Nest] 464253  - 10/03/2025, 2:48:44 PM     LOG [RouterExplorer] Mapped {/api/maintenance, GET} route +1ms
[Nest] 464253  - 10/03/2025, 2:48:44 PM     LOG [RouterExplorer] Mapped {/api/maintenance/check-asset-availability, GET} route +0ms
[Nest] 464253  - 10/03/2025, 2:48:44 PM     LOG [RouterExplorer] Mapped {/api/maintenance/export, GET} route +0ms
[Nest] 464253  - 10/03/2025, 2:48:44 PM     LOG [RouterExplorer] Mapped {/api/maintenance/asset/:assetId/history, GET} route +0ms
[Nest] 464253  - 10/03/2025, 2:48:44 PM     LOG [RouterExplorer] Mapped {/api/maintenance/asset/:assetId/history-events, GET} route +0ms
[Nest] 464253  - 10/03/2025, 2:48:44 PM     LOG [RouterExplorer] Mapped {/api/maintenance/:id, GET} route +0ms
[Nest] 464253  - 10/03/2025, 2:48:44 PM     LOG [RouterExplorer] Mapped {/api/maintenance/:id, PATCH} route +0ms
[Nest] 464253  - 10/03/2025, 2:48:44 PM     LOG [RouterExplorer] Mapped {/api/maintenance/:id/complete, PUT} route +0ms
[Nest] 464253  - 10/03/2025, 2:48:44 PM     LOG [RouterExplorer] Mapped {/api/maintenance/:id/cancel, PUT} route +0ms
[Nest] 464253  - 10/03/2025, 2:48:44 PM     LOG [RouterExplorer] Mapped {/api/maintenance/:id, DELETE} route +1ms
[Nest] 464253  - 10/03/2025, 2:48:44 PM     LOG [RoutesResolver] MaintenanceTypesController {/api/maintenance-types}: +0ms
[Nest] 464253  - 10/03/2025, 2:48:44 PM     LOG [RouterExplorer] Mapped {/api/maintenance-types, GET} route +0ms
[Nest] 464253  - 10/03/2025, 2:48:44 PM     LOG [RoutesResolver] AssetsController {/api/assets}: +0ms
[Nest] 464253  - 10/03/2025, 2:48:44 PM     LOG [RouterExplorer] Mapped {/api/assets/generate-id, GET} route +0ms
[Nest] 464253  - 10/03/2025, 2:48:44 PM     LOG [RouterExplorer] Mapped {/api/assets, POST} route +0ms
[Nest] 464253  - 10/03/2025, 2:48:44 PM     LOG [RouterExplorer] Mapped {/api/assets, GET} route +0ms
[Nest] 464253  - 10/03/2025, 2:48:44 PM     LOG [RouterExplorer] Mapped {/api/assets/stats, GET} route +0ms
[Nest] 464253  - 10/03/2025, 2:48:44 PM     LOG [RouterExplorer] Mapped {/api/assets/export, GET} route +0ms
[Nest] 464253  - 10/03/2025, 2:48:44 PM     LOG [RouterExplorer] Mapped {/api/assets/search, GET} route +0ms
[Nest] 464253  - 10/03/2025, 2:48:44 PM     LOG [RouterExplorer] Mapped {/api/assets/dropdowns, GET} route +1ms
[Nest] 464253  - 10/03/2025, 2:48:44 PM     LOG [RouterExplorer] Mapped {/api/assets/available, GET} route +0ms
[Nest] 464253  - 10/03/2025, 2:48:44 PM     LOG [RouterExplorer] Mapped {/api/assets/:id, GET} route +0ms
[Nest] 464253  - 10/03/2025, 2:48:44 PM     LOG [RouterExplorer] Mapped {/api/assets/:id, PUT} route +0ms
[Nest] 464253  - 10/03/2025, 2:48:44 PM     LOG [RouterExplorer] Mapped {/api/assets/:id, DELETE} route +0ms
[Nest] 464253  - 10/03/2025, 2:48:44 PM     LOG [RouterExplorer] Mapped {/api/assets/:id/retire, PUT} route +0ms
[Nest] 464253  - 10/03/2025, 2:48:44 PM     LOG [RouterExplorer] Mapped {/api/assets/:id/reactivate, PUT} route +0ms
[Nest] 464253  - 10/03/2025, 2:48:44 PM     LOG [RouterExplorer] Mapped {/api/assets/validate-bulk-upload, POST} route +0ms
[Nest] 464253  - 10/03/2025, 2:48:44 PM     LOG [RouterExplorer] Mapped {/api/assets/bulk-upload, POST} route +1ms
[Nest] 464253  - 10/03/2025, 2:48:44 PM     LOG [RoutesResolver] AssetHistoryController {/api/asset-history}: +0ms
[Nest] 464253  - 10/03/2025, 2:48:44 PM     LOG [RouterExplorer] Mapped {/api/asset-history/:id, GET} route +0ms
[Nest] 464253  - 10/03/2025, 2:48:44 PM     LOG [RouterExplorer] Mapped {/api/asset-history/:id/summary, GET} route +0ms
[Nest] 464253  - 10/03/2025, 2:48:44 PM     LOG [RoutesResolver] AdminController {/api/admin}: +0ms
[Nest] 464253  - 10/03/2025, 2:48:44 PM     LOG [RouterExplorer] Mapped {/api/admin/users, GET} route +0ms
[Nest] 464253  - 10/03/2025, 2:48:44 PM     LOG [RouterExplorer] Mapped {/api/admin/users, POST} route +0ms
[Nest] 464253  - 10/03/2025, 2:48:44 PM     LOG [RouterExplorer] Mapped {/api/admin/users/:id/status, PATCH} route +0ms
[Nest] 464253  - 10/03/2025, 2:48:44 PM     LOG [RouterExplorer] Mapped {/api/admin/users/:id, DELETE} route +0ms
[Nest] 464253  - 10/03/2025, 2:48:44 PM     LOG [NestApplication] Nest application successfully started +113ms
Application is running on: http://localhost:3000/api
Swagger documentation available at: http://localhost:3000/api/docs
[Nest] 464253  - 10/03/2025, 2:52:33 PM     LOG [AuthService] Password reset email sent to: bondrenishant8@gmail.com
[Nest] 464253  - 10/03/2025, 2:54:51 PM     LOG [AuthService] Invalidated all tokens for user ID: 5
Asset status: ASSIGNED, Count: 4
Asset status: IN_MAINTENANCE, Count: 3
Asset status: AVAILABLE, Count: 33
Assets with IN_MAINTENANCE status: 3
Assets with active maintenance (final count): 2
Calculated available assets: 34 (Total: 40 - Maintenance: 2 - Assigned: 4)
Dashboard Stats Result: { totalAssets: 40, available: 34, assigned: 4, maintenance: 2 }
[2J[3J[H[[90m3:44:15 PM[0m] File change detected. Starting incremental compilation...

[[90m3:44:16 PM[0m] Found 0 errors. Watching for file changes.

[Nest] 475414  - 10/03/2025, 3:44:17 PM     LOG [NestFactory] Starting Nest application...
[Nest] 475414  - 10/03/2025, 3:44:17 PM     LOG [InstanceLoader] PrismaModule dependencies initialized +22ms
[Nest] 475414  - 10/03/2025, 3:44:17 PM     LOG [InstanceLoader] PassportModule dependencies initialized +0ms
[Nest] 475414  - 10/03/2025, 3:44:17 PM     LOG [InstanceLoader] ConfigHostModule dependencies initialized +1ms
[Nest] 475414  - 10/03/2025, 3:44:17 PM     LOG [InstanceLoader] ThrottlerModule dependencies initialized +0ms
[Nest] 475414  - 10/03/2025, 3:44:17 PM     LOG [InstanceLoader] JwtModule dependencies initialized +0ms
[Nest] 475414  - 10/03/2025, 3:44:17 PM     LOG [InstanceLoader] DiscoveryModule dependencies initialized +0ms
[Nest] 475414  - 10/03/2025, 3:44:17 PM     LOG [InstanceLoader] ConfigModule dependencies initialized +2ms
[Nest] 475414  - 10/03/2025, 3:44:17 PM     LOG [InstanceLoader] ConfigModule dependencies initialized +1ms
[Nest] 475414  - 10/03/2025, 3:44:17 PM     LOG [InstanceLoader] ScheduleModule dependencies initialized +1ms
[Nest] 475414  - 10/03/2025, 3:44:17 PM     LOG [InstanceLoader] AuthModule dependencies initialized +2ms
[Nest] 475414  - 10/03/2025, 3:44:17 PM     LOG [InstanceLoader] VendorsModule dependencies initialized +0ms
[Nest] 475414  - 10/03/2025, 3:44:17 PM     LOG [InstanceLoader] AssetCategoriesModule dependencies initialized +0ms
[Nest] 475414  - 10/03/2025, 3:44:17 PM     LOG [InstanceLoader] AssetTypesModule dependencies initialized +0ms
[Nest] 475414  - 10/03/2025, 3:44:17 PM     LOG [InstanceLoader] BrandsModule dependencies initialized +0ms
[Nest] 475414  - 10/03/2025, 3:44:17 PM     LOG [InstanceLoader] ModelsModule dependencies initialized +0ms
[Nest] 475414  - 10/03/2025, 3:44:17 PM     LOG [InstanceLoader] AssignmentsModule dependencies initialized +1ms
[Nest] 475414  - 10/03/2025, 3:44:17 PM     LOG [InstanceLoader] EmployeesModule dependencies initialized +0ms
[Nest] 475414  - 10/03/2025, 3:44:17 PM     LOG [InstanceLoader] MaintenanceModule dependencies initialized +0ms
[Nest] 475414  - 10/03/2025, 3:44:17 PM     LOG [InstanceLoader] AssetsModule dependencies initialized +0ms
[Nest] 475414  - 10/03/2025, 3:44:17 PM     LOG [InstanceLoader] AdminModule dependencies initialized +0ms
[Nest] 475414  - 10/03/2025, 3:44:17 PM     LOG [InstanceLoader] ReportsModule dependencies initialized +0ms
[Nest] 475414  - 10/03/2025, 3:44:17 PM     LOG [InstanceLoader] AssetHistoryModule dependencies initialized +0ms
[Nest] 475414  - 10/03/2025, 3:44:17 PM     LOG [InstanceLoader] AppModule dependencies initialized +0ms
[Nest] 475414  - 10/03/2025, 3:44:17 PM     LOG [RoutesResolver] AppController {/api}: +144ms
[Nest] 475414  - 10/03/2025, 3:44:17 PM     LOG [RouterExplorer] Mapped {/api, GET} route +3ms
[Nest] 475414  - 10/03/2025, 3:44:17 PM     LOG [RouterExplorer] Mapped {/api/dashboard/stats, GET} route +1ms
[Nest] 475414  - 10/03/2025, 3:44:17 PM     LOG [RoutesResolver] AuthController {/api/auth}: +0ms
[Nest] 475414  - 10/03/2025, 3:44:17 PM     LOG [RouterExplorer] Mapped {/api/auth/login, POST} route +1ms
[Nest] 475414  - 10/03/2025, 3:44:17 PM     LOG [RouterExplorer] Mapped {/api/auth/profile, GET} route +0ms
[Nest] 475414  - 10/03/2025, 3:44:17 PM     LOG [RouterExplorer] Mapped {/api/auth/refresh, POST} route +1ms
[Nest] 475414  - 10/03/2025, 3:44:17 PM     LOG [RouterExplorer] Mapped {/api/auth/logout, POST} route +0ms
[Nest] 475414  - 10/03/2025, 3:44:17 PM     LOG [RouterExplorer] Mapped {/api/auth/forgot-password, POST} route +0ms
[Nest] 475414  - 10/03/2025, 3:44:17 PM     LOG [RouterExplorer] Mapped {/api/auth/reset-password, POST} route +0ms
[Nest] 475414  - 10/03/2025, 3:44:17 PM     LOG [RouterExplorer] Mapped {/api/auth/change-password, POST} route +1ms
[Nest] 475414  - 10/03/2025, 3:44:17 PM     LOG [RoutesResolver] EmployeesController {/api/employees}: +0ms
[Nest] 475414  - 10/03/2025, 3:44:17 PM     LOG [RouterExplorer] Mapped {/api/employees, POST} route +0ms
[Nest] 475414  - 10/03/2025, 3:44:17 PM     LOG [RouterExplorer] Mapped {/api/employees/check-email, GET} route +0ms
[Nest] 475414  - 10/03/2025, 3:44:17 PM     LOG [RouterExplorer] Mapped {/api/employees, GET} route +1ms
[Nest] 475414  - 10/03/2025, 3:44:17 PM     LOG [RouterExplorer] Mapped {/api/employees/dropdowns, GET} route +0ms
[Nest] 475414  - 10/03/2025, 3:44:17 PM     LOG [RouterExplorer] Mapped {/api/employees/test-route, GET} route +0ms
[Nest] 475414  - 10/03/2025, 3:44:17 PM     LOG [RouterExplorer] Mapped {/api/employees/non-admin-dropdown, GET} route +0ms
[Nest] 475414  - 10/03/2025, 3:44:17 PM     LOG [RouterExplorer] Mapped {/api/employees/export, GET} route +0ms
[Nest] 475414  - 10/03/2025, 3:44:17 PM     LOG [RouterExplorer] Mapped {/api/employees/:id, GET} route +1ms
[Nest] 475414  - 10/03/2025, 3:44:17 PM     LOG [RouterExplorer] Mapped {/api/employees/:id/asset-history, GET} route +0ms
[Nest] 475414  - 10/03/2025, 3:44:17 PM     LOG [RouterExplorer] Mapped {/api/employees/:id/asset-events, GET} route +0ms
[Nest] 475414  - 10/03/2025, 3:44:17 PM     LOG [RouterExplorer] Mapped {/api/employees/:id, PUT} route +0ms
[Nest] 475414  - 10/03/2025, 3:44:17 PM     LOG [RouterExplorer] Mapped {/api/employees/bulk-upload/validate, POST} route +0ms
[Nest] 475414  - 10/03/2025, 3:44:17 PM     LOG [RouterExplorer] Mapped {/api/employees/bulk-upload, POST} route +1ms
[Nest] 475414  - 10/03/2025, 3:44:17 PM     LOG [RouterExplorer] Mapped {/api/employees/:id, DELETE} route +0ms
[Nest] 475414  - 10/03/2025, 3:44:17 PM     LOG [RoutesResolver] VendorsController {/api/vendors}: +0ms
[Nest] 475414  - 10/03/2025, 3:44:17 PM     LOG [RouterExplorer] Mapped {/api/vendors, POST} route +0ms
[Nest] 475414  - 10/03/2025, 3:44:17 PM     LOG [RouterExplorer] Mapped {/api/vendors, GET} route +0ms
[Nest] 475414  - 10/03/2025, 3:44:17 PM     LOG [RouterExplorer] Mapped {/api/vendors/search, GET} route +0ms
[Nest] 475414  - 10/03/2025, 3:44:17 PM     LOG [RouterExplorer] Mapped {/api/vendors/:id, GET} route +1ms
[Nest] 475414  - 10/03/2025, 3:44:17 PM     LOG [RouterExplorer] Mapped {/api/vendors/:id, PUT} route +0ms
[Nest] 475414  - 10/03/2025, 3:44:17 PM     LOG [RouterExplorer] Mapped {/api/vendors/:id, DELETE} route +0ms
[Nest] 475414  - 10/03/2025, 3:44:17 PM     LOG [RouterExplorer] Mapped {/api/vendors/:id/status, PATCH} route +0ms
[Nest] 475414  - 10/03/2025, 3:44:17 PM     LOG [RouterExplorer] Mapped {/api/vendors/check-name, POST} route +0ms
[Nest] 475414  - 10/03/2025, 3:44:17 PM     LOG [RouterExplorer] Mapped {/api/vendors/validate-bulk-upload, POST} route +1ms
[Nest] 475414  - 10/03/2025, 3:44:17 PM     LOG [RouterExplorer] Mapped {/api/vendors/bulk-upload, POST} route +0ms
[Nest] 475414  - 10/03/2025, 3:44:17 PM     LOG [RoutesResolver] AssetCategoriesController {/api/asset-categories}: +0ms
[Nest] 475414  - 10/03/2025, 3:44:17 PM     LOG [RouterExplorer] Mapped {/api/asset-categories, POST} route +0ms
[Nest] 475414  - 10/03/2025, 3:44:17 PM     LOG [RouterExplorer] Mapped {/api/asset-categories, GET} route +0ms
[Nest] 475414  - 10/03/2025, 3:44:17 PM     LOG [RouterExplorer] Mapped {/api/asset-categories/:id, GET} route +0ms
[Nest] 475414  - 10/03/2025, 3:44:17 PM     LOG [RouterExplorer] Mapped {/api/asset-categories/:id, PUT} route +0ms
[Nest] 475414  - 10/03/2025, 3:44:17 PM     LOG [RouterExplorer] Mapped {/api/asset-categories/:id, DELETE} route +1ms
[Nest] 475414  - 10/03/2025, 3:44:17 PM     LOG [RouterExplorer] Mapped {/api/asset-categories/:sourceId/merge/:targetId, POST} route +0ms
[Nest] 475414  - 10/03/2025, 3:44:17 PM     LOG [RoutesResolver] AssetTypesController {/api/asset-types}: +0ms
[Nest] 475414  - 10/03/2025, 3:44:17 PM     LOG [RouterExplorer] Mapped {/api/asset-types, POST} route +0ms
[Nest] 475414  - 10/03/2025, 3:44:17 PM     LOG [RouterExplorer] Mapped {/api/asset-types, GET} route +0ms
[Nest] 475414  - 10/03/2025, 3:44:17 PM     LOG [RouterExplorer] Mapped {/api/asset-types/by-category/:categoryId, GET} route +0ms
[Nest] 475414  - 10/03/2025, 3:44:17 PM     LOG [RouterExplorer] Mapped {/api/asset-types/:id, GET} route +0ms
[Nest] 475414  - 10/03/2025, 3:44:17 PM     LOG [RouterExplorer] Mapped {/api/asset-types/:id, PUT} route +1ms
[Nest] 475414  - 10/03/2025, 3:44:17 PM     LOG [RouterExplorer] Mapped {/api/asset-types/:id, DELETE} route +0ms
[Nest] 475414  - 10/03/2025, 3:44:17 PM     LOG [RouterExplorer] Mapped {/api/asset-types/:sourceId/merge/:targetId, POST} route +0ms
[Nest] 475414  - 10/03/2025, 3:44:17 PM     LOG [RoutesResolver] BrandsController {/api/brands}: +0ms
[Nest] 475414  - 10/03/2025, 3:44:17 PM     LOG [RouterExplorer] Mapped {/api/brands, POST} route +0ms
[Nest] 475414  - 10/03/2025, 3:44:17 PM     LOG [RouterExplorer] Mapped {/api/brands, GET} route +0ms
[Nest] 475414  - 10/03/2025, 3:44:17 PM     LOG [RouterExplorer] Mapped {/api/brands/:id, GET} route +0ms
[Nest] 475414  - 10/03/2025, 3:44:17 PM     LOG [RouterExplorer] Mapped {/api/brands/:id, PUT} route +1ms
[Nest] 475414  - 10/03/2025, 3:44:17 PM     LOG [RouterExplorer] Mapped {/api/brands/:id, DELETE} route +0ms
[Nest] 475414  - 10/03/2025, 3:44:17 PM     LOG [RouterExplorer] Mapped {/api/brands/:sourceId/merge/:targetId, POST} route +0ms
[Nest] 475414  - 10/03/2025, 3:44:17 PM     LOG [RoutesResolver] ModelsController {/api/models}: +0ms
[Nest] 475414  - 10/03/2025, 3:44:17 PM     LOG [RouterExplorer] Mapped {/api/models, POST} route +0ms
[Nest] 475414  - 10/03/2025, 3:44:17 PM     LOG [RouterExplorer] Mapped {/api/models, GET} route +1ms
[Nest] 475414  - 10/03/2025, 3:44:17 PM     LOG [RouterExplorer] Mapped {/api/models/by-brand/:brandId, GET} route +0ms
[Nest] 475414  - 10/03/2025, 3:44:17 PM     LOG [RouterExplorer] Mapped {/api/models/by-brand/:brandId/asset-type/:assetTypeId, GET} route +0ms
[Nest] 475414  - 10/03/2025, 3:44:17 PM     LOG [RouterExplorer] Mapped {/api/models/:id, GET} route +0ms
[Nest] 475414  - 10/03/2025, 3:44:17 PM     LOG [RouterExplorer] Mapped {/api/models/:id, PUT} route +0ms
[Nest] 475414  - 10/03/2025, 3:44:17 PM     LOG [RouterExplorer] Mapped {/api/models/:id, DELETE} route +0ms
[Nest] 475414  - 10/03/2025, 3:44:17 PM     LOG [RouterExplorer] Mapped {/api/models/:sourceId/merge/:targetId, POST} route +1ms
[Nest] 475414  - 10/03/2025, 3:44:17 PM     LOG [RoutesResolver] AssignmentsController {/api/assignments}: +0ms
[Nest] 475414  - 10/03/2025, 3:44:17 PM     LOG [RouterExplorer] Mapped {/api/assignments, POST} route +0ms
[Nest] 475414  - 10/03/2025, 3:44:17 PM     LOG [RouterExplorer] Mapped {/api/assignments/active, GET} route +0ms
[Nest] 475414  - 10/03/2025, 3:44:17 PM     LOG [RouterExplorer] Mapped {/api/assignments/active/collect, GET} route +1ms
[Nest] 475414  - 10/03/2025, 3:44:17 PM     LOG [RouterExplorer] Mapped {/api/assignments, GET} route +0ms
[Nest] 475414  - 10/03/2025, 3:44:17 PM     LOG [RouterExplorer] Mapped {/api/assignments/:id, GET} route +1ms
[Nest] 475414  - 10/03/2025, 3:44:17 PM     LOG [RouterExplorer] Mapped {/api/assignments/:id/return, PUT} route +0ms
[Nest] 475414  - 10/03/2025, 3:44:17 PM     LOG [RoutesResolver] ReportsController {/api/reports}: +1ms
[Nest] 475414  - 10/03/2025, 3:44:17 PM     LOG [RouterExplorer] Mapped {/api/reports/analytics, GET} route +0ms
[Nest] 475414  - 10/03/2025, 3:44:17 PM     LOG [RouterExplorer] Mapped {/api/reports/asset-inventory, GET} route +0ms
[Nest] 475414  - 10/03/2025, 3:44:17 PM     LOG [RouterExplorer] Mapped {/api/reports/employee-assets, GET} route +0ms
[Nest] 475414  - 10/03/2025, 3:44:17 PM     LOG [RouterExplorer] Mapped {/api/reports/maintenance, GET} route +1ms
[Nest] 475414  - 10/03/2025, 3:44:17 PM     LOG [RouterExplorer] Mapped {/api/reports/export/asset-inventory, POST} route +0ms
[Nest] 475414  - 10/03/2025, 3:44:17 PM     LOG [RouterExplorer] Mapped {/api/reports/export/employee-assets, POST} route +0ms
[Nest] 475414  - 10/03/2025, 3:44:17 PM     LOG [RouterExplorer] Mapped {/api/reports/export/maintenance, POST} route +0ms
[Nest] 475414  - 10/03/2025, 3:44:17 PM     LOG [RouterExplorer] Mapped {/api/reports/preview, GET} route +0ms
[Nest] 475414  - 10/03/2025, 3:44:17 PM     LOG [RoutesResolver] MaintenanceController {/api/maintenance}: +0ms
[Nest] 475414  - 10/03/2025, 3:44:17 PM     LOG [RouterExplorer] Mapped {/api/maintenance, POST} route +0ms
[Nest] 475414  - 10/03/2025, 3:44:17 PM     LOG [RouterExplorer] Mapped {/api/maintenance, GET} route +0ms
[Nest] 475414  - 10/03/2025, 3:44:17 PM     LOG [RouterExplorer] Mapped {/api/maintenance/check-asset-availability, GET} route +1ms
[Nest] 475414  - 10/03/2025, 3:44:17 PM     LOG [RouterExplorer] Mapped {/api/maintenance/export, GET} route +0ms
[Nest] 475414  - 10/03/2025, 3:44:17 PM     LOG [RouterExplorer] Mapped {/api/maintenance/asset/:assetId/history, GET} route +1ms
[Nest] 475414  - 10/03/2025, 3:44:17 PM     LOG [RouterExplorer] Mapped {/api/maintenance/asset/:assetId/history-events, GET} route +0ms
[Nest] 475414  - 10/03/2025, 3:44:17 PM     LOG [RouterExplorer] Mapped {/api/maintenance/:id, GET} route +0ms
[Nest] 475414  - 10/03/2025, 3:44:17 PM     LOG [RouterExplorer] Mapped {/api/maintenance/:id, PATCH} route +1ms
[Nest] 475414  - 10/03/2025, 3:44:17 PM     LOG [RouterExplorer] Mapped {/api/maintenance/:id/complete, PUT} route +0ms
[Nest] 475414  - 10/03/2025, 3:44:17 PM     LOG [RouterExplorer] Mapped {/api/maintenance/:id/cancel, PUT} route +1ms
[Nest] 475414  - 10/03/2025, 3:44:17 PM     LOG [RouterExplorer] Mapped {/api/maintenance/:id, DELETE} route +0ms
[Nest] 475414  - 10/03/2025, 3:44:17 PM     LOG [RoutesResolver] MaintenanceTypesController {/api/maintenance-types}: +1ms
[Nest] 475414  - 10/03/2025, 3:44:17 PM     LOG [RouterExplorer] Mapped {/api/maintenance-types, GET} route +1ms
[Nest] 475414  - 10/03/2025, 3:44:17 PM     LOG [RoutesResolver] AssetsController {/api/assets}: +1ms
[Nest] 475414  - 10/03/2025, 3:44:17 PM     LOG [RouterExplorer] Mapped {/api/assets/generate-id, GET} route +0ms
[Nest] 475414  - 10/03/2025, 3:44:17 PM     LOG [RouterExplorer] Mapped {/api/assets, POST} route +1ms
[Nest] 475414  - 10/03/2025, 3:44:17 PM     LOG [RouterExplorer] Mapped {/api/assets, GET} route +0ms
[Nest] 475414  - 10/03/2025, 3:44:17 PM     LOG [RouterExplorer] Mapped {/api/assets/stats, GET} route +3ms
[Nest] 475414  - 10/03/2025, 3:44:17 PM     LOG [RouterExplorer] Mapped {/api/assets/export, GET} route +1ms
[Nest] 475414  - 10/03/2025, 3:44:17 PM     LOG [RouterExplorer] Mapped {/api/assets/search, GET} route +0ms
[Nest] 475414  - 10/03/2025, 3:44:17 PM     LOG [RouterExplorer] Mapped {/api/assets/dropdowns, GET} route +1ms
[Nest] 475414  - 10/03/2025, 3:44:17 PM     LOG [RouterExplorer] Mapped {/api/assets/available, GET} route +0ms
[Nest] 475414  - 10/03/2025, 3:44:17 PM     LOG [RouterExplorer] Mapped {/api/assets/:id, GET} route +0ms
[Nest] 475414  - 10/03/2025, 3:44:17 PM     LOG [RouterExplorer] Mapped {/api/assets/:id, PUT} route +0ms
[Nest] 475414  - 10/03/2025, 3:44:17 PM     LOG [RouterExplorer] Mapped {/api/assets/:id, DELETE} route +1ms
[Nest] 475414  - 10/03/2025, 3:44:17 PM     LOG [RouterExplorer] Mapped {/api/assets/:id/retire, PUT} route +1ms
[Nest] 475414  - 10/03/2025, 3:44:17 PM     LOG [RouterExplorer] Mapped {/api/assets/:id/reactivate, PUT} route +1ms
[Nest] 475414  - 10/03/2025, 3:44:17 PM     LOG [RouterExplorer] Mapped {/api/assets/validate-bulk-upload, POST} route +1ms
[Nest] 475414  - 10/03/2025, 3:44:17 PM     LOG [RouterExplorer] Mapped {/api/assets/bulk-upload, POST} route +0ms
[Nest] 475414  - 10/03/2025, 3:44:17 PM     LOG [RoutesResolver] AssetHistoryController {/api/asset-history}: +1ms
[Nest] 475414  - 10/03/2025, 3:44:17 PM     LOG [RouterExplorer] Mapped {/api/asset-history/:id, GET} route +0ms
[Nest] 475414  - 10/03/2025, 3:44:17 PM     LOG [RouterExplorer] Mapped {/api/asset-history/:id/summary, GET} route +1ms
[Nest] 475414  - 10/03/2025, 3:44:17 PM     LOG [RoutesResolver] AdminController {/api/admin}: +0ms
[Nest] 475414  - 10/03/2025, 3:44:17 PM     LOG [RouterExplorer] Mapped {/api/admin/users, GET} route +0ms
[Nest] 475414  - 10/03/2025, 3:44:17 PM     LOG [RouterExplorer] Mapped {/api/admin/users, POST} route +2ms
[Nest] 475414  - 10/03/2025, 3:44:17 PM     LOG [RouterExplorer] Mapped {/api/admin/users/:id/status, PATCH} route +0ms
[Nest] 475414  - 10/03/2025, 3:44:17 PM     LOG [RouterExplorer] Mapped {/api/admin/users/:id, DELETE} route +1ms
[Nest] 475414  - 10/03/2025, 3:44:17 PM     LOG [NestApplication] Nest application successfully started +137ms
[Nest] 475414  - 10/03/2025, 3:44:17 PM   ERROR [NestApplication] Error: listen EADDRINUSE: address already in use :::3000 +1ms
node:net:1937
    const ex = new UVExceptionWithHostPort(err, 'listen', address, port);
               ^

Error: listen EADDRINUSE: address already in use :::3000
    at Server.setupListenHandle [as _listen2] (node:net:1937:16)
    at listenInCluster (node:net:1994:12)
    at Server.listen (node:net:2099:7)
    at ExpressAdapter.listen (/home/mindstix/Documents/Mindstix-Foundation/asset-mgt-be/node_modules/@nestjs/platform-express/adapters/express-adapter.js:127:32)
    at /home/mindstix/Documents/Mindstix-Foundation/asset-mgt-be/node_modules/@nestjs/core/nest-application.js:188:30
    at new Promise (<anonymous>)
    at NestApplication.listen (/home/mindstix/Documents/Mindstix-Foundation/asset-mgt-be/node_modules/@nestjs/core/nest-application.js:178:16)
    at async bootstrap (/home/mindstix/Documents/Mindstix-Foundation/asset-mgt-be/src/main.ts:82:3) {
  code: 'EADDRINUSE',
  errno: -98,
  syscall: 'listen',
  address: '::',
  port: 3000
}

Node.js v23.6.0
[2J[3J[H[[90m3:44:32 PM[0m] File change detected. Starting incremental compilation...

[[90m3:44:32 PM[0m] Found 0 errors. Watching for file changes.

[Nest] 475557  - 10/03/2025, 3:44:33 PM     LOG [NestFactory] Starting Nest application...
[Nest] 475557  - 10/03/2025, 3:44:33 PM     LOG [InstanceLoader] PrismaModule dependencies initialized +19ms
[Nest] 475557  - 10/03/2025, 3:44:33 PM     LOG [InstanceLoader] PassportModule dependencies initialized +0ms
[Nest] 475557  - 10/03/2025, 3:44:33 PM     LOG [InstanceLoader] ConfigHostModule dependencies initialized +2ms
[Nest] 475557  - 10/03/2025, 3:44:33 PM     LOG [InstanceLoader] ThrottlerModule dependencies initialized +0ms
[Nest] 475557  - 10/03/2025, 3:44:33 PM     LOG [InstanceLoader] JwtModule dependencies initialized +0ms
[Nest] 475557  - 10/03/2025, 3:44:33 PM     LOG [InstanceLoader] DiscoveryModule dependencies initialized +0ms
[Nest] 475557  - 10/03/2025, 3:44:33 PM     LOG [InstanceLoader] ConfigModule dependencies initialized +7ms
[Nest] 475557  - 10/03/2025, 3:44:33 PM     LOG [InstanceLoader] ConfigModule dependencies initialized +0ms
[Nest] 475557  - 10/03/2025, 3:44:33 PM     LOG [InstanceLoader] ScheduleModule dependencies initialized +1ms
[Nest] 475557  - 10/03/2025, 3:44:33 PM     LOG [InstanceLoader] AuthModule dependencies initialized +2ms
[Nest] 475557  - 10/03/2025, 3:44:33 PM     LOG [InstanceLoader] VendorsModule dependencies initialized +0ms
[Nest] 475557  - 10/03/2025, 3:44:33 PM     LOG [InstanceLoader] AssetCategoriesModule dependencies initialized +0ms
[Nest] 475557  - 10/03/2025, 3:44:33 PM     LOG [InstanceLoader] AssetTypesModule dependencies initialized +0ms
[Nest] 475557  - 10/03/2025, 3:44:33 PM     LOG [InstanceLoader] BrandsModule dependencies initialized +0ms
[Nest] 475557  - 10/03/2025, 3:44:33 PM     LOG [InstanceLoader] ModelsModule dependencies initialized +0ms
[Nest] 475557  - 10/03/2025, 3:44:33 PM     LOG [InstanceLoader] AssignmentsModule dependencies initialized +0ms
[Nest] 475557  - 10/03/2025, 3:44:33 PM     LOG [InstanceLoader] EmployeesModule dependencies initialized +2ms
[Nest] 475557  - 10/03/2025, 3:44:33 PM     LOG [InstanceLoader] MaintenanceModule dependencies initialized +0ms
[Nest] 475557  - 10/03/2025, 3:44:33 PM     LOG [InstanceLoader] AssetsModule dependencies initialized +0ms
[Nest] 475557  - 10/03/2025, 3:44:33 PM     LOG [InstanceLoader] AdminModule dependencies initialized +0ms
[Nest] 475557  - 10/03/2025, 3:44:33 PM     LOG [InstanceLoader] ReportsModule dependencies initialized +0ms
[Nest] 475557  - 10/03/2025, 3:44:33 PM     LOG [InstanceLoader] AssetHistoryModule dependencies initialized +1ms
[Nest] 475557  - 10/03/2025, 3:44:33 PM     LOG [InstanceLoader] AppModule dependencies initialized +0ms
[Nest] 475557  - 10/03/2025, 3:44:34 PM     LOG [RoutesResolver] AppController {/api}: +90ms
[Nest] 475557  - 10/03/2025, 3:44:34 PM     LOG [RouterExplorer] Mapped {/api, GET} route +4ms
[Nest] 475557  - 10/03/2025, 3:44:34 PM     LOG [RouterExplorer] Mapped {/api/dashboard/stats, GET} route +0ms
[Nest] 475557  - 10/03/2025, 3:44:34 PM     LOG [RoutesResolver] AuthController {/api/auth}: +0ms
[Nest] 475557  - 10/03/2025, 3:44:34 PM     LOG [RouterExplorer] Mapped {/api/auth/login, POST} route +1ms
[Nest] 475557  - 10/03/2025, 3:44:34 PM     LOG [RouterExplorer] Mapped {/api/auth/profile, GET} route +0ms
[Nest] 475557  - 10/03/2025, 3:44:34 PM     LOG [RouterExplorer] Mapped {/api/auth/refresh, POST} route +1ms
[Nest] 475557  - 10/03/2025, 3:44:34 PM     LOG [RouterExplorer] Mapped {/api/auth/logout, POST} route +0ms
[Nest] 475557  - 10/03/2025, 3:44:34 PM     LOG [RouterExplorer] Mapped {/api/auth/forgot-password, POST} route +0ms
[Nest] 475557  - 10/03/2025, 3:44:34 PM     LOG [RouterExplorer] Mapped {/api/auth/reset-password, POST} route +0ms
[Nest] 475557  - 10/03/2025, 3:44:34 PM     LOG [RouterExplorer] Mapped {/api/auth/change-password, POST} route +0ms
[Nest] 475557  - 10/03/2025, 3:44:34 PM     LOG [RoutesResolver] EmployeesController {/api/employees}: +1ms
[Nest] 475557  - 10/03/2025, 3:44:34 PM     LOG [RouterExplorer] Mapped {/api/employees, POST} route +0ms
[Nest] 475557  - 10/03/2025, 3:44:34 PM     LOG [RouterExplorer] Mapped {/api/employees/check-email, GET} route +0ms
[Nest] 475557  - 10/03/2025, 3:44:34 PM     LOG [RouterExplorer] Mapped {/api/employees, GET} route +0ms
[Nest] 475557  - 10/03/2025, 3:44:34 PM     LOG [RouterExplorer] Mapped {/api/employees/dropdowns, GET} route +1ms
[Nest] 475557  - 10/03/2025, 3:44:34 PM     LOG [RouterExplorer] Mapped {/api/employees/test-route, GET} route +0ms
[Nest] 475557  - 10/03/2025, 3:44:34 PM     LOG [RouterExplorer] Mapped {/api/employees/non-admin-dropdown, GET} route +0ms
[Nest] 475557  - 10/03/2025, 3:44:34 PM     LOG [RouterExplorer] Mapped {/api/employees/export, GET} route +0ms
[Nest] 475557  - 10/03/2025, 3:44:34 PM     LOG [RouterExplorer] Mapped {/api/employees/:id, GET} route +1ms
[Nest] 475557  - 10/03/2025, 3:44:34 PM     LOG [RouterExplorer] Mapped {/api/employees/:id/asset-history, GET} route +0ms
[Nest] 475557  - 10/03/2025, 3:44:34 PM     LOG [RouterExplorer] Mapped {/api/employees/:id/asset-events, GET} route +0ms
[Nest] 475557  - 10/03/2025, 3:44:34 PM     LOG [RouterExplorer] Mapped {/api/employees/:id, PUT} route +0ms
[Nest] 475557  - 10/03/2025, 3:44:34 PM     LOG [RouterExplorer] Mapped {/api/employees/bulk-upload/validate, POST} route +0ms
[Nest] 475557  - 10/03/2025, 3:44:34 PM     LOG [RouterExplorer] Mapped {/api/employees/bulk-upload, POST} route +1ms
[Nest] 475557  - 10/03/2025, 3:44:34 PM     LOG [RouterExplorer] Mapped {/api/employees/:id, DELETE} route +0ms
[Nest] 475557  - 10/03/2025, 3:44:34 PM     LOG [RoutesResolver] VendorsController {/api/vendors}: +0ms
[Nest] 475557  - 10/03/2025, 3:44:34 PM     LOG [RouterExplorer] Mapped {/api/vendors, POST} route +0ms
[Nest] 475557  - 10/03/2025, 3:44:34 PM     LOG [RouterExplorer] Mapped {/api/vendors, GET} route +0ms
[Nest] 475557  - 10/03/2025, 3:44:34 PM     LOG [RouterExplorer] Mapped {/api/vendors/search, GET} route +0ms
[Nest] 475557  - 10/03/2025, 3:44:34 PM     LOG [RouterExplorer] Mapped {/api/vendors/:id, GET} route +1ms
[Nest] 475557  - 10/03/2025, 3:44:34 PM     LOG [RouterExplorer] Mapped {/api/vendors/:id, PUT} route +0ms
[Nest] 475557  - 10/03/2025, 3:44:34 PM     LOG [RouterExplorer] Mapped {/api/vendors/:id, DELETE} route +0ms
[Nest] 475557  - 10/03/2025, 3:44:34 PM     LOG [RouterExplorer] Mapped {/api/vendors/:id/status, PATCH} route +0ms
[Nest] 475557  - 10/03/2025, 3:44:34 PM     LOG [RouterExplorer] Mapped {/api/vendors/check-name, POST} route +0ms
[Nest] 475557  - 10/03/2025, 3:44:34 PM     LOG [RouterExplorer] Mapped {/api/vendors/validate-bulk-upload, POST} route +0ms
[Nest] 475557  - 10/03/2025, 3:44:34 PM     LOG [RouterExplorer] Mapped {/api/vendors/bulk-upload, POST} route +0ms
[Nest] 475557  - 10/03/2025, 3:44:34 PM     LOG [RoutesResolver] AssetCategoriesController {/api/asset-categories}: +1ms
[Nest] 475557  - 10/03/2025, 3:44:34 PM     LOG [RouterExplorer] Mapped {/api/asset-categories, POST} route +0ms
[Nest] 475557  - 10/03/2025, 3:44:34 PM     LOG [RouterExplorer] Mapped {/api/asset-categories, GET} route +0ms
[Nest] 475557  - 10/03/2025, 3:44:34 PM     LOG [RouterExplorer] Mapped {/api/asset-categories/:id, GET} route +0ms
[Nest] 475557  - 10/03/2025, 3:44:34 PM     LOG [RouterExplorer] Mapped {/api/asset-categories/:id, PUT} route +0ms
[Nest] 475557  - 10/03/2025, 3:44:34 PM     LOG [RouterExplorer] Mapped {/api/asset-categories/:id, DELETE} route +0ms
[Nest] 475557  - 10/03/2025, 3:44:34 PM     LOG [RouterExplorer] Mapped {/api/asset-categories/:sourceId/merge/:targetId, POST} route +0ms
[Nest] 475557  - 10/03/2025, 3:44:34 PM     LOG [RoutesResolver] AssetTypesController {/api/asset-types}: +0ms
[Nest] 475557  - 10/03/2025, 3:44:34 PM     LOG [RouterExplorer] Mapped {/api/asset-types, POST} route +1ms
[Nest] 475557  - 10/03/2025, 3:44:34 PM     LOG [RouterExplorer] Mapped {/api/asset-types, GET} route +0ms
[Nest] 475557  - 10/03/2025, 3:44:34 PM     LOG [RouterExplorer] Mapped {/api/asset-types/by-category/:categoryId, GET} route +0ms
[Nest] 475557  - 10/03/2025, 3:44:34 PM     LOG [RouterExplorer] Mapped {/api/asset-types/:id, GET} route +0ms
[Nest] 475557  - 10/03/2025, 3:44:34 PM     LOG [RouterExplorer] Mapped {/api/asset-types/:id, PUT} route +0ms
[Nest] 475557  - 10/03/2025, 3:44:34 PM     LOG [RouterExplorer] Mapped {/api/asset-types/:id, DELETE} route +1ms
[Nest] 475557  - 10/03/2025, 3:44:34 PM     LOG [RouterExplorer] Mapped {/api/asset-types/:sourceId/merge/:targetId, POST} route +0ms
[Nest] 475557  - 10/03/2025, 3:44:34 PM     LOG [RoutesResolver] BrandsController {/api/brands}: +0ms
[Nest] 475557  - 10/03/2025, 3:44:34 PM     LOG [RouterExplorer] Mapped {/api/brands, POST} route +0ms
[Nest] 475557  - 10/03/2025, 3:44:34 PM     LOG [RouterExplorer] Mapped {/api/brands, GET} route +0ms
[Nest] 475557  - 10/03/2025, 3:44:34 PM     LOG [RouterExplorer] Mapped {/api/brands/:id, GET} route +1ms
[Nest] 475557  - 10/03/2025, 3:44:34 PM     LOG [RouterExplorer] Mapped {/api/brands/:id, PUT} route +0ms
[Nest] 475557  - 10/03/2025, 3:44:34 PM     LOG [RouterExplorer] Mapped {/api/brands/:id, DELETE} route +0ms
[Nest] 475557  - 10/03/2025, 3:44:34 PM     LOG [RouterExplorer] Mapped {/api/brands/:sourceId/merge/:targetId, POST} route +0ms
[Nest] 475557  - 10/03/2025, 3:44:34 PM     LOG [RoutesResolver] ModelsController {/api/models}: +0ms
[Nest] 475557  - 10/03/2025, 3:44:34 PM     LOG [RouterExplorer] Mapped {/api/models, POST} route +0ms
[Nest] 475557  - 10/03/2025, 3:44:34 PM     LOG [RouterExplorer] Mapped {/api/models, GET} route +1ms
[Nest] 475557  - 10/03/2025, 3:44:34 PM     LOG [RouterExplorer] Mapped {/api/models/by-brand/:brandId, GET} route +0ms
[Nest] 475557  - 10/03/2025, 3:44:34 PM     LOG [RouterExplorer] Mapped {/api/models/by-brand/:brandId/asset-type/:assetTypeId, GET} route +0ms
[Nest] 475557  - 10/03/2025, 3:44:34 PM     LOG [RouterExplorer] Mapped {/api/models/:id, GET} route +0ms
[Nest] 475557  - 10/03/2025, 3:44:34 PM     LOG [RouterExplorer] Mapped {/api/models/:id, PUT} route +0ms
[Nest] 475557  - 10/03/2025, 3:44:34 PM     LOG [RouterExplorer] Mapped {/api/models/:id, DELETE} route +1ms
[Nest] 475557  - 10/03/2025, 3:44:34 PM     LOG [RouterExplorer] Mapped {/api/models/:sourceId/merge/:targetId, POST} route +0ms
[Nest] 475557  - 10/03/2025, 3:44:34 PM     LOG [RoutesResolver] AssignmentsController {/api/assignments}: +0ms
[Nest] 475557  - 10/03/2025, 3:44:34 PM     LOG [RouterExplorer] Mapped {/api/assignments, POST} route +0ms
[Nest] 475557  - 10/03/2025, 3:44:34 PM     LOG [RouterExplorer] Mapped {/api/assignments/active, GET} route +0ms
[Nest] 475557  - 10/03/2025, 3:44:34 PM     LOG [RouterExplorer] Mapped {/api/assignments/active/collect, GET} route +1ms
[Nest] 475557  - 10/03/2025, 3:44:34 PM     LOG [RouterExplorer] Mapped {/api/assignments, GET} route +0ms
[Nest] 475557  - 10/03/2025, 3:44:34 PM     LOG [RouterExplorer] Mapped {/api/assignments/:id, GET} route +0ms
[Nest] 475557  - 10/03/2025, 3:44:34 PM     LOG [RouterExplorer] Mapped {/api/assignments/:id/return, PUT} route +0ms
[Nest] 475557  - 10/03/2025, 3:44:34 PM     LOG [RoutesResolver] ReportsController {/api/reports}: +0ms
[Nest] 475557  - 10/03/2025, 3:44:34 PM     LOG [RouterExplorer] Mapped {/api/reports/analytics, GET} route +1ms
[Nest] 475557  - 10/03/2025, 3:44:34 PM     LOG [RouterExplorer] Mapped {/api/reports/asset-inventory, GET} route +0ms
[Nest] 475557  - 10/03/2025, 3:44:34 PM     LOG [RouterExplorer] Mapped {/api/reports/employee-assets, GET} route +0ms
[Nest] 475557  - 10/03/2025, 3:44:34 PM     LOG [RouterExplorer] Mapped {/api/reports/maintenance, GET} route +0ms
[Nest] 475557  - 10/03/2025, 3:44:34 PM     LOG [RouterExplorer] Mapped {/api/reports/export/asset-inventory, POST} route +0ms
[Nest] 475557  - 10/03/2025, 3:44:34 PM     LOG [RouterExplorer] Mapped {/api/reports/export/employee-assets, POST} route +0ms
[Nest] 475557  - 10/03/2025, 3:44:34 PM     LOG [RouterExplorer] Mapped {/api/reports/export/maintenance, POST} route +0ms
[Nest] 475557  - 10/03/2025, 3:44:34 PM     LOG [RouterExplorer] Mapped {/api/reports/preview, GET} route +1ms
[Nest] 475557  - 10/03/2025, 3:44:34 PM     LOG [RoutesResolver] MaintenanceController {/api/maintenance}: +0ms
[Nest] 475557  - 10/03/2025, 3:44:34 PM     LOG [RouterExplorer] Mapped {/api/maintenance, POST} route +0ms
[Nest] 475557  - 10/03/2025, 3:44:34 PM     LOG [RouterExplorer] Mapped {/api/maintenance, GET} route +0ms
[Nest] 475557  - 10/03/2025, 3:44:34 PM     LOG [RouterExplorer] Mapped {/api/maintenance/check-asset-availability, GET} route +0ms
[Nest] 475557  - 10/03/2025, 3:44:34 PM     LOG [RouterExplorer] Mapped {/api/maintenance/export, GET} route +0ms
[Nest] 475557  - 10/03/2025, 3:44:34 PM     LOG [RouterExplorer] Mapped {/api/maintenance/asset/:assetId/history, GET} route +1ms
[Nest] 475557  - 10/03/2025, 3:44:34 PM     LOG [RouterExplorer] Mapped {/api/maintenance/asset/:assetId/history-events, GET} route +0ms
[Nest] 475557  - 10/03/2025, 3:44:34 PM     LOG [RouterExplorer] Mapped {/api/maintenance/:id, GET} route +0ms
[Nest] 475557  - 10/03/2025, 3:44:34 PM     LOG [RouterExplorer] Mapped {/api/maintenance/:id, PATCH} route +0ms
[Nest] 475557  - 10/03/2025, 3:44:34 PM     LOG [RouterExplorer] Mapped {/api/maintenance/:id/complete, PUT} route +0ms
[Nest] 475557  - 10/03/2025, 3:44:34 PM     LOG [RouterExplorer] Mapped {/api/maintenance/:id/cancel, PUT} route +1ms
[Nest] 475557  - 10/03/2025, 3:44:34 PM     LOG [RouterExplorer] Mapped {/api/maintenance/:id, DELETE} route +0ms
[Nest] 475557  - 10/03/2025, 3:44:34 PM     LOG [RoutesResolver] MaintenanceTypesController {/api/maintenance-types}: +0ms
[Nest] 475557  - 10/03/2025, 3:44:34 PM     LOG [RouterExplorer] Mapped {/api/maintenance-types, GET} route +0ms
[Nest] 475557  - 10/03/2025, 3:44:34 PM     LOG [RoutesResolver] AssetsController {/api/assets}: +0ms
[Nest] 475557  - 10/03/2025, 3:44:34 PM     LOG [RouterExplorer] Mapped {/api/assets/generate-id, GET} route +1ms
[Nest] 475557  - 10/03/2025, 3:44:34 PM     LOG [RouterExplorer] Mapped {/api/assets, POST} route +0ms
[Nest] 475557  - 10/03/2025, 3:44:34 PM     LOG [RouterExplorer] Mapped {/api/assets, GET} route +0ms
[Nest] 475557  - 10/03/2025, 3:44:34 PM     LOG [RouterExplorer] Mapped {/api/assets/stats, GET} route +0ms
[Nest] 475557  - 10/03/2025, 3:44:34 PM     LOG [RouterExplorer] Mapped {/api/assets/export, GET} route +0ms
[Nest] 475557  - 10/03/2025, 3:44:34 PM     LOG [RouterExplorer] Mapped {/api/assets/search, GET} route +0ms
[Nest] 475557  - 10/03/2025, 3:44:34 PM     LOG [RouterExplorer] Mapped {/api/assets/dropdowns, GET} route +0ms
[Nest] 475557  - 10/03/2025, 3:44:34 PM     LOG [RouterExplorer] Mapped {/api/assets/available, GET} route +1ms
[Nest] 475557  - 10/03/2025, 3:44:34 PM     LOG [RouterExplorer] Mapped {/api/assets/:id, GET} route +0ms
[Nest] 475557  - 10/03/2025, 3:44:34 PM     LOG [RouterExplorer] Mapped {/api/assets/:id, PUT} route +0ms
[Nest] 475557  - 10/03/2025, 3:44:34 PM     LOG [RouterExplorer] Mapped {/api/assets/:id, DELETE} route +0ms
[Nest] 475557  - 10/03/2025, 3:44:34 PM     LOG [RouterExplorer] Mapped {/api/assets/:id/retire, PUT} route +0ms
[Nest] 475557  - 10/03/2025, 3:44:34 PM     LOG [RouterExplorer] Mapped {/api/assets/:id/reactivate, PUT} route +0ms
[Nest] 475557  - 10/03/2025, 3:44:34 PM     LOG [RouterExplorer] Mapped {/api/assets/validate-bulk-upload, POST} route +1ms
[Nest] 475557  - 10/03/2025, 3:44:34 PM     LOG [RouterExplorer] Mapped {/api/assets/bulk-upload, POST} route +0ms
[Nest] 475557  - 10/03/2025, 3:44:34 PM     LOG [RoutesResolver] AssetHistoryController {/api/asset-history}: +0ms
[Nest] 475557  - 10/03/2025, 3:44:34 PM     LOG [RouterExplorer] Mapped {/api/asset-history/:id, GET} route +0ms
[Nest] 475557  - 10/03/2025, 3:44:34 PM     LOG [RouterExplorer] Mapped {/api/asset-history/:id/summary, GET} route +0ms
[Nest] 475557  - 10/03/2025, 3:44:34 PM     LOG [RoutesResolver] AdminController {/api/admin}: +0ms
[Nest] 475557  - 10/03/2025, 3:44:34 PM     LOG [RouterExplorer] Mapped {/api/admin/users, GET} route +0ms
[Nest] 475557  - 10/03/2025, 3:44:34 PM     LOG [RouterExplorer] Mapped {/api/admin/users, POST} route +0ms
[Nest] 475557  - 10/03/2025, 3:44:34 PM     LOG [RouterExplorer] Mapped {/api/admin/users/:id/status, PATCH} route +0ms
[Nest] 475557  - 10/03/2025, 3:44:34 PM     LOG [RouterExplorer] Mapped {/api/admin/users/:id, DELETE} route +1ms
[Nest] 475557  - 10/03/2025, 3:44:34 PM     LOG [NestApplication] Nest application successfully started +178ms
Application is running on: http://localhost:3000/api
Swagger documentation available at: http://localhost:3000/api/docs
[2J[3J[H[[90m3:44:59 PM[0m] File change detected. Starting incremental compilation...

[[90m3:45:00 PM[0m] Found 0 errors. Watching for file changes.

[Nest] 475788  - 10/03/2025, 3:45:01 PM     LOG [NestFactory] Starting Nest application...
[Nest] 475788  - 10/03/2025, 3:45:01 PM     LOG [InstanceLoader] PrismaModule dependencies initialized +20ms
[Nest] 475788  - 10/03/2025, 3:45:01 PM     LOG [InstanceLoader] PassportModule dependencies initialized +0ms
[Nest] 475788  - 10/03/2025, 3:45:01 PM     LOG [InstanceLoader] ConfigHostModule dependencies initialized +1ms
[Nest] 475788  - 10/03/2025, 3:45:01 PM     LOG [InstanceLoader] ThrottlerModule dependencies initialized +0ms
[Nest] 475788  - 10/03/2025, 3:45:01 PM     LOG [InstanceLoader] JwtModule dependencies initialized +0ms
[Nest] 475788  - 10/03/2025, 3:45:01 PM     LOG [InstanceLoader] DiscoveryModule dependencies initialized +0ms
[Nest] 475788  - 10/03/2025, 3:45:01 PM     LOG [InstanceLoader] ConfigModule dependencies initialized +5ms
[Nest] 475788  - 10/03/2025, 3:45:01 PM     LOG [InstanceLoader] ConfigModule dependencies initialized +0ms
[Nest] 475788  - 10/03/2025, 3:45:01 PM     LOG [InstanceLoader] ScheduleModule dependencies initialized +1ms
[Nest] 475788  - 10/03/2025, 3:45:01 PM     LOG [InstanceLoader] AuthModule dependencies initialized +2ms
[Nest] 475788  - 10/03/2025, 3:45:01 PM     LOG [InstanceLoader] VendorsModule dependencies initialized +0ms
[Nest] 475788  - 10/03/2025, 3:45:01 PM     LOG [InstanceLoader] AssetCategoriesModule dependencies initialized +1ms
[Nest] 475788  - 10/03/2025, 3:45:01 PM     LOG [InstanceLoader] AssetTypesModule dependencies initialized +0ms
[Nest] 475788  - 10/03/2025, 3:45:01 PM     LOG [InstanceLoader] BrandsModule dependencies initialized +0ms
[Nest] 475788  - 10/03/2025, 3:45:01 PM     LOG [InstanceLoader] ModelsModule dependencies initialized +0ms
[Nest] 475788  - 10/03/2025, 3:45:01 PM     LOG [InstanceLoader] AssignmentsModule dependencies initialized +0ms
[Nest] 475788  - 10/03/2025, 3:45:01 PM     LOG [InstanceLoader] EmployeesModule dependencies initialized +0ms
[Nest] 475788  - 10/03/2025, 3:45:01 PM     LOG [InstanceLoader] MaintenanceModule dependencies initialized +0ms
[Nest] 475788  - 10/03/2025, 3:45:01 PM     LOG [InstanceLoader] AssetsModule dependencies initialized +0ms
[Nest] 475788  - 10/03/2025, 3:45:01 PM     LOG [InstanceLoader] AdminModule dependencies initialized +0ms
[Nest] 475788  - 10/03/2025, 3:45:01 PM     LOG [InstanceLoader] ReportsModule dependencies initialized +0ms
[Nest] 475788  - 10/03/2025, 3:45:01 PM     LOG [InstanceLoader] AssetHistoryModule dependencies initialized +1ms
[Nest] 475788  - 10/03/2025, 3:45:01 PM     LOG [InstanceLoader] AppModule dependencies initialized +0ms
[Nest] 475788  - 10/03/2025, 3:45:01 PM     LOG [RoutesResolver] AppController {/api}: +86ms
[Nest] 475788  - 10/03/2025, 3:45:01 PM     LOG [RouterExplorer] Mapped {/api, GET} route +2ms
[Nest] 475788  - 10/03/2025, 3:45:01 PM     LOG [RouterExplorer] Mapped {/api/dashboard/stats, GET} route +0ms
[Nest] 475788  - 10/03/2025, 3:45:01 PM     LOG [RoutesResolver] AuthController {/api/auth}: +1ms
[Nest] 475788  - 10/03/2025, 3:45:01 PM     LOG [RouterExplorer] Mapped {/api/auth/login, POST} route +0ms
[Nest] 475788  - 10/03/2025, 3:45:01 PM     LOG [RouterExplorer] Mapped {/api/auth/profile, GET} route +0ms
[Nest] 475788  - 10/03/2025, 3:45:01 PM     LOG [RouterExplorer] Mapped {/api/auth/refresh, POST} route +0ms
[Nest] 475788  - 10/03/2025, 3:45:01 PM     LOG [RouterExplorer] Mapped {/api/auth/logout, POST} route +1ms
[Nest] 475788  - 10/03/2025, 3:45:01 PM     LOG [RouterExplorer] Mapped {/api/auth/forgot-password, POST} route +0ms
[Nest] 475788  - 10/03/2025, 3:45:01 PM     LOG [RouterExplorer] Mapped {/api/auth/reset-password, POST} route +0ms
[Nest] 475788  - 10/03/2025, 3:45:01 PM     LOG [RouterExplorer] Mapped {/api/auth/change-password, POST} route +0ms
[Nest] 475788  - 10/03/2025, 3:45:01 PM     LOG [RoutesResolver] EmployeesController {/api/employees}: +1ms
[Nest] 475788  - 10/03/2025, 3:45:01 PM     LOG [RouterExplorer] Mapped {/api/employees, POST} route +0ms
[Nest] 475788  - 10/03/2025, 3:45:01 PM     LOG [RouterExplorer] Mapped {/api/employees/check-email, GET} route +0ms
[Nest] 475788  - 10/03/2025, 3:45:01 PM     LOG [RouterExplorer] Mapped {/api/employees, GET} route +0ms
[Nest] 475788  - 10/03/2025, 3:45:01 PM     LOG [RouterExplorer] Mapped {/api/employees/dropdowns, GET} route +0ms
[Nest] 475788  - 10/03/2025, 3:45:01 PM     LOG [RouterExplorer] Mapped {/api/employees/test-route, GET} route +0ms
[Nest] 475788  - 10/03/2025, 3:45:01 PM     LOG [RouterExplorer] Mapped {/api/employees/non-admin-dropdown, GET} route +0ms
[Nest] 475788  - 10/03/2025, 3:45:01 PM     LOG [RouterExplorer] Mapped {/api/employees/export, GET} route +1ms
[Nest] 475788  - 10/03/2025, 3:45:01 PM     LOG [RouterExplorer] Mapped {/api/employees/:id, GET} route +0ms
[Nest] 475788  - 10/03/2025, 3:45:01 PM     LOG [RouterExplorer] Mapped {/api/employees/:id/asset-history, GET} route +0ms
[Nest] 475788  - 10/03/2025, 3:45:01 PM     LOG [RouterExplorer] Mapped {/api/employees/:id/asset-events, GET} route +0ms
[Nest] 475788  - 10/03/2025, 3:45:01 PM     LOG [RouterExplorer] Mapped {/api/employees/:id, PUT} route +0ms
[Nest] 475788  - 10/03/2025, 3:45:01 PM     LOG [RouterExplorer] Mapped {/api/employees/bulk-upload/validate, POST} route +0ms
[Nest] 475788  - 10/03/2025, 3:45:01 PM     LOG [RouterExplorer] Mapped {/api/employees/bulk-upload, POST} route +1ms
[Nest] 475788  - 10/03/2025, 3:45:01 PM     LOG [RouterExplorer] Mapped {/api/employees/:id, DELETE} route +0ms
[Nest] 475788  - 10/03/2025, 3:45:01 PM     LOG [RoutesResolver] VendorsController {/api/vendors}: +0ms
[Nest] 475788  - 10/03/2025, 3:45:01 PM     LOG [RouterExplorer] Mapped {/api/vendors, POST} route +0ms
[Nest] 475788  - 10/03/2025, 3:45:01 PM     LOG [RouterExplorer] Mapped {/api/vendors, GET} route +0ms
[Nest] 475788  - 10/03/2025, 3:45:01 PM     LOG [RouterExplorer] Mapped {/api/vendors/search, GET} route +0ms
[Nest] 475788  - 10/03/2025, 3:45:01 PM     LOG [RouterExplorer] Mapped {/api/vendors/:id, GET} route +0ms
[Nest] 475788  - 10/03/2025, 3:45:01 PM     LOG [RouterExplorer] Mapped {/api/vendors/:id, PUT} route +0ms
[Nest] 475788  - 10/03/2025, 3:45:01 PM     LOG [RouterExplorer] Mapped {/api/vendors/:id, DELETE} route +1ms
[Nest] 475788  - 10/03/2025, 3:45:01 PM     LOG [RouterExplorer] Mapped {/api/vendors/:id/status, PATCH} route +0ms
[Nest] 475788  - 10/03/2025, 3:45:01 PM     LOG [RouterExplorer] Mapped {/api/vendors/check-name, POST} route +0ms
[Nest] 475788  - 10/03/2025, 3:45:01 PM     LOG [RouterExplorer] Mapped {/api/vendors/validate-bulk-upload, POST} route +0ms
[Nest] 475788  - 10/03/2025, 3:45:01 PM     LOG [RouterExplorer] Mapped {/api/vendors/bulk-upload, POST} route +0ms
[Nest] 475788  - 10/03/2025, 3:45:01 PM     LOG [RoutesResolver] AssetCategoriesController {/api/asset-categories}: +0ms
[Nest] 475788  - 10/03/2025, 3:45:01 PM     LOG [RouterExplorer] Mapped {/api/asset-categories, POST} route +0ms
[Nest] 475788  - 10/03/2025, 3:45:01 PM     LOG [RouterExplorer] Mapped {/api/asset-categories, GET} route +0ms
[Nest] 475788  - 10/03/2025, 3:45:01 PM     LOG [RouterExplorer] Mapped {/api/asset-categories/:id, GET} route +0ms
[Nest] 475788  - 10/03/2025, 3:45:01 PM     LOG [RouterExplorer] Mapped {/api/asset-categories/:id, PUT} route +1ms
[Nest] 475788  - 10/03/2025, 3:45:01 PM     LOG [RouterExplorer] Mapped {/api/asset-categories/:id, DELETE} route +0ms
[Nest] 475788  - 10/03/2025, 3:45:01 PM     LOG [RouterExplorer] Mapped {/api/asset-categories/:sourceId/merge/:targetId, POST} route +0ms
[Nest] 475788  - 10/03/2025, 3:45:01 PM     LOG [RoutesResolver] AssetTypesController {/api/asset-types}: +0ms
[Nest] 475788  - 10/03/2025, 3:45:01 PM     LOG [RouterExplorer] Mapped {/api/asset-types, POST} route +0ms
[Nest] 475788  - 10/03/2025, 3:45:01 PM     LOG [RouterExplorer] Mapped {/api/asset-types, GET} route +0ms
[Nest] 475788  - 10/03/2025, 3:45:01 PM     LOG [RouterExplorer] Mapped {/api/asset-types/by-category/:categoryId, GET} route +0ms
[Nest] 475788  - 10/03/2025, 3:45:01 PM     LOG [RouterExplorer] Mapped {/api/asset-types/:id, GET} route +0ms
[Nest] 475788  - 10/03/2025, 3:45:01 PM     LOG [RouterExplorer] Mapped {/api/asset-types/:id, PUT} route +0ms
[Nest] 475788  - 10/03/2025, 3:45:01 PM     LOG [RouterExplorer] Mapped {/api/asset-types/:id, DELETE} route +0ms
[Nest] 475788  - 10/03/2025, 3:45:01 PM     LOG [RouterExplorer] Mapped {/api/asset-types/:sourceId/merge/:targetId, POST} route +1ms
[Nest] 475788  - 10/03/2025, 3:45:01 PM     LOG [RoutesResolver] BrandsController {/api/brands}: +0ms
[Nest] 475788  - 10/03/2025, 3:45:01 PM     LOG [RouterExplorer] Mapped {/api/brands, POST} route +0ms
[Nest] 475788  - 10/03/2025, 3:45:01 PM     LOG [RouterExplorer] Mapped {/api/brands, GET} route +0ms
[Nest] 475788  - 10/03/2025, 3:45:01 PM     LOG [RouterExplorer] Mapped {/api/brands/:id, GET} route +0ms
[Nest] 475788  - 10/03/2025, 3:45:01 PM     LOG [RouterExplorer] Mapped {/api/brands/:id, PUT} route +0ms
[Nest] 475788  - 10/03/2025, 3:45:01 PM     LOG [RouterExplorer] Mapped {/api/brands/:id, DELETE} route +0ms
[Nest] 475788  - 10/03/2025, 3:45:01 PM     LOG [RouterExplorer] Mapped {/api/brands/:sourceId/merge/:targetId, POST} route +0ms
[Nest] 475788  - 10/03/2025, 3:45:01 PM     LOG [RoutesResolver] ModelsController {/api/models}: +0ms
[Nest] 475788  - 10/03/2025, 3:45:01 PM     LOG [RouterExplorer] Mapped {/api/models, POST} route +1ms
[Nest] 475788  - 10/03/2025, 3:45:01 PM     LOG [RouterExplorer] Mapped {/api/models, GET} route +0ms
[Nest] 475788  - 10/03/2025, 3:45:01 PM     LOG [RouterExplorer] Mapped {/api/models/by-brand/:brandId, GET} route +0ms
[Nest] 475788  - 10/03/2025, 3:45:01 PM     LOG [RouterExplorer] Mapped {/api/models/by-brand/:brandId/asset-type/:assetTypeId, GET} route +0ms
[Nest] 475788  - 10/03/2025, 3:45:01 PM     LOG [RouterExplorer] Mapped {/api/models/:id, GET} route +0ms
[Nest] 475788  - 10/03/2025, 3:45:01 PM     LOG [RouterExplorer] Mapped {/api/models/:id, PUT} route +0ms
[Nest] 475788  - 10/03/2025, 3:45:01 PM     LOG [RouterExplorer] Mapped {/api/models/:id, DELETE} route +0ms
[Nest] 475788  - 10/03/2025, 3:45:01 PM     LOG [RouterExplorer] Mapped {/api/models/:sourceId/merge/:targetId, POST} route +1ms
[Nest] 475788  - 10/03/2025, 3:45:01 PM     LOG [RoutesResolver] AssignmentsController {/api/assignments}: +0ms
[Nest] 475788  - 10/03/2025, 3:45:01 PM     LOG [RouterExplorer] Mapped {/api/assignments, POST} route +0ms
[Nest] 475788  - 10/03/2025, 3:45:01 PM     LOG [RouterExplorer] Mapped {/api/assignments/active, GET} route +0ms
[Nest] 475788  - 10/03/2025, 3:45:01 PM     LOG [RouterExplorer] Mapped {/api/assignments/active/collect, GET} route +0ms
[Nest] 475788  - 10/03/2025, 3:45:01 PM     LOG [RouterExplorer] Mapped {/api/assignments, GET} route +0ms
[Nest] 475788  - 10/03/2025, 3:45:01 PM     LOG [RouterExplorer] Mapped {/api/assignments/:id, GET} route +0ms
[Nest] 475788  - 10/03/2025, 3:45:01 PM     LOG [RouterExplorer] Mapped {/api/assignments/:id/return, PUT} route +0ms
[Nest] 475788  - 10/03/2025, 3:45:01 PM     LOG [RoutesResolver] ReportsController {/api/reports}: +1ms
[Nest] 475788  - 10/03/2025, 3:45:01 PM     LOG [RouterExplorer] Mapped {/api/reports/analytics, GET} route +0ms
[Nest] 475788  - 10/03/2025, 3:45:01 PM     LOG [RouterExplorer] Mapped {/api/reports/asset-inventory, GET} route +0ms
[Nest] 475788  - 10/03/2025, 3:45:01 PM     LOG [RouterExplorer] Mapped {/api/reports/employee-assets, GET} route +0ms
[Nest] 475788  - 10/03/2025, 3:45:01 PM     LOG [RouterExplorer] Mapped {/api/reports/maintenance, GET} route +0ms
[Nest] 475788  - 10/03/2025, 3:45:01 PM     LOG [RouterExplorer] Mapped {/api/reports/export/asset-inventory, POST} route +0ms
[Nest] 475788  - 10/03/2025, 3:45:01 PM     LOG [RouterExplorer] Mapped {/api/reports/export/employee-assets, POST} route +0ms
[Nest] 475788  - 10/03/2025, 3:45:01 PM     LOG [RouterExplorer] Mapped {/api/reports/export/maintenance, POST} route +0ms
[Nest] 475788  - 10/03/2025, 3:45:01 PM     LOG [RouterExplorer] Mapped {/api/reports/preview, GET} route +0ms
[Nest] 475788  - 10/03/2025, 3:45:01 PM     LOG [RoutesResolver] MaintenanceController {/api/maintenance}: +0ms
[Nest] 475788  - 10/03/2025, 3:45:01 PM     LOG [RouterExplorer] Mapped {/api/maintenance, POST} route +1ms
[Nest] 475788  - 10/03/2025, 3:45:01 PM     LOG [RouterExplorer] Mapped {/api/maintenance, GET} route +0ms
[Nest] 475788  - 10/03/2025, 3:45:01 PM     LOG [RouterExplorer] Mapped {/api/maintenance/check-asset-availability, GET} route +0ms
[Nest] 475788  - 10/03/2025, 3:45:01 PM     LOG [RouterExplorer] Mapped {/api/maintenance/export, GET} route +0ms
[Nest] 475788  - 10/03/2025, 3:45:01 PM     LOG [RouterExplorer] Mapped {/api/maintenance/asset/:assetId/history, GET} route +0ms
[Nest] 475788  - 10/03/2025, 3:45:01 PM     LOG [RouterExplorer] Mapped {/api/maintenance/asset/:assetId/history-events, GET} route +0ms
[Nest] 475788  - 10/03/2025, 3:45:01 PM     LOG [RouterExplorer] Mapped {/api/maintenance/:id, GET} route +0ms
[Nest] 475788  - 10/03/2025, 3:45:01 PM     LOG [RouterExplorer] Mapped {/api/maintenance/:id, PATCH} route +1ms
[Nest] 475788  - 10/03/2025, 3:45:01 PM     LOG [RouterExplorer] Mapped {/api/maintenance/:id/complete, PUT} route +0ms
[Nest] 475788  - 10/03/2025, 3:45:01 PM     LOG [RouterExplorer] Mapped {/api/maintenance/:id/cancel, PUT} route +0ms
[Nest] 475788  - 10/03/2025, 3:45:01 PM     LOG [RouterExplorer] Mapped {/api/maintenance/:id, DELETE} route +0ms
[Nest] 475788  - 10/03/2025, 3:45:01 PM     LOG [RoutesResolver] MaintenanceTypesController {/api/maintenance-types}: +0ms
[Nest] 475788  - 10/03/2025, 3:45:01 PM     LOG [RouterExplorer] Mapped {/api/maintenance-types, GET} route +0ms
[Nest] 475788  - 10/03/2025, 3:45:01 PM     LOG [RoutesResolver] AssetsController {/api/assets}: +0ms
[Nest] 475788  - 10/03/2025, 3:45:01 PM     LOG [RouterExplorer] Mapped {/api/assets/generate-id, GET} route +0ms
[Nest] 475788  - 10/03/2025, 3:45:01 PM     LOG [RouterExplorer] Mapped {/api/assets, POST} route +1ms
[Nest] 475788  - 10/03/2025, 3:45:01 PM     LOG [RouterExplorer] Mapped {/api/assets, GET} route +0ms
[Nest] 475788  - 10/03/2025, 3:45:01 PM     LOG [RouterExplorer] Mapped {/api/assets/stats, GET} route +0ms
[Nest] 475788  - 10/03/2025, 3:45:01 PM     LOG [RouterExplorer] Mapped {/api/assets/export, GET} route +0ms
[Nest] 475788  - 10/03/2025, 3:45:01 PM     LOG [RouterExplorer] Mapped {/api/assets/search, GET} route +0ms
[Nest] 475788  - 10/03/2025, 3:45:01 PM     LOG [RouterExplorer] Mapped {/api/assets/dropdowns, GET} route +0ms
[Nest] 475788  - 10/03/2025, 3:45:01 PM     LOG [RouterExplorer] Mapped {/api/assets/available, GET} route +1ms
[Nest] 475788  - 10/03/2025, 3:45:01 PM     LOG [RouterExplorer] Mapped {/api/assets/:id, GET} route +0ms
[Nest] 475788  - 10/03/2025, 3:45:01 PM     LOG [RouterExplorer] Mapped {/api/assets/:id, PUT} route +0ms
[Nest] 475788  - 10/03/2025, 3:45:01 PM     LOG [RouterExplorer] Mapped {/api/assets/:id, DELETE} route +0ms
[Nest] 475788  - 10/03/2025, 3:45:01 PM     LOG [RouterExplorer] Mapped {/api/assets/:id/retire, PUT} route +0ms
[Nest] 475788  - 10/03/2025, 3:45:01 PM     LOG [RouterExplorer] Mapped {/api/assets/:id/reactivate, PUT} route +0ms
[Nest] 475788  - 10/03/2025, 3:45:01 PM     LOG [RouterExplorer] Mapped {/api/assets/validate-bulk-upload, POST} route +1ms
[Nest] 475788  - 10/03/2025, 3:45:01 PM     LOG [RouterExplorer] Mapped {/api/assets/bulk-upload, POST} route +0ms
[Nest] 475788  - 10/03/2025, 3:45:01 PM     LOG [RoutesResolver] AssetHistoryController {/api/asset-history}: +0ms
[Nest] 475788  - 10/03/2025, 3:45:01 PM     LOG [RouterExplorer] Mapped {/api/asset-history/:id, GET} route +0ms
[Nest] 475788  - 10/03/2025, 3:45:01 PM     LOG [RouterExplorer] Mapped {/api/asset-history/:id/summary, GET} route +0ms
[Nest] 475788  - 10/03/2025, 3:45:01 PM     LOG [RoutesResolver] AdminController {/api/admin}: +0ms
[Nest] 475788  - 10/03/2025, 3:45:01 PM     LOG [RouterExplorer] Mapped {/api/admin/users, GET} route +0ms
[Nest] 475788  - 10/03/2025, 3:45:01 PM     LOG [RouterExplorer] Mapped {/api/admin/users, POST} route +0ms
[Nest] 475788  - 10/03/2025, 3:45:01 PM     LOG [RouterExplorer] Mapped {/api/admin/users/:id/status, PATCH} route +1ms
[Nest] 475788  - 10/03/2025, 3:45:01 PM     LOG [RouterExplorer] Mapped {/api/admin/users/:id, DELETE} route +0ms
[Nest] 475788  - 10/03/2025, 3:45:01 PM     LOG [NestApplication] Nest application successfully started +198ms
[Nest] 475788  - 10/03/2025, 3:45:01 PM   ERROR [NestApplication] Error: listen EADDRINUSE: address already in use :::3000 +2ms
node:net:1937
    const ex = new UVExceptionWithHostPort(err, 'listen', address, port);
               ^

Error: listen EADDRINUSE: address already in use :::3000
    at Server.setupListenHandle [as _listen2] (node:net:1937:16)
    at listenInCluster (node:net:1994:12)
    at Server.listen (node:net:2099:7)
    at ExpressAdapter.listen (/home/mindstix/Documents/Mindstix-Foundation/asset-mgt-be/node_modules/@nestjs/platform-express/adapters/express-adapter.js:127:32)
    at /home/mindstix/Documents/Mindstix-Foundation/asset-mgt-be/node_modules/@nestjs/core/nest-application.js:188:30
    at new Promise (<anonymous>)
    at NestApplication.listen (/home/mindstix/Documents/Mindstix-Foundation/asset-mgt-be/node_modules/@nestjs/core/nest-application.js:178:16)
    at async bootstrap (/home/mindstix/Documents/Mindstix-Foundation/asset-mgt-be/src/main.ts:82:3) {
  code: 'EADDRINUSE',
  errno: -98,
  syscall: 'listen',
  address: '::',
  port: 3000
}

Node.js v23.6.0
[2J[3J[H[[90m3:45:08 PM[0m] File change detected. Starting incremental compilation...

[[90m3:45:09 PM[0m] Found 0 errors. Watching for file changes.

[Nest] 475889  - 10/03/2025, 3:45:09 PM     LOG [NestFactory] Starting Nest application...
[Nest] 475889  - 10/03/2025, 3:45:09 PM     LOG [InstanceLoader] PrismaModule dependencies initialized +20ms
[Nest] 475889  - 10/03/2025, 3:45:09 PM     LOG [InstanceLoader] PassportModule dependencies initialized +0ms
[Nest] 475889  - 10/03/2025, 3:45:09 PM     LOG [InstanceLoader] ConfigHostModule dependencies initialized +0ms
[Nest] 475889  - 10/03/2025, 3:45:09 PM     LOG [InstanceLoader] ThrottlerModule dependencies initialized +1ms
[Nest] 475889  - 10/03/2025, 3:45:09 PM     LOG [InstanceLoader] JwtModule dependencies initialized +0ms
[Nest] 475889  - 10/03/2025, 3:45:09 PM     LOG [InstanceLoader] DiscoveryModule dependencies initialized +0ms
[Nest] 475889  - 10/03/2025, 3:45:09 PM     LOG [InstanceLoader] ConfigModule dependencies initialized +1ms
[Nest] 475889  - 10/03/2025, 3:45:09 PM     LOG [InstanceLoader] ConfigModule dependencies initialized +1ms
[Nest] 475889  - 10/03/2025, 3:45:09 PM     LOG [InstanceLoader] ScheduleModule dependencies initialized +0ms
[Nest] 475889  - 10/03/2025, 3:45:09 PM     LOG [InstanceLoader] AuthModule dependencies initialized +1ms
[Nest] 475889  - 10/03/2025, 3:45:09 PM     LOG [InstanceLoader] VendorsModule dependencies initialized +0ms
[Nest] 475889  - 10/03/2025, 3:45:09 PM     LOG [InstanceLoader] AssetCategoriesModule dependencies initialized +0ms
[Nest] 475889  - 10/03/2025, 3:45:09 PM     LOG [InstanceLoader] AssetTypesModule dependencies initialized +0ms
[Nest] 475889  - 10/03/2025, 3:45:09 PM     LOG [InstanceLoader] BrandsModule dependencies initialized +0ms
[Nest] 475889  - 10/03/2025, 3:45:09 PM     LOG [InstanceLoader] ModelsModule dependencies initialized +0ms
[Nest] 475889  - 10/03/2025, 3:45:09 PM     LOG [InstanceLoader] AssignmentsModule dependencies initialized +0ms
[Nest] 475889  - 10/03/2025, 3:45:09 PM     LOG [InstanceLoader] EmployeesModule dependencies initialized +1ms
[Nest] 475889  - 10/03/2025, 3:45:09 PM     LOG [InstanceLoader] MaintenanceModule dependencies initialized +0ms
[Nest] 475889  - 10/03/2025, 3:45:09 PM     LOG [InstanceLoader] AssetsModule dependencies initialized +0ms
[Nest] 475889  - 10/03/2025, 3:45:09 PM     LOG [InstanceLoader] AdminModule dependencies initialized +0ms
[Nest] 475889  - 10/03/2025, 3:45:09 PM     LOG [InstanceLoader] ReportsModule dependencies initialized +0ms
[Nest] 475889  - 10/03/2025, 3:45:09 PM     LOG [InstanceLoader] AssetHistoryModule dependencies initialized +0ms
[Nest] 475889  - 10/03/2025, 3:45:09 PM     LOG [InstanceLoader] AppModule dependencies initialized +0ms
[Nest] 475889  - 10/03/2025, 3:45:10 PM     LOG [RoutesResolver] AppController {/api}: +78ms
[Nest] 475889  - 10/03/2025, 3:45:10 PM     LOG [RouterExplorer] Mapped {/api, GET} route +2ms
[Nest] 475889  - 10/03/2025, 3:45:10 PM     LOG [RouterExplorer] Mapped {/api/dashboard/stats, GET} route +1ms
[Nest] 475889  - 10/03/2025, 3:45:10 PM     LOG [RoutesResolver] AuthController {/api/auth}: +0ms
[Nest] 475889  - 10/03/2025, 3:45:10 PM     LOG [RouterExplorer] Mapped {/api/auth/login, POST} route +0ms
[Nest] 475889  - 10/03/2025, 3:45:10 PM     LOG [RouterExplorer] Mapped {/api/auth/profile, GET} route +1ms
[Nest] 475889  - 10/03/2025, 3:45:10 PM     LOG [RouterExplorer] Mapped {/api/auth/refresh, POST} route +0ms
[Nest] 475889  - 10/03/2025, 3:45:10 PM     LOG [RouterExplorer] Mapped {/api/auth/logout, POST} route +0ms
[Nest] 475889  - 10/03/2025, 3:45:10 PM     LOG [RouterExplorer] Mapped {/api/auth/forgot-password, POST} route +0ms
[Nest] 475889  - 10/03/2025, 3:45:10 PM     LOG [RouterExplorer] Mapped {/api/auth/reset-password, POST} route +0ms
[Nest] 475889  - 10/03/2025, 3:45:10 PM     LOG [RouterExplorer] Mapped {/api/auth/change-password, POST} route +1ms
[Nest] 475889  - 10/03/2025, 3:45:10 PM     LOG [RoutesResolver] EmployeesController {/api/employees}: +0ms
[Nest] 475889  - 10/03/2025, 3:45:10 PM     LOG [RouterExplorer] Mapped {/api/employees, POST} route +0ms
[Nest] 475889  - 10/03/2025, 3:45:10 PM     LOG [RouterExplorer] Mapped {/api/employees/check-email, GET} route +0ms
[Nest] 475889  - 10/03/2025, 3:45:10 PM     LOG [RouterExplorer] Mapped {/api/employees, GET} route +0ms
[Nest] 475889  - 10/03/2025, 3:45:10 PM     LOG [RouterExplorer] Mapped {/api/employees/dropdowns, GET} route +0ms
[Nest] 475889  - 10/03/2025, 3:45:10 PM     LOG [RouterExplorer] Mapped {/api/employees/test-route, GET} route +0ms
[Nest] 475889  - 10/03/2025, 3:45:10 PM     LOG [RouterExplorer] Mapped {/api/employees/non-admin-dropdown, GET} route +1ms
[Nest] 475889  - 10/03/2025, 3:45:10 PM     LOG [RouterExplorer] Mapped {/api/employees/export, GET} route +0ms
[Nest] 475889  - 10/03/2025, 3:45:10 PM     LOG [RouterExplorer] Mapped {/api/employees/:id, GET} route +0ms
[Nest] 475889  - 10/03/2025, 3:45:10 PM     LOG [RouterExplorer] Mapped {/api/employees/:id/asset-history, GET} route +0ms
[Nest] 475889  - 10/03/2025, 3:45:10 PM     LOG [RouterExplorer] Mapped {/api/employees/:id/asset-events, GET} route +0ms
[Nest] 475889  - 10/03/2025, 3:45:10 PM     LOG [RouterExplorer] Mapped {/api/employees/:id, PUT} route +0ms
[Nest] 475889  - 10/03/2025, 3:45:10 PM     LOG [RouterExplorer] Mapped {/api/employees/bulk-upload/validate, POST} route +1ms
[Nest] 475889  - 10/03/2025, 3:45:10 PM     LOG [RouterExplorer] Mapped {/api/employees/bulk-upload, POST} route +0ms
[Nest] 475889  - 10/03/2025, 3:45:10 PM     LOG [RouterExplorer] Mapped {/api/employees/:id, DELETE} route +0ms
[Nest] 475889  - 10/03/2025, 3:45:10 PM     LOG [RoutesResolver] VendorsController {/api/vendors}: +0ms
[Nest] 475889  - 10/03/2025, 3:45:10 PM     LOG [RouterExplorer] Mapped {/api/vendors, POST} route +0ms
[Nest] 475889  - 10/03/2025, 3:45:10 PM     LOG [RouterExplorer] Mapped {/api/vendors, GET} route +0ms
[Nest] 475889  - 10/03/2025, 3:45:10 PM     LOG [RouterExplorer] Mapped {/api/vendors/search, GET} route +0ms
[Nest] 475889  - 10/03/2025, 3:45:10 PM     LOG [RouterExplorer] Mapped {/api/vendors/:id, GET} route +1ms
[Nest] 475889  - 10/03/2025, 3:45:10 PM     LOG [RouterExplorer] Mapped {/api/vendors/:id, PUT} route +0ms
[Nest] 475889  - 10/03/2025, 3:45:10 PM     LOG [RouterExplorer] Mapped {/api/vendors/:id, DELETE} route +0ms
[Nest] 475889  - 10/03/2025, 3:45:10 PM     LOG [RouterExplorer] Mapped {/api/vendors/:id/status, PATCH} route +0ms
[Nest] 475889  - 10/03/2025, 3:45:10 PM     LOG [RouterExplorer] Mapped {/api/vendors/check-name, POST} route +0ms
[Nest] 475889  - 10/03/2025, 3:45:10 PM     LOG [RouterExplorer] Mapped {/api/vendors/validate-bulk-upload, POST} route +0ms
[Nest] 475889  - 10/03/2025, 3:45:10 PM     LOG [RouterExplorer] Mapped {/api/vendors/bulk-upload, POST} route +1ms
[Nest] 475889  - 10/03/2025, 3:45:10 PM     LOG [RoutesResolver] AssetCategoriesController {/api/asset-categories}: +0ms
[Nest] 475889  - 10/03/2025, 3:45:10 PM     LOG [RouterExplorer] Mapped {/api/asset-categories, POST} route +0ms
[Nest] 475889  - 10/03/2025, 3:45:10 PM     LOG [RouterExplorer] Mapped {/api/asset-categories, GET} route +0ms
[Nest] 475889  - 10/03/2025, 3:45:10 PM     LOG [RouterExplorer] Mapped {/api/asset-categories/:id, GET} route +0ms
[Nest] 475889  - 10/03/2025, 3:45:10 PM     LOG [RouterExplorer] Mapped {/api/asset-categories/:id, PUT} route +0ms
[Nest] 475889  - 10/03/2025, 3:45:10 PM     LOG [RouterExplorer] Mapped {/api/asset-categories/:id, DELETE} route +0ms
[Nest] 475889  - 10/03/2025, 3:45:10 PM     LOG [RouterExplorer] Mapped {/api/asset-categories/:sourceId/merge/:targetId, POST} route +0ms
[Nest] 475889  - 10/03/2025, 3:45:10 PM     LOG [RoutesResolver] AssetTypesController {/api/asset-types}: +0ms
[Nest] 475889  - 10/03/2025, 3:45:10 PM     LOG [RouterExplorer] Mapped {/api/asset-types, POST} route +1ms
[Nest] 475889  - 10/03/2025, 3:45:10 PM     LOG [RouterExplorer] Mapped {/api/asset-types, GET} route +0ms
[Nest] 475889  - 10/03/2025, 3:45:10 PM     LOG [RouterExplorer] Mapped {/api/asset-types/by-category/:categoryId, GET} route +0ms
[Nest] 475889  - 10/03/2025, 3:45:10 PM     LOG [RouterExplorer] Mapped {/api/asset-types/:id, GET} route +0ms
[Nest] 475889  - 10/03/2025, 3:45:10 PM     LOG [RouterExplorer] Mapped {/api/asset-types/:id, PUT} route +0ms
[Nest] 475889  - 10/03/2025, 3:45:10 PM     LOG [RouterExplorer] Mapped {/api/asset-types/:id, DELETE} route +0ms
[Nest] 475889  - 10/03/2025, 3:45:10 PM     LOG [RouterExplorer] Mapped {/api/asset-types/:sourceId/merge/:targetId, POST} route +0ms
[Nest] 475889  - 10/03/2025, 3:45:10 PM     LOG [RoutesResolver] BrandsController {/api/brands}: +0ms
[Nest] 475889  - 10/03/2025, 3:45:10 PM     LOG [RouterExplorer] Mapped {/api/brands, POST} route +1ms
[Nest] 475889  - 10/03/2025, 3:45:10 PM     LOG [RouterExplorer] Mapped {/api/brands, GET} route +0ms
[Nest] 475889  - 10/03/2025, 3:45:10 PM     LOG [RouterExplorer] Mapped {/api/brands/:id, GET} route +0ms
[Nest] 475889  - 10/03/2025, 3:45:10 PM     LOG [RouterExplorer] Mapped {/api/brands/:id, PUT} route +0ms
[Nest] 475889  - 10/03/2025, 3:45:10 PM     LOG [RouterExplorer] Mapped {/api/brands/:id, DELETE} route +0ms
[Nest] 475889  - 10/03/2025, 3:45:10 PM     LOG [RouterExplorer] Mapped {/api/brands/:sourceId/merge/:targetId, POST} route +0ms
[Nest] 475889  - 10/03/2025, 3:45:10 PM     LOG [RoutesResolver] ModelsController {/api/models}: +0ms
[Nest] 475889  - 10/03/2025, 3:45:10 PM     LOG [RouterExplorer] Mapped {/api/models, POST} route +1ms
[Nest] 475889  - 10/03/2025, 3:45:10 PM     LOG [RouterExplorer] Mapped {/api/models, GET} route +0ms
[Nest] 475889  - 10/03/2025, 3:45:10 PM     LOG [RouterExplorer] Mapped {/api/models/by-brand/:brandId, GET} route +0ms
[Nest] 475889  - 10/03/2025, 3:45:10 PM     LOG [RouterExplorer] Mapped {/api/models/by-brand/:brandId/asset-type/:assetTypeId, GET} route +0ms
[Nest] 475889  - 10/03/2025, 3:45:10 PM     LOG [RouterExplorer] Mapped {/api/models/:id, GET} route +0ms
[Nest] 475889  - 10/03/2025, 3:45:10 PM     LOG [RouterExplorer] Mapped {/api/models/:id, PUT} route +0ms
[Nest] 475889  - 10/03/2025, 3:45:10 PM     LOG [RouterExplorer] Mapped {/api/models/:id, DELETE} route +1ms
[Nest] 475889  - 10/03/2025, 3:45:10 PM     LOG [RouterExplorer] Mapped {/api/models/:sourceId/merge/:targetId, POST} route +0ms
[Nest] 475889  - 10/03/2025, 3:45:10 PM     LOG [RoutesResolver] AssignmentsController {/api/assignments}: +0ms
[Nest] 475889  - 10/03/2025, 3:45:10 PM     LOG [RouterExplorer] Mapped {/api/assignments, POST} route +0ms
[Nest] 475889  - 10/03/2025, 3:45:10 PM     LOG [RouterExplorer] Mapped {/api/assignments/active, GET} route +0ms
[Nest] 475889  - 10/03/2025, 3:45:10 PM     LOG [RouterExplorer] Mapped {/api/assignments/active/collect, GET} route +0ms
[Nest] 475889  - 10/03/2025, 3:45:10 PM     LOG [RouterExplorer] Mapped {/api/assignments, GET} route +1ms
[Nest] 475889  - 10/03/2025, 3:45:10 PM     LOG [RouterExplorer] Mapped {/api/assignments/:id, GET} route +0ms
[Nest] 475889  - 10/03/2025, 3:45:10 PM     LOG [RouterExplorer] Mapped {/api/assignments/:id/return, PUT} route +0ms
[Nest] 475889  - 10/03/2025, 3:45:10 PM     LOG [RoutesResolver] ReportsController {/api/reports}: +0ms
[Nest] 475889  - 10/03/2025, 3:45:10 PM     LOG [RouterExplorer] Mapped {/api/reports/analytics, GET} route +0ms
[Nest] 475889  - 10/03/2025, 3:45:10 PM     LOG [RouterExplorer] Mapped {/api/reports/asset-inventory, GET} route +1ms
[Nest] 475889  - 10/03/2025, 3:45:10 PM     LOG [RouterExplorer] Mapped {/api/reports/employee-assets, GET} route +0ms
[Nest] 475889  - 10/03/2025, 3:45:10 PM     LOG [RouterExplorer] Mapped {/api/reports/maintenance, GET} route +0ms
[Nest] 475889  - 10/03/2025, 3:45:10 PM     LOG [RouterExplorer] Mapped {/api/reports/export/asset-inventory, POST} route +0ms
[Nest] 475889  - 10/03/2025, 3:45:10 PM     LOG [RouterExplorer] Mapped {/api/reports/export/employee-assets, POST} route +0ms
[Nest] 475889  - 10/03/2025, 3:45:10 PM     LOG [RouterExplorer] Mapped {/api/reports/export/maintenance, POST} route +0ms
[Nest] 475889  - 10/03/2025, 3:45:10 PM     LOG [RouterExplorer] Mapped {/api/reports/preview, GET} route +0ms
[Nest] 475889  - 10/03/2025, 3:45:10 PM     LOG [RoutesResolver] MaintenanceController {/api/maintenance}: +1ms
[Nest] 475889  - 10/03/2025, 3:45:10 PM     LOG [RouterExplorer] Mapped {/api/maintenance, POST} route +0ms
[Nest] 475889  - 10/03/2025, 3:45:10 PM     LOG [RouterExplorer] Mapped {/api/maintenance, GET} route +0ms
[Nest] 475889  - 10/03/2025, 3:45:10 PM     LOG [RouterExplorer] Mapped {/api/maintenance/check-asset-availability, GET} route +0ms
[Nest] 475889  - 10/03/2025, 3:45:10 PM     LOG [RouterExplorer] Mapped {/api/maintenance/export, GET} route +0ms
[Nest] 475889  - 10/03/2025, 3:45:10 PM     LOG [RouterExplorer] Mapped {/api/maintenance/asset/:assetId/history, GET} route +0ms
[Nest] 475889  - 10/03/2025, 3:45:10 PM     LOG [RouterExplorer] Mapped {/api/maintenance/asset/:assetId/history-events, GET} route +0ms
[Nest] 475889  - 10/03/2025, 3:45:10 PM     LOG [RouterExplorer] Mapped {/api/maintenance/:id, GET} route +1ms
[Nest] 475889  - 10/03/2025, 3:45:10 PM     LOG [RouterExplorer] Mapped {/api/maintenance/:id, PATCH} route +0ms
[Nest] 475889  - 10/03/2025, 3:45:10 PM     LOG [RouterExplorer] Mapped {/api/maintenance/:id/complete, PUT} route +0ms
[Nest] 475889  - 10/03/2025, 3:45:10 PM     LOG [RouterExplorer] Mapped {/api/maintenance/:id/cancel, PUT} route +0ms
[Nest] 475889  - 10/03/2025, 3:45:10 PM     LOG [RouterExplorer] Mapped {/api/maintenance/:id, DELETE} route +0ms
[Nest] 475889  - 10/03/2025, 3:45:10 PM     LOG [RoutesResolver] MaintenanceTypesController {/api/maintenance-types}: +0ms
[Nest] 475889  - 10/03/2025, 3:45:10 PM     LOG [RouterExplorer] Mapped {/api/maintenance-types, GET} route +0ms
[Nest] 475889  - 10/03/2025, 3:45:10 PM     LOG [RoutesResolver] AssetsController {/api/assets}: +0ms
[Nest] 475889  - 10/03/2025, 3:45:10 PM     LOG [RouterExplorer] Mapped {/api/assets/generate-id, GET} route +1ms
[Nest] 475889  - 10/03/2025, 3:45:10 PM     LOG [RouterExplorer] Mapped {/api/assets, POST} route +0ms
[Nest] 475889  - 10/03/2025, 3:45:10 PM     LOG [RouterExplorer] Mapped {/api/assets, GET} route +0ms
[Nest] 475889  - 10/03/2025, 3:45:10 PM     LOG [RouterExplorer] Mapped {/api/assets/stats, GET} route +0ms
[Nest] 475889  - 10/03/2025, 3:45:10 PM     LOG [RouterExplorer] Mapped {/api/assets/export, GET} route +0ms
[Nest] 475889  - 10/03/2025, 3:45:10 PM     LOG [RouterExplorer] Mapped {/api/assets/search, GET} route +0ms
[Nest] 475889  - 10/03/2025, 3:45:10 PM     LOG [RouterExplorer] Mapped {/api/assets/dropdowns, GET} route +0ms
[Nest] 475889  - 10/03/2025, 3:45:10 PM     LOG [RouterExplorer] Mapped {/api/assets/available, GET} route +0ms
[Nest] 475889  - 10/03/2025, 3:45:10 PM     LOG [RouterExplorer] Mapped {/api/assets/:id, GET} route +0ms
[Nest] 475889  - 10/03/2025, 3:45:10 PM     LOG [RouterExplorer] Mapped {/api/assets/:id, PUT} route +0ms
[Nest] 475889  - 10/03/2025, 3:45:10 PM     LOG [RouterExplorer] Mapped {/api/assets/:id, DELETE} route +1ms
[Nest] 475889  - 10/03/2025, 3:45:10 PM     LOG [RouterExplorer] Mapped {/api/assets/:id/retire, PUT} route +0ms
[Nest] 475889  - 10/03/2025, 3:45:10 PM     LOG [RouterExplorer] Mapped {/api/assets/:id/reactivate, PUT} route +0ms
[Nest] 475889  - 10/03/2025, 3:45:10 PM     LOG [RouterExplorer] Mapped {/api/assets/validate-bulk-upload, POST} route +0ms
[Nest] 475889  - 10/03/2025, 3:45:10 PM     LOG [RouterExplorer] Mapped {/api/assets/bulk-upload, POST} route +0ms
[Nest] 475889  - 10/03/2025, 3:45:10 PM     LOG [RoutesResolver] AssetHistoryController {/api/asset-history}: +1ms
[Nest] 475889  - 10/03/2025, 3:45:10 PM     LOG [RouterExplorer] Mapped {/api/asset-history/:id, GET} route +0ms
[Nest] 475889  - 10/03/2025, 3:45:10 PM     LOG [RouterExplorer] Mapped {/api/asset-history/:id/summary, GET} route +0ms
[Nest] 475889  - 10/03/2025, 3:45:10 PM     LOG [RoutesResolver] AdminController {/api/admin}: +0ms
[Nest] 475889  - 10/03/2025, 3:45:10 PM     LOG [RouterExplorer] Mapped {/api/admin/users, GET} route +0ms
[Nest] 475889  - 10/03/2025, 3:45:10 PM     LOG [RouterExplorer] Mapped {/api/admin/users, POST} route +0ms
[Nest] 475889  - 10/03/2025, 3:45:10 PM     LOG [RouterExplorer] Mapped {/api/admin/users/:id/status, PATCH} route +1ms
[Nest] 475889  - 10/03/2025, 3:45:10 PM     LOG [RouterExplorer] Mapped {/api/admin/users/:id, DELETE} route +0ms
[Nest] 475889  - 10/03/2025, 3:45:10 PM     LOG [NestApplication] Nest application successfully started +131ms
Application is running on: http://localhost:3000/api
Swagger documentation available at: http://localhost:3000/api/docs
[2J[3J[H[[90m3:45:17 PM[0m] File change detected. Starting incremental compilation...

[[90m3:45:18 PM[0m] Found 0 errors. Watching for file changes.

[Nest] 475995  - 10/03/2025, 3:45:19 PM     LOG [NestFactory] Starting Nest application...
[Nest] 475995  - 10/03/2025, 3:45:19 PM     LOG [InstanceLoader] PrismaModule dependencies initialized +19ms
[Nest] 475995  - 10/03/2025, 3:45:19 PM     LOG [InstanceLoader] PassportModule dependencies initialized +0ms
[Nest] 475995  - 10/03/2025, 3:45:19 PM     LOG [InstanceLoader] ConfigHostModule dependencies initialized +5ms
[Nest] 475995  - 10/03/2025, 3:45:19 PM     LOG [InstanceLoader] ThrottlerModule dependencies initialized +0ms
[Nest] 475995  - 10/03/2025, 3:45:19 PM     LOG [InstanceLoader] JwtModule dependencies initialized +0ms
[Nest] 475995  - 10/03/2025, 3:45:19 PM     LOG [InstanceLoader] DiscoveryModule dependencies initialized +0ms
[Nest] 475995  - 10/03/2025, 3:45:19 PM     LOG [InstanceLoader] ConfigModule dependencies initialized +3ms
[Nest] 475995  - 10/03/2025, 3:45:19 PM     LOG [InstanceLoader] ConfigModule dependencies initialized +0ms
[Nest] 475995  - 10/03/2025, 3:45:19 PM     LOG [InstanceLoader] ScheduleModule dependencies initialized +1ms
[Nest] 475995  - 10/03/2025, 3:45:19 PM     LOG [InstanceLoader] AuthModule dependencies initialized +2ms
[Nest] 475995  - 10/03/2025, 3:45:19 PM     LOG [InstanceLoader] VendorsModule dependencies initialized +0ms
[Nest] 475995  - 10/03/2025, 3:45:19 PM     LOG [InstanceLoader] AssetCategoriesModule dependencies initialized +1ms
[Nest] 475995  - 10/03/2025, 3:45:19 PM     LOG [InstanceLoader] AssetTypesModule dependencies initialized +0ms
[Nest] 475995  - 10/03/2025, 3:45:19 PM     LOG [InstanceLoader] BrandsModule dependencies initialized +0ms
[Nest] 475995  - 10/03/2025, 3:45:19 PM     LOG [InstanceLoader] ModelsModule dependencies initialized +0ms
[Nest] 475995  - 10/03/2025, 3:45:19 PM     LOG [InstanceLoader] AssignmentsModule dependencies initialized +0ms
[Nest] 475995  - 10/03/2025, 3:45:19 PM     LOG [InstanceLoader] EmployeesModule dependencies initialized +0ms
[Nest] 475995  - 10/03/2025, 3:45:19 PM     LOG [InstanceLoader] MaintenanceModule dependencies initialized +0ms
[Nest] 475995  - 10/03/2025, 3:45:19 PM     LOG [InstanceLoader] AssetsModule dependencies initialized +0ms
[Nest] 475995  - 10/03/2025, 3:45:19 PM     LOG [InstanceLoader] AdminModule dependencies initialized +0ms
[Nest] 475995  - 10/03/2025, 3:45:19 PM     LOG [InstanceLoader] ReportsModule dependencies initialized +0ms
[Nest] 475995  - 10/03/2025, 3:45:19 PM     LOG [InstanceLoader] AssetHistoryModule dependencies initialized +0ms
[Nest] 475995  - 10/03/2025, 3:45:19 PM     LOG [InstanceLoader] AppModule dependencies initialized +1ms
[Nest] 475995  - 10/03/2025, 3:45:19 PM     LOG [RoutesResolver] AppController {/api}: +87ms
[Nest] 475995  - 10/03/2025, 3:45:19 PM     LOG [RouterExplorer] Mapped {/api, GET} route +2ms
[Nest] 475995  - 10/03/2025, 3:45:19 PM     LOG [RouterExplorer] Mapped {/api/dashboard/stats, GET} route +1ms
[Nest] 475995  - 10/03/2025, 3:45:19 PM     LOG [RoutesResolver] AuthController {/api/auth}: +0ms
[Nest] 475995  - 10/03/2025, 3:45:19 PM     LOG [RouterExplorer] Mapped {/api/auth/login, POST} route +0ms
[Nest] 475995  - 10/03/2025, 3:45:19 PM     LOG [RouterExplorer] Mapped {/api/auth/profile, GET} route +0ms
[Nest] 475995  - 10/03/2025, 3:45:19 PM     LOG [RouterExplorer] Mapped {/api/auth/refresh, POST} route +0ms
[Nest] 475995  - 10/03/2025, 3:45:19 PM     LOG [RouterExplorer] Mapped {/api/auth/logout, POST} route +1ms
[Nest] 475995  - 10/03/2025, 3:45:19 PM     LOG [RouterExplorer] Mapped {/api/auth/forgot-password, POST} route +0ms
[Nest] 475995  - 10/03/2025, 3:45:19 PM     LOG [RouterExplorer] Mapped {/api/auth/reset-password, POST} route +0ms
[Nest] 475995  - 10/03/2025, 3:45:19 PM     LOG [RouterExplorer] Mapped {/api/auth/change-password, POST} route +0ms
[Nest] 475995  - 10/03/2025, 3:45:19 PM     LOG [RoutesResolver] EmployeesController {/api/employees}: +0ms
[Nest] 475995  - 10/03/2025, 3:45:19 PM     LOG [RouterExplorer] Mapped {/api/employees, POST} route +1ms
[Nest] 475995  - 10/03/2025, 3:45:19 PM     LOG [RouterExplorer] Mapped {/api/employees/check-email, GET} route +0ms
[Nest] 475995  - 10/03/2025, 3:45:19 PM     LOG [RouterExplorer] Mapped {/api/employees, GET} route +0ms
[Nest] 475995  - 10/03/2025, 3:45:19 PM     LOG [RouterExplorer] Mapped {/api/employees/dropdowns, GET} route +0ms
[Nest] 475995  - 10/03/2025, 3:45:19 PM     LOG [RouterExplorer] Mapped {/api/employees/test-route, GET} route +0ms
[Nest] 475995  - 10/03/2025, 3:45:19 PM     LOG [RouterExplorer] Mapped {/api/employees/non-admin-dropdown, GET} route +0ms
[Nest] 475995  - 10/03/2025, 3:45:19 PM     LOG [RouterExplorer] Mapped {/api/employees/export, GET} route +0ms
[Nest] 475995  - 10/03/2025, 3:45:19 PM     LOG [RouterExplorer] Mapped {/api/employees/:id, GET} route +0ms
[Nest] 475995  - 10/03/2025, 3:45:19 PM     LOG [RouterExplorer] Mapped {/api/employees/:id/asset-history, GET} route +1ms
[Nest] 475995  - 10/03/2025, 3:45:19 PM     LOG [RouterExplorer] Mapped {/api/employees/:id/asset-events, GET} route +0ms
[Nest] 475995  - 10/03/2025, 3:45:19 PM     LOG [RouterExplorer] Mapped {/api/employees/:id, PUT} route +0ms
[Nest] 475995  - 10/03/2025, 3:45:19 PM     LOG [RouterExplorer] Mapped {/api/employees/bulk-upload/validate, POST} route +0ms
[Nest] 475995  - 10/03/2025, 3:45:19 PM     LOG [RouterExplorer] Mapped {/api/employees/bulk-upload, POST} route +0ms
[Nest] 475995  - 10/03/2025, 3:45:19 PM     LOG [RouterExplorer] Mapped {/api/employees/:id, DELETE} route +0ms
[Nest] 475995  - 10/03/2025, 3:45:19 PM     LOG [RoutesResolver] VendorsController {/api/vendors}: +0ms
[Nest] 475995  - 10/03/2025, 3:45:19 PM     LOG [RouterExplorer] Mapped {/api/vendors, POST} route +0ms
[Nest] 475995  - 10/03/2025, 3:45:19 PM     LOG [RouterExplorer] Mapped {/api/vendors, GET} route +1ms
[Nest] 475995  - 10/03/2025, 3:45:19 PM     LOG [RouterExplorer] Mapped {/api/vendors/search, GET} route +0ms
[Nest] 475995  - 10/03/2025, 3:45:19 PM     LOG [RouterExplorer] Mapped {/api/vendors/:id, GET} route +0ms
[Nest] 475995  - 10/03/2025, 3:45:19 PM     LOG [RouterExplorer] Mapped {/api/vendors/:id, PUT} route +0ms
[Nest] 475995  - 10/03/2025, 3:45:19 PM     LOG [RouterExplorer] Mapped {/api/vendors/:id, DELETE} route +0ms
[Nest] 475995  - 10/03/2025, 3:45:19 PM     LOG [RouterExplorer] Mapped {/api/vendors/:id/status, PATCH} route +0ms
[Nest] 475995  - 10/03/2025, 3:45:19 PM     LOG [RouterExplorer] Mapped {/api/vendors/check-name, POST} route +0ms
[Nest] 475995  - 10/03/2025, 3:45:19 PM     LOG [RouterExplorer] Mapped {/api/vendors/validate-bulk-upload, POST} route +0ms
[Nest] 475995  - 10/03/2025, 3:45:19 PM     LOG [RouterExplorer] Mapped {/api/vendors/bulk-upload, POST} route +1ms
[Nest] 475995  - 10/03/2025, 3:45:19 PM     LOG [RoutesResolver] AssetCategoriesController {/api/asset-categories}: +0ms
[Nest] 475995  - 10/03/2025, 3:45:19 PM     LOG [RouterExplorer] Mapped {/api/asset-categories, POST} route +0ms
[Nest] 475995  - 10/03/2025, 3:45:19 PM     LOG [RouterExplorer] Mapped {/api/asset-categories, GET} route +0ms
[Nest] 475995  - 10/03/2025, 3:45:19 PM     LOG [RouterExplorer] Mapped {/api/asset-categories/:id, GET} route +0ms
[Nest] 475995  - 10/03/2025, 3:45:19 PM     LOG [RouterExplorer] Mapped {/api/asset-categories/:id, PUT} route +0ms
[Nest] 475995  - 10/03/2025, 3:45:19 PM     LOG [RouterExplorer] Mapped {/api/asset-categories/:id, DELETE} route +0ms
[Nest] 475995  - 10/03/2025, 3:45:19 PM     LOG [RouterExplorer] Mapped {/api/asset-categories/:sourceId/merge/:targetId, POST} route +0ms
[Nest] 475995  - 10/03/2025, 3:45:19 PM     LOG [RoutesResolver] AssetTypesController {/api/asset-types}: +0ms
[Nest] 475995  - 10/03/2025, 3:45:19 PM     LOG [RouterExplorer] Mapped {/api/asset-types, POST} route +1ms
[Nest] 475995  - 10/03/2025, 3:45:19 PM     LOG [RouterExplorer] Mapped {/api/asset-types, GET} route +0ms
[Nest] 475995  - 10/03/2025, 3:45:19 PM     LOG [RouterExplorer] Mapped {/api/asset-types/by-category/:categoryId, GET} route +0ms
[Nest] 475995  - 10/03/2025, 3:45:19 PM     LOG [RouterExplorer] Mapped {/api/asset-types/:id, GET} route +0ms
[Nest] 475995  - 10/03/2025, 3:45:19 PM     LOG [RouterExplorer] Mapped {/api/asset-types/:id, PUT} route +0ms
[Nest] 475995  - 10/03/2025, 3:45:19 PM     LOG [RouterExplorer] Mapped {/api/asset-types/:id, DELETE} route +0ms
[Nest] 475995  - 10/03/2025, 3:45:19 PM     LOG [RouterExplorer] Mapped {/api/asset-types/:sourceId/merge/:targetId, POST} route +0ms
[Nest] 475995  - 10/03/2025, 3:45:19 PM     LOG [RoutesResolver] BrandsController {/api/brands}: +1ms
[Nest] 475995  - 10/03/2025, 3:45:19 PM     LOG [RouterExplorer] Mapped {/api/brands, POST} route +0ms
[Nest] 475995  - 10/03/2025, 3:45:19 PM     LOG [RouterExplorer] Mapped {/api/brands, GET} route +0ms
[Nest] 475995  - 10/03/2025, 3:45:19 PM     LOG [RouterExplorer] Mapped {/api/brands/:id, GET} route +0ms
[Nest] 475995  - 10/03/2025, 3:45:19 PM     LOG [RouterExplorer] Mapped {/api/brands/:id, PUT} route +0ms
[Nest] 475995  - 10/03/2025, 3:45:19 PM     LOG [RouterExplorer] Mapped {/api/brands/:id, DELETE} route +0ms
[Nest] 475995  - 10/03/2025, 3:45:19 PM     LOG [RouterExplorer] Mapped {/api/brands/:sourceId/merge/:targetId, POST} route +1ms
[Nest] 475995  - 10/03/2025, 3:45:19 PM     LOG [RoutesResolver] ModelsController {/api/models}: +0ms
[Nest] 475995  - 10/03/2025, 3:45:19 PM     LOG [RouterExplorer] Mapped {/api/models, POST} route +0ms
[Nest] 475995  - 10/03/2025, 3:45:19 PM     LOG [RouterExplorer] Mapped {/api/models, GET} route +0ms
[Nest] 475995  - 10/03/2025, 3:45:19 PM     LOG [RouterExplorer] Mapped {/api/models/by-brand/:brandId, GET} route +0ms
[Nest] 475995  - 10/03/2025, 3:45:19 PM     LOG [RouterExplorer] Mapped {/api/models/by-brand/:brandId/asset-type/:assetTypeId, GET} route +0ms
[Nest] 475995  - 10/03/2025, 3:45:19 PM     LOG [RouterExplorer] Mapped {/api/models/:id, GET} route +0ms
[Nest] 475995  - 10/03/2025, 3:45:19 PM     LOG [RouterExplorer] Mapped {/api/models/:id, PUT} route +1ms
[Nest] 475995  - 10/03/2025, 3:45:19 PM     LOG [RouterExplorer] Mapped {/api/models/:id, DELETE} route +0ms
[Nest] 475995  - 10/03/2025, 3:45:19 PM     LOG [RouterExplorer] Mapped {/api/models/:sourceId/merge/:targetId, POST} route +0ms
[Nest] 475995  - 10/03/2025, 3:45:19 PM     LOG [RoutesResolver] AssignmentsController {/api/assignments}: +0ms
[Nest] 475995  - 10/03/2025, 3:45:19 PM     LOG [RouterExplorer] Mapped {/api/assignments, POST} route +0ms
[Nest] 475995  - 10/03/2025, 3:45:19 PM     LOG [RouterExplorer] Mapped {/api/assignments/active, GET} route +0ms
[Nest] 475995  - 10/03/2025, 3:45:19 PM     LOG [RouterExplorer] Mapped {/api/assignments/active/collect, GET} route +1ms
[Nest] 475995  - 10/03/2025, 3:45:19 PM     LOG [RouterExplorer] Mapped {/api/assignments, GET} route +0ms
[Nest] 475995  - 10/03/2025, 3:45:19 PM     LOG [RouterExplorer] Mapped {/api/assignments/:id, GET} route +0ms
[Nest] 475995  - 10/03/2025, 3:45:19 PM     LOG [RouterExplorer] Mapped {/api/assignments/:id/return, PUT} route +0ms
[Nest] 475995  - 10/03/2025, 3:45:19 PM     LOG [RoutesResolver] ReportsController {/api/reports}: +0ms
[Nest] 475995  - 10/03/2025, 3:45:19 PM     LOG [RouterExplorer] Mapped {/api/reports/analytics, GET} route +0ms
[Nest] 475995  - 10/03/2025, 3:45:19 PM     LOG [RouterExplorer] Mapped {/api/reports/asset-inventory, GET} route +1ms
[Nest] 475995  - 10/03/2025, 3:45:19 PM     LOG [RouterExplorer] Mapped {/api/reports/employee-assets, GET} route +0ms
[Nest] 475995  - 10/03/2025, 3:45:19 PM     LOG [RouterExplorer] Mapped {/api/reports/maintenance, GET} route +0ms
[Nest] 475995  - 10/03/2025, 3:45:19 PM     LOG [RouterExplorer] Mapped {/api/reports/export/asset-inventory, POST} route +0ms
[Nest] 475995  - 10/03/2025, 3:45:19 PM     LOG [RouterExplorer] Mapped {/api/reports/export/employee-assets, POST} route +0ms
[Nest] 475995  - 10/03/2025, 3:45:19 PM     LOG [RouterExplorer] Mapped {/api/reports/export/maintenance, POST} route +0ms
[Nest] 475995  - 10/03/2025, 3:45:19 PM     LOG [RouterExplorer] Mapped {/api/reports/preview, GET} route +0ms
[Nest] 475995  - 10/03/2025, 3:45:19 PM     LOG [RoutesResolver] MaintenanceController {/api/maintenance}: +0ms
[Nest] 475995  - 10/03/2025, 3:45:19 PM     LOG [RouterExplorer] Mapped {/api/maintenance, POST} route +1ms
[Nest] 475995  - 10/03/2025, 3:45:19 PM     LOG [RouterExplorer] Mapped {/api/maintenance, GET} route +0ms
[Nest] 475995  - 10/03/2025, 3:45:19 PM     LOG [RouterExplorer] Mapped {/api/maintenance/check-asset-availability, GET} route +0ms
[Nest] 475995  - 10/03/2025, 3:45:19 PM     LOG [RouterExplorer] Mapped {/api/maintenance/export, GET} route +0ms
[Nest] 475995  - 10/03/2025, 3:45:19 PM     LOG [RouterExplorer] Mapped {/api/maintenance/asset/:assetId/history, GET} route +0ms
[Nest] 475995  - 10/03/2025, 3:45:19 PM     LOG [RouterExplorer] Mapped {/api/maintenance/asset/:assetId/history-events, GET} route +0ms
[Nest] 475995  - 10/03/2025, 3:45:19 PM     LOG [RouterExplorer] Mapped {/api/maintenance/:id, GET} route +0ms
[Nest] 475995  - 10/03/2025, 3:45:19 PM     LOG [RouterExplorer] Mapped {/api/maintenance/:id, PATCH} route +0ms
[Nest] 475995  - 10/03/2025, 3:45:19 PM     LOG [RouterExplorer] Mapped {/api/maintenance/:id/complete, PUT} route +1ms
[Nest] 475995  - 10/03/2025, 3:45:19 PM     LOG [RouterExplorer] Mapped {/api/maintenance/:id/cancel, PUT} route +0ms
[Nest] 475995  - 10/03/2025, 3:45:19 PM     LOG [RouterExplorer] Mapped {/api/maintenance/:id, DELETE} route +0ms
[Nest] 475995  - 10/03/2025, 3:45:19 PM     LOG [RoutesResolver] MaintenanceTypesController {/api/maintenance-types}: +0ms
[Nest] 475995  - 10/03/2025, 3:45:19 PM     LOG [RouterExplorer] Mapped {/api/maintenance-types, GET} route +0ms
[Nest] 475995  - 10/03/2025, 3:45:19 PM     LOG [RoutesResolver] AssetsController {/api/assets}: +0ms
[Nest] 475995  - 10/03/2025, 3:45:19 PM     LOG [RouterExplorer] Mapped {/api/assets/generate-id, GET} route +0ms
[Nest] 475995  - 10/03/2025, 3:45:19 PM     LOG [RouterExplorer] Mapped {/api/assets, POST} route +0ms
[Nest] 475995  - 10/03/2025, 3:45:19 PM     LOG [RouterExplorer] Mapped {/api/assets, GET} route +0ms
[Nest] 475995  - 10/03/2025, 3:45:19 PM     LOG [RouterExplorer] Mapped {/api/assets/stats, GET} route +0ms
[Nest] 475995  - 10/03/2025, 3:45:19 PM     LOG [RouterExplorer] Mapped {/api/assets/export, GET} route +1ms
[Nest] 475995  - 10/03/2025, 3:45:19 PM     LOG [RouterExplorer] Mapped {/api/assets/search, GET} route +0ms
[Nest] 475995  - 10/03/2025, 3:45:19 PM     LOG [RouterExplorer] Mapped {/api/assets/dropdowns, GET} route +0ms
[Nest] 475995  - 10/03/2025, 3:45:19 PM     LOG [RouterExplorer] Mapped {/api/assets/available, GET} route +0ms
[Nest] 475995  - 10/03/2025, 3:45:19 PM     LOG [RouterExplorer] Mapped {/api/assets/:id, GET} route +0ms
[Nest] 475995  - 10/03/2025, 3:45:19 PM     LOG [RouterExplorer] Mapped {/api/assets/:id, PUT} route +0ms
[Nest] 475995  - 10/03/2025, 3:45:19 PM     LOG [RouterExplorer] Mapped {/api/assets/:id, DELETE} route +0ms
[Nest] 475995  - 10/03/2025, 3:45:19 PM     LOG [RouterExplorer] Mapped {/api/assets/:id/retire, PUT} route +0ms
[Nest] 475995  - 10/03/2025, 3:45:19 PM     LOG [RouterExplorer] Mapped {/api/assets/:id/reactivate, PUT} route +0ms
[Nest] 475995  - 10/03/2025, 3:45:19 PM     LOG [RouterExplorer] Mapped {/api/assets/validate-bulk-upload, POST} route +1ms
[Nest] 475995  - 10/03/2025, 3:45:19 PM     LOG [RouterExplorer] Mapped {/api/assets/bulk-upload, POST} route +0ms
[Nest] 475995  - 10/03/2025, 3:45:19 PM     LOG [RoutesResolver] AssetHistoryController {/api/asset-history}: +0ms
[Nest] 475995  - 10/03/2025, 3:45:19 PM     LOG [RouterExplorer] Mapped {/api/asset-history/:id, GET} route +0ms
[Nest] 475995  - 10/03/2025, 3:45:19 PM     LOG [RouterExplorer] Mapped {/api/asset-history/:id/summary, GET} route +0ms
[Nest] 475995  - 10/03/2025, 3:45:19 PM     LOG [RoutesResolver] AdminController {/api/admin}: +0ms
[Nest] 475995  - 10/03/2025, 3:45:19 PM     LOG [RouterExplorer] Mapped {/api/admin/users, GET} route +0ms
[Nest] 475995  - 10/03/2025, 3:45:19 PM     LOG [RouterExplorer] Mapped {/api/admin/users, POST} route +0ms
[Nest] 475995  - 10/03/2025, 3:45:19 PM     LOG [RouterExplorer] Mapped {/api/admin/users/:id/status, PATCH} route +0ms
[Nest] 475995  - 10/03/2025, 3:45:19 PM     LOG [RouterExplorer] Mapped {/api/admin/users/:id, DELETE} route +1ms
[Nest] 475995  - 10/03/2025, 3:45:19 PM     LOG [NestApplication] Nest application successfully started +127ms
[Nest] 475995  - 10/03/2025, 3:45:19 PM   ERROR [NestApplication] Error: listen EADDRINUSE: address already in use :::3000 +2ms
node:net:1937
    const ex = new UVExceptionWithHostPort(err, 'listen', address, port);
               ^

Error: listen EADDRINUSE: address already in use :::3000
    at Server.setupListenHandle [as _listen2] (node:net:1937:16)
    at listenInCluster (node:net:1994:12)
    at Server.listen (node:net:2099:7)
    at ExpressAdapter.listen (/home/mindstix/Documents/Mindstix-Foundation/asset-mgt-be/node_modules/@nestjs/platform-express/adapters/express-adapter.js:127:32)
    at /home/mindstix/Documents/Mindstix-Foundation/asset-mgt-be/node_modules/@nestjs/core/nest-application.js:188:30
    at new Promise (<anonymous>)
    at NestApplication.listen (/home/mindstix/Documents/Mindstix-Foundation/asset-mgt-be/node_modules/@nestjs/core/nest-application.js:178:16)
    at async bootstrap (/home/mindstix/Documents/Mindstix-Foundation/asset-mgt-be/src/main.ts:82:3) {
  code: 'EADDRINUSE',
  errno: -98,
  syscall: 'listen',
  address: '::',
  port: 3000
}

Node.js v23.6.0
[2J[3J[H[[90m3:46:14 PM[0m] File change detected. Starting incremental compilation...

[[90m3:46:15 PM[0m] Found 0 errors. Watching for file changes.

[Nest] 476278  - 10/03/2025, 3:46:16 PM     LOG [NestFactory] Starting Nest application...
[Nest] 476278  - 10/03/2025, 3:46:16 PM     LOG [InstanceLoader] PrismaModule dependencies initialized +30ms
[Nest] 476278  - 10/03/2025, 3:46:16 PM     LOG [InstanceLoader] PassportModule dependencies initialized +0ms
[Nest] 476278  - 10/03/2025, 3:46:16 PM     LOG [InstanceLoader] ConfigHostModule dependencies initialized +1ms
[Nest] 476278  - 10/03/2025, 3:46:16 PM     LOG [InstanceLoader] ThrottlerModule dependencies initialized +0ms
[Nest] 476278  - 10/03/2025, 3:46:16 PM     LOG [InstanceLoader] JwtModule dependencies initialized +0ms
[Nest] 476278  - 10/03/2025, 3:46:16 PM     LOG [InstanceLoader] DiscoveryModule dependencies initialized +0ms
[Nest] 476278  - 10/03/2025, 3:46:16 PM     LOG [InstanceLoader] ConfigModule dependencies initialized +2ms
[Nest] 476278  - 10/03/2025, 3:46:16 PM     LOG [InstanceLoader] ConfigModule dependencies initialized +1ms
[Nest] 476278  - 10/03/2025, 3:46:16 PM     LOG [InstanceLoader] ScheduleModule dependencies initialized +1ms
[Nest] 476278  - 10/03/2025, 3:46:16 PM     LOG [InstanceLoader] AuthModule dependencies initialized +2ms
[Nest] 476278  - 10/03/2025, 3:46:16 PM     LOG [InstanceLoader] VendorsModule dependencies initialized +1ms
[Nest] 476278  - 10/03/2025, 3:46:16 PM     LOG [InstanceLoader] AssetCategoriesModule dependencies initialized +0ms
[Nest] 476278  - 10/03/2025, 3:46:16 PM     LOG [InstanceLoader] AssetTypesModule dependencies initialized +0ms
[Nest] 476278  - 10/03/2025, 3:46:16 PM     LOG [InstanceLoader] BrandsModule dependencies initialized +0ms
[Nest] 476278  - 10/03/2025, 3:46:16 PM     LOG [InstanceLoader] ModelsModule dependencies initialized +0ms
[Nest] 476278  - 10/03/2025, 3:46:16 PM     LOG [InstanceLoader] AssignmentsModule dependencies initialized +0ms
[Nest] 476278  - 10/03/2025, 3:46:16 PM     LOG [InstanceLoader] EmployeesModule dependencies initialized +1ms
[Nest] 476278  - 10/03/2025, 3:46:16 PM     LOG [InstanceLoader] MaintenanceModule dependencies initialized +0ms
[Nest] 476278  - 10/03/2025, 3:46:16 PM     LOG [InstanceLoader] AssetsModule dependencies initialized +0ms
[Nest] 476278  - 10/03/2025, 3:46:16 PM     LOG [InstanceLoader] AdminModule dependencies initialized +0ms
[Nest] 476278  - 10/03/2025, 3:46:16 PM     LOG [InstanceLoader] ReportsModule dependencies initialized +0ms
[Nest] 476278  - 10/03/2025, 3:46:16 PM     LOG [InstanceLoader] AssetHistoryModule dependencies initialized +0ms
[Nest] 476278  - 10/03/2025, 3:46:16 PM     LOG [InstanceLoader] AppModule dependencies initialized +0ms
[Nest] 476278  - 10/03/2025, 3:46:16 PM     LOG [RoutesResolver] AppController {/api}: +97ms
[Nest] 476278  - 10/03/2025, 3:46:16 PM     LOG [RouterExplorer] Mapped {/api, GET} route +2ms
[Nest] 476278  - 10/03/2025, 3:46:16 PM     LOG [RouterExplorer] Mapped {/api/dashboard/stats, GET} route +0ms
[Nest] 476278  - 10/03/2025, 3:46:16 PM     LOG [RoutesResolver] AuthController {/api/auth}: +1ms
[Nest] 476278  - 10/03/2025, 3:46:16 PM     LOG [RouterExplorer] Mapped {/api/auth/login, POST} route +0ms
[Nest] 476278  - 10/03/2025, 3:46:16 PM     LOG [RouterExplorer] Mapped {/api/auth/profile, GET} route +0ms
[Nest] 476278  - 10/03/2025, 3:46:16 PM     LOG [RouterExplorer] Mapped {/api/auth/refresh, POST} route +1ms
[Nest] 476278  - 10/03/2025, 3:46:16 PM     LOG [RouterExplorer] Mapped {/api/auth/logout, POST} route +0ms
[Nest] 476278  - 10/03/2025, 3:46:16 PM     LOG [RouterExplorer] Mapped {/api/auth/forgot-password, POST} route +0ms
[Nest] 476278  - 10/03/2025, 3:46:16 PM     LOG [RouterExplorer] Mapped {/api/auth/reset-password, POST} route +1ms
[Nest] 476278  - 10/03/2025, 3:46:16 PM     LOG [RouterExplorer] Mapped {/api/auth/change-password, POST} route +0ms
[Nest] 476278  - 10/03/2025, 3:46:16 PM     LOG [RoutesResolver] EmployeesController {/api/employees}: +0ms
[Nest] 476278  - 10/03/2025, 3:46:16 PM     LOG [RouterExplorer] Mapped {/api/employees, POST} route +1ms
[Nest] 476278  - 10/03/2025, 3:46:16 PM     LOG [RouterExplorer] Mapped {/api/employees/check-email, GET} route +0ms
[Nest] 476278  - 10/03/2025, 3:46:16 PM     LOG [RouterExplorer] Mapped {/api/employees, GET} route +0ms
[Nest] 476278  - 10/03/2025, 3:46:16 PM     LOG [RouterExplorer] Mapped {/api/employees/dropdowns, GET} route +0ms
[Nest] 476278  - 10/03/2025, 3:46:16 PM     LOG [RouterExplorer] Mapped {/api/employees/test-route, GET} route +0ms
[Nest] 476278  - 10/03/2025, 3:46:16 PM     LOG [RouterExplorer] Mapped {/api/employees/non-admin-dropdown, GET} route +1ms
[Nest] 476278  - 10/03/2025, 3:46:16 PM     LOG [RouterExplorer] Mapped {/api/employees/export, GET} route +0ms
[Nest] 476278  - 10/03/2025, 3:46:16 PM     LOG [RouterExplorer] Mapped {/api/employees/:id, GET} route +0ms
[Nest] 476278  - 10/03/2025, 3:46:16 PM     LOG [RouterExplorer] Mapped {/api/employees/:id/asset-history, GET} route +1ms
[Nest] 476278  - 10/03/2025, 3:46:16 PM     LOG [RouterExplorer] Mapped {/api/employees/:id/asset-events, GET} route +0ms
[Nest] 476278  - 10/03/2025, 3:46:16 PM     LOG [RouterExplorer] Mapped {/api/employees/:id, PUT} route +0ms
[Nest] 476278  - 10/03/2025, 3:46:16 PM     LOG [RouterExplorer] Mapped {/api/employees/bulk-upload/validate, POST} route +0ms
[Nest] 476278  - 10/03/2025, 3:46:16 PM     LOG [RouterExplorer] Mapped {/api/employees/bulk-upload, POST} route +1ms
[Nest] 476278  - 10/03/2025, 3:46:16 PM     LOG [RouterExplorer] Mapped {/api/employees/:id, DELETE} route +0ms
[Nest] 476278  - 10/03/2025, 3:46:16 PM     LOG [RoutesResolver] VendorsController {/api/vendors}: +0ms
[Nest] 476278  - 10/03/2025, 3:46:16 PM     LOG [RouterExplorer] Mapped {/api/vendors, POST} route +0ms
[Nest] 476278  - 10/03/2025, 3:46:16 PM     LOG [RouterExplorer] Mapped {/api/vendors, GET} route +0ms
[Nest] 476278  - 10/03/2025, 3:46:16 PM     LOG [RouterExplorer] Mapped {/api/vendors/search, GET} route +0ms
[Nest] 476278  - 10/03/2025, 3:46:16 PM     LOG [RouterExplorer] Mapped {/api/vendors/:id, GET} route +0ms
[Nest] 476278  - 10/03/2025, 3:46:16 PM     LOG [RouterExplorer] Mapped {/api/vendors/:id, PUT} route +1ms
[Nest] 476278  - 10/03/2025, 3:46:16 PM     LOG [RouterExplorer] Mapped {/api/vendors/:id, DELETE} route +0ms
[Nest] 476278  - 10/03/2025, 3:46:16 PM     LOG [RouterExplorer] Mapped {/api/vendors/:id/status, PATCH} route +0ms
[Nest] 476278  - 10/03/2025, 3:46:16 PM     LOG [RouterExplorer] Mapped {/api/vendors/check-name, POST} route +0ms
[Nest] 476278  - 10/03/2025, 3:46:16 PM     LOG [RouterExplorer] Mapped {/api/vendors/validate-bulk-upload, POST} route +0ms
[Nest] 476278  - 10/03/2025, 3:46:16 PM     LOG [RouterExplorer] Mapped {/api/vendors/bulk-upload, POST} route +0ms
[Nest] 476278  - 10/03/2025, 3:46:16 PM     LOG [RoutesResolver] AssetCategoriesController {/api/asset-categories}: +0ms
[Nest] 476278  - 10/03/2025, 3:46:16 PM     LOG [RouterExplorer] Mapped {/api/asset-categories, POST} route +0ms
[Nest] 476278  - 10/03/2025, 3:46:16 PM     LOG [RouterExplorer] Mapped {/api/asset-categories, GET} route +0ms
[Nest] 476278  - 10/03/2025, 3:46:16 PM     LOG [RouterExplorer] Mapped {/api/asset-categories/:id, GET} route +1ms
[Nest] 476278  - 10/03/2025, 3:46:16 PM     LOG [RouterExplorer] Mapped {/api/asset-categories/:id, PUT} route +0ms
[Nest] 476278  - 10/03/2025, 3:46:16 PM     LOG [RouterExplorer] Mapped {/api/asset-categories/:id, DELETE} route +0ms
[Nest] 476278  - 10/03/2025, 3:46:16 PM     LOG [RouterExplorer] Mapped {/api/asset-categories/:sourceId/merge/:targetId, POST} route +0ms
[Nest] 476278  - 10/03/2025, 3:46:16 PM     LOG [RoutesResolver] AssetTypesController {/api/asset-types}: +0ms
[Nest] 476278  - 10/03/2025, 3:46:16 PM     LOG [RouterExplorer] Mapped {/api/asset-types, POST} route +0ms
[Nest] 476278  - 10/03/2025, 3:46:16 PM     LOG [RouterExplorer] Mapped {/api/asset-types, GET} route +0ms
[Nest] 476278  - 10/03/2025, 3:46:16 PM     LOG [RouterExplorer] Mapped {/api/asset-types/by-category/:categoryId, GET} route +0ms
[Nest] 476278  - 10/03/2025, 3:46:16 PM     LOG [RouterExplorer] Mapped {/api/asset-types/:id, GET} route +1ms
[Nest] 476278  - 10/03/2025, 3:46:16 PM     LOG [RouterExplorer] Mapped {/api/asset-types/:id, PUT} route +0ms
[Nest] 476278  - 10/03/2025, 3:46:16 PM     LOG [RouterExplorer] Mapped {/api/asset-types/:id, DELETE} route +0ms
[Nest] 476278  - 10/03/2025, 3:46:16 PM     LOG [RouterExplorer] Mapped {/api/asset-types/:sourceId/merge/:targetId, POST} route +0ms
[Nest] 476278  - 10/03/2025, 3:46:16 PM     LOG [RoutesResolver] BrandsController {/api/brands}: +0ms
[Nest] 476278  - 10/03/2025, 3:46:16 PM     LOG [RouterExplorer] Mapped {/api/brands, POST} route +0ms
[Nest] 476278  - 10/03/2025, 3:46:16 PM     LOG [RouterExplorer] Mapped {/api/brands, GET} route +0ms
[Nest] 476278  - 10/03/2025, 3:46:16 PM     LOG [RouterExplorer] Mapped {/api/brands/:id, GET} route +0ms
[Nest] 476278  - 10/03/2025, 3:46:16 PM     LOG [RouterExplorer] Mapped {/api/brands/:id, PUT} route +1ms
[Nest] 476278  - 10/03/2025, 3:46:16 PM     LOG [RouterExplorer] Mapped {/api/brands/:id, DELETE} route +0ms
[Nest] 476278  - 10/03/2025, 3:46:16 PM     LOG [RouterExplorer] Mapped {/api/brands/:sourceId/merge/:targetId, POST} route +0ms
[Nest] 476278  - 10/03/2025, 3:46:16 PM     LOG [RoutesResolver] ModelsController {/api/models}: +0ms
[Nest] 476278  - 10/03/2025, 3:46:16 PM     LOG [RouterExplorer] Mapped {/api/models, POST} route +0ms
[Nest] 476278  - 10/03/2025, 3:46:16 PM     LOG [RouterExplorer] Mapped {/api/models, GET} route +0ms
[Nest] 476278  - 10/03/2025, 3:46:16 PM     LOG [RouterExplorer] Mapped {/api/models/by-brand/:brandId, GET} route +1ms
[Nest] 476278  - 10/03/2025, 3:46:16 PM     LOG [RouterExplorer] Mapped {/api/models/by-brand/:brandId/asset-type/:assetTypeId, GET} route +0ms
[Nest] 476278  - 10/03/2025, 3:46:16 PM     LOG [RouterExplorer] Mapped {/api/models/:id, GET} route +0ms
[Nest] 476278  - 10/03/2025, 3:46:16 PM     LOG [RouterExplorer] Mapped {/api/models/:id, PUT} route +0ms
[Nest] 476278  - 10/03/2025, 3:46:16 PM     LOG [RouterExplorer] Mapped {/api/models/:id, DELETE} route +0ms
[Nest] 476278  - 10/03/2025, 3:46:16 PM     LOG [RouterExplorer] Mapped {/api/models/:sourceId/merge/:targetId, POST} route +0ms
[Nest] 476278  - 10/03/2025, 3:46:16 PM     LOG [RoutesResolver] AssignmentsController {/api/assignments}: +0ms
[Nest] 476278  - 10/03/2025, 3:46:16 PM     LOG [RouterExplorer] Mapped {/api/assignments, POST} route +1ms
[Nest] 476278  - 10/03/2025, 3:46:16 PM     LOG [RouterExplorer] Mapped {/api/assignments/active, GET} route +0ms
[Nest] 476278  - 10/03/2025, 3:46:16 PM     LOG [RouterExplorer] Mapped {/api/assignments/active/collect, GET} route +0ms
[Nest] 476278  - 10/03/2025, 3:46:16 PM     LOG [RouterExplorer] Mapped {/api/assignments, GET} route +0ms
[Nest] 476278  - 10/03/2025, 3:46:16 PM     LOG [RouterExplorer] Mapped {/api/assignments/:id, GET} route +1ms
[Nest] 476278  - 10/03/2025, 3:46:16 PM     LOG [RouterExplorer] Mapped {/api/assignments/:id/return, PUT} route +0ms
[Nest] 476278  - 10/03/2025, 3:46:16 PM     LOG [RoutesResolver] ReportsController {/api/reports}: +0ms
[Nest] 476278  - 10/03/2025, 3:46:16 PM     LOG [RouterExplorer] Mapped {/api/reports/analytics, GET} route +0ms
[Nest] 476278  - 10/03/2025, 3:46:16 PM     LOG [RouterExplorer] Mapped {/api/reports/asset-inventory, GET} route +1ms
[Nest] 476278  - 10/03/2025, 3:46:16 PM     LOG [RouterExplorer] Mapped {/api/reports/employee-assets, GET} route +0ms
[Nest] 476278  - 10/03/2025, 3:46:16 PM     LOG [RouterExplorer] Mapped {/api/reports/maintenance, GET} route +0ms
[Nest] 476278  - 10/03/2025, 3:46:16 PM     LOG [RouterExplorer] Mapped {/api/reports/export/asset-inventory, POST} route +0ms
[Nest] 476278  - 10/03/2025, 3:46:16 PM     LOG [RouterExplorer] Mapped {/api/reports/export/employee-assets, POST} route +0ms
[Nest] 476278  - 10/03/2025, 3:46:16 PM     LOG [RouterExplorer] Mapped {/api/reports/export/maintenance, POST} route +0ms
[Nest] 476278  - 10/03/2025, 3:46:16 PM     LOG [RouterExplorer] Mapped {/api/reports/preview, GET} route +0ms
[Nest] 476278  - 10/03/2025, 3:46:16 PM     LOG [RoutesResolver] MaintenanceController {/api/maintenance}: +0ms
[Nest] 476278  - 10/03/2025, 3:46:16 PM     LOG [RouterExplorer] Mapped {/api/maintenance, POST} route +1ms
[Nest] 476278  - 10/03/2025, 3:46:16 PM     LOG [RouterExplorer] Mapped {/api/maintenance, GET} route +0ms
[Nest] 476278  - 10/03/2025, 3:46:16 PM     LOG [RouterExplorer] Mapped {/api/maintenance/check-asset-availability, GET} route +0ms
[Nest] 476278  - 10/03/2025, 3:46:16 PM     LOG [RouterExplorer] Mapped {/api/maintenance/export, GET} route +0ms
[Nest] 476278  - 10/03/2025, 3:46:16 PM     LOG [RouterExplorer] Mapped {/api/maintenance/asset/:assetId/history, GET} route +0ms
[Nest] 476278  - 10/03/2025, 3:46:16 PM     LOG [RouterExplorer] Mapped {/api/maintenance/asset/:assetId/history-events, GET} route +0ms
[Nest] 476278  - 10/03/2025, 3:46:16 PM     LOG [RouterExplorer] Mapped {/api/maintenance/:id, GET} route +0ms
[Nest] 476278  - 10/03/2025, 3:46:16 PM     LOG [RouterExplorer] Mapped {/api/maintenance/:id, PATCH} route +1ms
[Nest] 476278  - 10/03/2025, 3:46:16 PM     LOG [RouterExplorer] Mapped {/api/maintenance/:id/complete, PUT} route +0ms
[Nest] 476278  - 10/03/2025, 3:46:16 PM     LOG [RouterExplorer] Mapped {/api/maintenance/:id/cancel, PUT} route +0ms
[Nest] 476278  - 10/03/2025, 3:46:16 PM     LOG [RouterExplorer] Mapped {/api/maintenance/:id, DELETE} route +0ms
[Nest] 476278  - 10/03/2025, 3:46:16 PM     LOG [RoutesResolver] MaintenanceTypesController {/api/maintenance-types}: +0ms
[Nest] 476278  - 10/03/2025, 3:46:16 PM     LOG [RouterExplorer] Mapped {/api/maintenance-types, GET} route +0ms
[Nest] 476278  - 10/03/2025, 3:46:16 PM     LOG [RoutesResolver] AssetsController {/api/assets}: +0ms
[Nest] 476278  - 10/03/2025, 3:46:16 PM     LOG [RouterExplorer] Mapped {/api/assets/generate-id, GET} route +1ms
[Nest] 476278  - 10/03/2025, 3:46:16 PM     LOG [RouterExplorer] Mapped {/api/assets, POST} route +0ms
[Nest] 476278  - 10/03/2025, 3:46:16 PM     LOG [RouterExplorer] Mapped {/api/assets, GET} route +0ms
[Nest] 476278  - 10/03/2025, 3:46:16 PM     LOG [RouterExplorer] Mapped {/api/assets/stats, GET} route +0ms
[Nest] 476278  - 10/03/2025, 3:46:16 PM     LOG [RouterExplorer] Mapped {/api/assets/export, GET} route +0ms
[Nest] 476278  - 10/03/2025, 3:46:16 PM     LOG [RouterExplorer] Mapped {/api/assets/search, GET} route +0ms
[Nest] 476278  - 10/03/2025, 3:46:16 PM     LOG [RouterExplorer] Mapped {/api/assets/dropdowns, GET} route +0ms
[Nest] 476278  - 10/03/2025, 3:46:16 PM     LOG [RouterExplorer] Mapped {/api/assets/available, GET} route +0ms
[Nest] 476278  - 10/03/2025, 3:46:16 PM     LOG [RouterExplorer] Mapped {/api/assets/:id, GET} route +1ms
[Nest] 476278  - 10/03/2025, 3:46:16 PM     LOG [RouterExplorer] Mapped {/api/assets/:id, PUT} route +0ms
[Nest] 476278  - 10/03/2025, 3:46:16 PM     LOG [RouterExplorer] Mapped {/api/assets/:id, DELETE} route +0ms
[Nest] 476278  - 10/03/2025, 3:46:16 PM     LOG [RouterExplorer] Mapped {/api/assets/:id/retire, PUT} route +0ms
[Nest] 476278  - 10/03/2025, 3:46:16 PM     LOG [RouterExplorer] Mapped {/api/assets/:id/reactivate, PUT} route +0ms
[Nest] 476278  - 10/03/2025, 3:46:16 PM     LOG [RouterExplorer] Mapped {/api/assets/validate-bulk-upload, POST} route +1ms
[Nest] 476278  - 10/03/2025, 3:46:16 PM     LOG [RouterExplorer] Mapped {/api/assets/bulk-upload, POST} route +0ms
[Nest] 476278  - 10/03/2025, 3:46:16 PM     LOG [RoutesResolver] AssetHistoryController {/api/asset-history}: +0ms
[Nest] 476278  - 10/03/2025, 3:46:16 PM     LOG [RouterExplorer] Mapped {/api/asset-history/:id, GET} route +0ms
[Nest] 476278  - 10/03/2025, 3:46:16 PM     LOG [RouterExplorer] Mapped {/api/asset-history/:id/summary, GET} route +0ms
[Nest] 476278  - 10/03/2025, 3:46:16 PM     LOG [RoutesResolver] AdminController {/api/admin}: +0ms
[Nest] 476278  - 10/03/2025, 3:46:16 PM     LOG [RouterExplorer] Mapped {/api/admin/users, GET} route +0ms
[Nest] 476278  - 10/03/2025, 3:46:16 PM     LOG [RouterExplorer] Mapped {/api/admin/users, POST} route +1ms
[Nest] 476278  - 10/03/2025, 3:46:16 PM     LOG [RouterExplorer] Mapped {/api/admin/users/:id/status, PATCH} route +0ms
[Nest] 476278  - 10/03/2025, 3:46:16 PM     LOG [RouterExplorer] Mapped {/api/admin/users/:id, DELETE} route +0ms
[Nest] 476278  - 10/03/2025, 3:46:16 PM     LOG [NestApplication] Nest application successfully started +145ms
[Nest] 476278  - 10/03/2025, 3:46:16 PM   ERROR [NestApplication] Error: listen EADDRINUSE: address already in use :::3000 +1ms
node:net:1937
    const ex = new UVExceptionWithHostPort(err, 'listen', address, port);
               ^

Error: listen EADDRINUSE: address already in use :::3000
    at Server.setupListenHandle [as _listen2] (node:net:1937:16)
    at listenInCluster (node:net:1994:12)
    at Server.listen (node:net:2099:7)
    at ExpressAdapter.listen (/home/mindstix/Documents/Mindstix-Foundation/asset-mgt-be/node_modules/@nestjs/platform-express/adapters/express-adapter.js:127:32)
    at /home/mindstix/Documents/Mindstix-Foundation/asset-mgt-be/node_modules/@nestjs/core/nest-application.js:188:30
    at new Promise (<anonymous>)
    at NestApplication.listen (/home/mindstix/Documents/Mindstix-Foundation/asset-mgt-be/node_modules/@nestjs/core/nest-application.js:178:16)
    at async bootstrap (/home/mindstix/Documents/Mindstix-Foundation/asset-mgt-be/src/main.ts:82:3) {
  code: 'EADDRINUSE',
  errno: -98,
  syscall: 'listen',
  address: '::',
  port: 3000
}

Node.js v23.6.0
[2J[3J[H[[90m3:47:06 PM[0m] File change detected. Starting incremental compilation...

[[90m3:47:11 PM[0m] Found 0 errors. Watching for file changes.

[2J[3J[H[[90m3:47:12 PM[0m] File change detected. Starting incremental compilation...

[[90m3:47:12 PM[0m] Found 0 errors. Watching for file changes.

[Nest] 476717  - 10/03/2025, 3:47:14 PM     LOG [NestFactory] Starting Nest application...
[Nest] 476717  - 10/03/2025, 3:47:14 PM     LOG [InstanceLoader] PrismaModule dependencies initialized +24ms
[Nest] 476717  - 10/03/2025, 3:47:14 PM     LOG [InstanceLoader] PassportModule dependencies initialized +0ms
[Nest] 476717  - 10/03/2025, 3:47:14 PM     LOG [InstanceLoader] ConfigHostModule dependencies initialized +1ms
[Nest] 476717  - 10/03/2025, 3:47:14 PM     LOG [InstanceLoader] ThrottlerModule dependencies initialized +0ms
[Nest] 476717  - 10/03/2025, 3:47:14 PM     LOG [InstanceLoader] JwtModule dependencies initialized +0ms
[Nest] 476717  - 10/03/2025, 3:47:14 PM     LOG [InstanceLoader] DiscoveryModule dependencies initialized +0ms
[Nest] 476717  - 10/03/2025, 3:47:14 PM     LOG [InstanceLoader] ConfigModule dependencies initialized +2ms
[Nest] 476717  - 10/03/2025, 3:47:14 PM     LOG [InstanceLoader] ConfigModule dependencies initialized +0ms
[Nest] 476717  - 10/03/2025, 3:47:14 PM     LOG [InstanceLoader] ScheduleModule dependencies initialized +1ms
[Nest] 476717  - 10/03/2025, 3:47:14 PM     LOG [InstanceLoader] AuthModule dependencies initialized +1ms
[Nest] 476717  - 10/03/2025, 3:47:14 PM     LOG [InstanceLoader] VendorsModule dependencies initialized +0ms
[Nest] 476717  - 10/03/2025, 3:47:14 PM     LOG [InstanceLoader] AssetCategoriesModule dependencies initialized +1ms
[Nest] 476717  - 10/03/2025, 3:47:14 PM     LOG [InstanceLoader] AssetTypesModule dependencies initialized +0ms
[Nest] 476717  - 10/03/2025, 3:47:14 PM     LOG [InstanceLoader] BrandsModule dependencies initialized +0ms
[Nest] 476717  - 10/03/2025, 3:47:14 PM     LOG [InstanceLoader] ModelsModule dependencies initialized +0ms
[Nest] 476717  - 10/03/2025, 3:47:14 PM     LOG [InstanceLoader] AssignmentsModule dependencies initialized +0ms
[Nest] 476717  - 10/03/2025, 3:47:14 PM     LOG [InstanceLoader] EmployeesModule dependencies initialized +0ms
[Nest] 476717  - 10/03/2025, 3:47:14 PM     LOG [InstanceLoader] MaintenanceModule dependencies initialized +0ms
[Nest] 476717  - 10/03/2025, 3:47:14 PM     LOG [InstanceLoader] AssetsModule dependencies initialized +0ms
[Nest] 476717  - 10/03/2025, 3:47:14 PM     LOG [InstanceLoader] AdminModule dependencies initialized +0ms
[Nest] 476717  - 10/03/2025, 3:47:14 PM     LOG [InstanceLoader] ReportsModule dependencies initialized +0ms
[Nest] 476717  - 10/03/2025, 3:47:14 PM     LOG [InstanceLoader] AssetHistoryModule dependencies initialized +0ms
[Nest] 476717  - 10/03/2025, 3:47:14 PM     LOG [InstanceLoader] AppModule dependencies initialized +0ms
[Nest] 476717  - 10/03/2025, 3:47:14 PM     LOG [RoutesResolver] AppController {/api}: +84ms
[Nest] 476717  - 10/03/2025, 3:47:14 PM     LOG [RouterExplorer] Mapped {/api, GET} route +2ms
[Nest] 476717  - 10/03/2025, 3:47:14 PM     LOG [RouterExplorer] Mapped {/api/dashboard/stats, GET} route +0ms
[Nest] 476717  - 10/03/2025, 3:47:14 PM     LOG [RoutesResolver] AuthController {/api/auth}: +0ms
[Nest] 476717  - 10/03/2025, 3:47:14 PM     LOG [RouterExplorer] Mapped {/api/auth/login, POST} route +1ms
[Nest] 476717  - 10/03/2025, 3:47:14 PM     LOG [RouterExplorer] Mapped {/api/auth/profile, GET} route +0ms
[Nest] 476717  - 10/03/2025, 3:47:14 PM     LOG [RouterExplorer] Mapped {/api/auth/refresh, POST} route +0ms
[Nest] 476717  - 10/03/2025, 3:47:14 PM     LOG [RouterExplorer] Mapped {/api/auth/logout, POST} route +1ms
[Nest] 476717  - 10/03/2025, 3:47:14 PM     LOG [RouterExplorer] Mapped {/api/auth/forgot-password, POST} route +0ms
[Nest] 476717  - 10/03/2025, 3:47:14 PM     LOG [RouterExplorer] Mapped {/api/auth/reset-password, POST} route +0ms
[Nest] 476717  - 10/03/2025, 3:47:14 PM     LOG [RouterExplorer] Mapped {/api/auth/change-password, POST} route +0ms
[Nest] 476717  - 10/03/2025, 3:47:14 PM     LOG [RoutesResolver] EmployeesController {/api/employees}: +1ms
[Nest] 476717  - 10/03/2025, 3:47:14 PM     LOG [RouterExplorer] Mapped {/api/employees, POST} route +0ms
[Nest] 476717  - 10/03/2025, 3:47:14 PM     LOG [RouterExplorer] Mapped {/api/employees/check-email, GET} route +0ms
[Nest] 476717  - 10/03/2025, 3:47:14 PM     LOG [RouterExplorer] Mapped {/api/employees, GET} route +0ms
[Nest] 476717  - 10/03/2025, 3:47:14 PM     LOG [RouterExplorer] Mapped {/api/employees/dropdowns, GET} route +1ms
[Nest] 476717  - 10/03/2025, 3:47:14 PM     LOG [RouterExplorer] Mapped {/api/employees/test-route, GET} route +0ms
[Nest] 476717  - 10/03/2025, 3:47:14 PM     LOG [RouterExplorer] Mapped {/api/employees/non-admin-dropdown, GET} route +0ms
[Nest] 476717  - 10/03/2025, 3:47:14 PM     LOG [RouterExplorer] Mapped {/api/employees/export, GET} route +0ms
[Nest] 476717  - 10/03/2025, 3:47:14 PM     LOG [RouterExplorer] Mapped {/api/employees/:id, GET} route +1ms
[Nest] 476717  - 10/03/2025, 3:47:14 PM     LOG [RouterExplorer] Mapped {/api/employees/:id/asset-history, GET} route +0ms
[Nest] 476717  - 10/03/2025, 3:47:14 PM     LOG [RouterExplorer] Mapped {/api/employees/:id/asset-events, GET} route +0ms
[Nest] 476717  - 10/03/2025, 3:47:14 PM     LOG [RouterExplorer] Mapped {/api/employees/:id, PUT} route +0ms
[Nest] 476717  - 10/03/2025, 3:47:14 PM     LOG [RouterExplorer] Mapped {/api/employees/bulk-upload/validate, POST} route +1ms
[Nest] 476717  - 10/03/2025, 3:47:14 PM     LOG [RouterExplorer] Mapped {/api/employees/bulk-upload, POST} route +0ms
[Nest] 476717  - 10/03/2025, 3:47:14 PM     LOG [RouterExplorer] Mapped {/api/employees/:id, DELETE} route +0ms
[Nest] 476717  - 10/03/2025, 3:47:14 PM     LOG [RoutesResolver] VendorsController {/api/vendors}: +0ms
[Nest] 476717  - 10/03/2025, 3:47:14 PM     LOG [RouterExplorer] Mapped {/api/vendors, POST} route +1ms
[Nest] 476717  - 10/03/2025, 3:47:14 PM     LOG [RouterExplorer] Mapped {/api/vendors, GET} route +0ms
[Nest] 476717  - 10/03/2025, 3:47:14 PM     LOG [RouterExplorer] Mapped {/api/vendors/search, GET} route +0ms
[Nest] 476717  - 10/03/2025, 3:47:14 PM     LOG [RouterExplorer] Mapped {/api/vendors/:id, GET} route +0ms
[Nest] 476717  - 10/03/2025, 3:47:14 PM     LOG [RouterExplorer] Mapped {/api/vendors/:id, PUT} route +0ms
[Nest] 476717  - 10/03/2025, 3:47:14 PM     LOG [RouterExplorer] Mapped {/api/vendors/:id, DELETE} route +0ms
[Nest] 476717  - 10/03/2025, 3:47:14 PM     LOG [RouterExplorer] Mapped {/api/vendors/:id/status, PATCH} route +1ms
[Nest] 476717  - 10/03/2025, 3:47:14 PM     LOG [RouterExplorer] Mapped {/api/vendors/check-name, POST} route +0ms
[Nest] 476717  - 10/03/2025, 3:47:14 PM     LOG [RouterExplorer] Mapped {/api/vendors/validate-bulk-upload, POST} route +0ms
[Nest] 476717  - 10/03/2025, 3:47:14 PM     LOG [RouterExplorer] Mapped {/api/vendors/bulk-upload, POST} route +0ms
[Nest] 476717  - 10/03/2025, 3:47:14 PM     LOG [RoutesResolver] AssetCategoriesController {/api/asset-categories}: +0ms
[Nest] 476717  - 10/03/2025, 3:47:14 PM     LOG [RouterExplorer] Mapped {/api/asset-categories, POST} route +0ms
[Nest] 476717  - 10/03/2025, 3:47:14 PM     LOG [RouterExplorer] Mapped {/api/asset-categories, GET} route +0ms
[Nest] 476717  - 10/03/2025, 3:47:14 PM     LOG [RouterExplorer] Mapped {/api/asset-categories/:id, GET} route +1ms
[Nest] 476717  - 10/03/2025, 3:47:14 PM     LOG [RouterExplorer] Mapped {/api/asset-categories/:id, PUT} route +0ms
[Nest] 476717  - 10/03/2025, 3:47:14 PM     LOG [RouterExplorer] Mapped {/api/asset-categories/:id, DELETE} route +0ms
[Nest] 476717  - 10/03/2025, 3:47:14 PM     LOG [RouterExplorer] Mapped {/api/asset-categories/:sourceId/merge/:targetId, POST} route +0ms
[Nest] 476717  - 10/03/2025, 3:47:14 PM     LOG [RoutesResolver] AssetTypesController {/api/asset-types}: +0ms
[Nest] 476717  - 10/03/2025, 3:47:14 PM     LOG [RouterExplorer] Mapped {/api/asset-types, POST} route +0ms
[Nest] 476717  - 10/03/2025, 3:47:14 PM     LOG [RouterExplorer] Mapped {/api/asset-types, GET} route +0ms
[Nest] 476717  - 10/03/2025, 3:47:14 PM     LOG [RouterExplorer] Mapped {/api/asset-types/by-category/:categoryId, GET} route +0ms
[Nest] 476717  - 10/03/2025, 3:47:14 PM     LOG [RouterExplorer] Mapped {/api/asset-types/:id, GET} route +0ms
[Nest] 476717  - 10/03/2025, 3:47:14 PM     LOG [RouterExplorer] Mapped {/api/asset-types/:id, PUT} route +1ms
[Nest] 476717  - 10/03/2025, 3:47:14 PM     LOG [RouterExplorer] Mapped {/api/asset-types/:id, DELETE} route +0ms
[Nest] 476717  - 10/03/2025, 3:47:14 PM     LOG [RouterExplorer] Mapped {/api/asset-types/:sourceId/merge/:targetId, POST} route +0ms
[Nest] 476717  - 10/03/2025, 3:47:14 PM     LOG [RoutesResolver] BrandsController {/api/brands}: +0ms
[Nest] 476717  - 10/03/2025, 3:47:14 PM     LOG [RouterExplorer] Mapped {/api/brands, POST} route +0ms
[Nest] 476717  - 10/03/2025, 3:47:14 PM     LOG [RouterExplorer] Mapped {/api/brands, GET} route +0ms
[Nest] 476717  - 10/03/2025, 3:47:14 PM     LOG [RouterExplorer] Mapped {/api/brands/:id, GET} route +0ms
[Nest] 476717  - 10/03/2025, 3:47:14 PM     LOG [RouterExplorer] Mapped {/api/brands/:id, PUT} route +0ms
[Nest] 476717  - 10/03/2025, 3:47:14 PM     LOG [RouterExplorer] Mapped {/api/brands/:id, DELETE} route +1ms
[Nest] 476717  - 10/03/2025, 3:47:14 PM     LOG [RouterExplorer] Mapped {/api/brands/:sourceId/merge/:targetId, POST} route +0ms
[Nest] 476717  - 10/03/2025, 3:47:14 PM     LOG [RoutesResolver] ModelsController {/api/models}: +0ms
[Nest] 476717  - 10/03/2025, 3:47:14 PM     LOG [RouterExplorer] Mapped {/api/models, POST} route +0ms
[Nest] 476717  - 10/03/2025, 3:47:14 PM     LOG [RouterExplorer] Mapped {/api/models, GET} route +0ms
[Nest] 476717  - 10/03/2025, 3:47:14 PM     LOG [RouterExplorer] Mapped {/api/models/by-brand/:brandId, GET} route +0ms
[Nest] 476717  - 10/03/2025, 3:47:14 PM     LOG [RouterExplorer] Mapped {/api/models/by-brand/:brandId/asset-type/:assetTypeId, GET} route +0ms
[Nest] 476717  - 10/03/2025, 3:47:14 PM     LOG [RouterExplorer] Mapped {/api/models/:id, GET} route +0ms
[Nest] 476717  - 10/03/2025, 3:47:14 PM     LOG [RouterExplorer] Mapped {/api/models/:id, PUT} route +0ms
[Nest] 476717  - 10/03/2025, 3:47:14 PM     LOG [RouterExplorer] Mapped {/api/models/:id, DELETE} route +1ms
[Nest] 476717  - 10/03/2025, 3:47:14 PM     LOG [RouterExplorer] Mapped {/api/models/:sourceId/merge/:targetId, POST} route +0ms
[Nest] 476717  - 10/03/2025, 3:47:14 PM     LOG [RoutesResolver] AssignmentsController {/api/assignments}: +0ms
[Nest] 476717  - 10/03/2025, 3:47:14 PM     LOG [RouterExplorer] Mapped {/api/assignments, POST} route +0ms
[Nest] 476717  - 10/03/2025, 3:47:14 PM     LOG [RouterExplorer] Mapped {/api/assignments/active, GET} route +0ms
[Nest] 476717  - 10/03/2025, 3:47:14 PM     LOG [RouterExplorer] Mapped {/api/assignments/active/collect, GET} route +0ms
[Nest] 476717  - 10/03/2025, 3:47:14 PM     LOG [RouterExplorer] Mapped {/api/assignments, GET} route +0ms
[Nest] 476717  - 10/03/2025, 3:47:14 PM     LOG [RouterExplorer] Mapped {/api/assignments/:id, GET} route +0ms
[Nest] 476717  - 10/03/2025, 3:47:14 PM     LOG [RouterExplorer] Mapped {/api/assignments/:id/return, PUT} route +1ms
[Nest] 476717  - 10/03/2025, 3:47:14 PM     LOG [RoutesResolver] ReportsController {/api/reports}: +0ms
[Nest] 476717  - 10/03/2025, 3:47:14 PM     LOG [RouterExplorer] Mapped {/api/reports/analytics, GET} route +0ms
[Nest] 476717  - 10/03/2025, 3:47:14 PM     LOG [RouterExplorer] Mapped {/api/reports/asset-inventory, GET} route +0ms
[Nest] 476717  - 10/03/2025, 3:47:14 PM     LOG [RouterExplorer] Mapped {/api/reports/employee-assets, GET} route +0ms
[Nest] 476717  - 10/03/2025, 3:47:14 PM     LOG [RouterExplorer] Mapped {/api/reports/maintenance, GET} route +0ms
[Nest] 476717  - 10/03/2025, 3:47:14 PM     LOG [RouterExplorer] Mapped {/api/reports/export/asset-inventory, POST} route +0ms
[Nest] 476717  - 10/03/2025, 3:47:14 PM     LOG [RouterExplorer] Mapped {/api/reports/export/employee-assets, POST} route +0ms
[Nest] 476717  - 10/03/2025, 3:47:14 PM     LOG [RouterExplorer] Mapped {/api/reports/export/maintenance, POST} route +0ms
[Nest] 476717  - 10/03/2025, 3:47:14 PM     LOG [RouterExplorer] Mapped {/api/reports/preview, GET} route +0ms
[Nest] 476717  - 10/03/2025, 3:47:14 PM     LOG [RoutesResolver] MaintenanceController {/api/maintenance}: +0ms
[Nest] 476717  - 10/03/2025, 3:47:14 PM     LOG [RouterExplorer] Mapped {/api/maintenance, POST} route +1ms
[Nest] 476717  - 10/03/2025, 3:47:14 PM     LOG [RouterExplorer] Mapped {/api/maintenance, GET} route +0ms
[Nest] 476717  - 10/03/2025, 3:47:14 PM     LOG [RouterExplorer] Mapped {/api/maintenance/check-asset-availability, GET} route +0ms
[Nest] 476717  - 10/03/2025, 3:47:14 PM     LOG [RouterExplorer] Mapped {/api/maintenance/export, GET} route +0ms
[Nest] 476717  - 10/03/2025, 3:47:14 PM     LOG [RouterExplorer] Mapped {/api/maintenance/asset/:assetId/history, GET} route +0ms
[Nest] 476717  - 10/03/2025, 3:47:14 PM     LOG [RouterExplorer] Mapped {/api/maintenance/asset/:assetId/history-events, GET} route +0ms
[Nest] 476717  - 10/03/2025, 3:47:14 PM     LOG [RouterExplorer] Mapped {/api/maintenance/:id, GET} route +0ms
[Nest] 476717  - 10/03/2025, 3:47:14 PM     LOG [RouterExplorer] Mapped {/api/maintenance/:id, PATCH} route +0ms
[Nest] 476717  - 10/03/2025, 3:47:14 PM     LOG [RouterExplorer] Mapped {/api/maintenance/:id/complete, PUT} route +0ms
[Nest] 476717  - 10/03/2025, 3:47:14 PM     LOG [RouterExplorer] Mapped {/api/maintenance/:id/cancel, PUT} route +1ms
[Nest] 476717  - 10/03/2025, 3:47:14 PM     LOG [RouterExplorer] Mapped {/api/maintenance/:id, DELETE} route +0ms
[Nest] 476717  - 10/03/2025, 3:47:14 PM     LOG [RoutesResolver] MaintenanceTypesController {/api/maintenance-types}: +0ms
[Nest] 476717  - 10/03/2025, 3:47:14 PM     LOG [RouterExplorer] Mapped {/api/maintenance-types, GET} route +0ms
[Nest] 476717  - 10/03/2025, 3:47:14 PM     LOG [RoutesResolver] AssetsController {/api/assets}: +0ms
[Nest] 476717  - 10/03/2025, 3:47:14 PM     LOG [RouterExplorer] Mapped {/api/assets/generate-id, GET} route +0ms
[Nest] 476717  - 10/03/2025, 3:47:14 PM     LOG [RouterExplorer] Mapped {/api/assets, POST} route +0ms
[Nest] 476717  - 10/03/2025, 3:47:14 PM     LOG [RouterExplorer] Mapped {/api/assets, GET} route +0ms
[Nest] 476717  - 10/03/2025, 3:47:14 PM     LOG [RouterExplorer] Mapped {/api/assets/stats, GET} route +0ms
[Nest] 476717  - 10/03/2025, 3:47:14 PM     LOG [RouterExplorer] Mapped {/api/assets/export, GET} route +0ms
[Nest] 476717  - 10/03/2025, 3:47:14 PM     LOG [RouterExplorer] Mapped {/api/assets/search, GET} route +0ms
[Nest] 476717  - 10/03/2025, 3:47:14 PM     LOG [RouterExplorer] Mapped {/api/assets/dropdowns, GET} route +1ms
[Nest] 476717  - 10/03/2025, 3:47:14 PM     LOG [RouterExplorer] Mapped {/api/assets/available, GET} route +0ms
[Nest] 476717  - 10/03/2025, 3:47:14 PM     LOG [RouterExplorer] Mapped {/api/assets/:id, GET} route +0ms
[Nest] 476717  - 10/03/2025, 3:47:14 PM     LOG [RouterExplorer] Mapped {/api/assets/:id, PUT} route +0ms
[Nest] 476717  - 10/03/2025, 3:47:14 PM     LOG [RouterExplorer] Mapped {/api/assets/:id, DELETE} route +0ms
[Nest] 476717  - 10/03/2025, 3:47:14 PM     LOG [RouterExplorer] Mapped {/api/assets/:id/retire, PUT} route +0ms
[Nest] 476717  - 10/03/2025, 3:47:14 PM     LOG [RouterExplorer] Mapped {/api/assets/:id/reactivate, PUT} route +0ms
[Nest] 476717  - 10/03/2025, 3:47:14 PM     LOG [RouterExplorer] Mapped {/api/assets/validate-bulk-upload, POST} route +0ms
[Nest] 476717  - 10/03/2025, 3:47:14 PM     LOG [RouterExplorer] Mapped {/api/assets/bulk-upload, POST} route +1ms
[Nest] 476717  - 10/03/2025, 3:47:14 PM     LOG [RoutesResolver] AssetHistoryController {/api/asset-history}: +0ms
[Nest] 476717  - 10/03/2025, 3:47:14 PM     LOG [RouterExplorer] Mapped {/api/asset-history/:id, GET} route +0ms
[Nest] 476717  - 10/03/2025, 3:47:14 PM     LOG [RouterExplorer] Mapped {/api/asset-history/:id/summary, GET} route +0ms
[Nest] 476717  - 10/03/2025, 3:47:14 PM     LOG [RoutesResolver] AdminController {/api/admin}: +0ms
[Nest] 476717  - 10/03/2025, 3:47:14 PM     LOG [RouterExplorer] Mapped {/api/admin/users, GET} route +0ms
[Nest] 476717  - 10/03/2025, 3:47:14 PM     LOG [RouterExplorer] Mapped {/api/admin/users, POST} route +0ms
[Nest] 476717  - 10/03/2025, 3:47:14 PM     LOG [RouterExplorer] Mapped {/api/admin/users/:id/status, PATCH} route +0ms
[Nest] 476717  - 10/03/2025, 3:47:14 PM     LOG [RouterExplorer] Mapped {/api/admin/users/:id, DELETE} route +0ms
[Nest] 476717  - 10/03/2025, 3:47:14 PM     LOG [NestApplication] Nest application successfully started +136ms
[Nest] 476717  - 10/03/2025, 3:47:14 PM   ERROR [NestApplication] Error: listen EADDRINUSE: address already in use :::3000 +3ms
node:net:1937
    const ex = new UVExceptionWithHostPort(err, 'listen', address, port);
               ^

Error: listen EADDRINUSE: address already in use :::3000
    at Server.setupListenHandle [as _listen2] (node:net:1937:16)
    at listenInCluster (node:net:1994:12)
    at Server.listen (node:net:2099:7)
    at ExpressAdapter.listen (/home/mindstix/Documents/Mindstix-Foundation/asset-mgt-be/node_modules/@nestjs/platform-express/adapters/express-adapter.js:127:32)
    at /home/mindstix/Documents/Mindstix-Foundation/asset-mgt-be/node_modules/@nestjs/core/nest-application.js:188:30
    at new Promise (<anonymous>)
    at NestApplication.listen (/home/mindstix/Documents/Mindstix-Foundation/asset-mgt-be/node_modules/@nestjs/core/nest-application.js:178:16)
    at async bootstrap (/home/mindstix/Documents/Mindstix-Foundation/asset-mgt-be/src/main.ts:82:3) {
  code: 'EADDRINUSE',
  errno: -98,
  syscall: 'listen',
  address: '::',
  port: 3000
}

Node.js v23.6.0
[2J[3J[H[[90m3:47:45 PM[0m] File change detected. Starting incremental compilation...

[[90m3:47:46 PM[0m] Found 0 errors. Watching for file changes.

[Nest] 476848  - 10/03/2025, 3:47:47 PM     LOG [NestFactory] Starting Nest application...
[Nest] 476848  - 10/03/2025, 3:47:47 PM     LOG [InstanceLoader] PrismaModule dependencies initialized +17ms
[Nest] 476848  - 10/03/2025, 3:47:47 PM     LOG [InstanceLoader] PassportModule dependencies initialized +0ms
[Nest] 476848  - 10/03/2025, 3:47:47 PM     LOG [InstanceLoader] ConfigHostModule dependencies initialized +0ms
[Nest] 476848  - 10/03/2025, 3:47:47 PM     LOG [InstanceLoader] ThrottlerModule dependencies initialized +1ms
[Nest] 476848  - 10/03/2025, 3:47:47 PM     LOG [InstanceLoader] JwtModule dependencies initialized +0ms
[Nest] 476848  - 10/03/2025, 3:47:47 PM     LOG [InstanceLoader] DiscoveryModule dependencies initialized +0ms
[Nest] 476848  - 10/03/2025, 3:47:47 PM     LOG [InstanceLoader] ConfigModule dependencies initialized +5ms
[Nest] 476848  - 10/03/2025, 3:47:47 PM     LOG [InstanceLoader] ConfigModule dependencies initialized +0ms
[Nest] 476848  - 10/03/2025, 3:47:47 PM     LOG [InstanceLoader] ScheduleModule dependencies initialized +0ms
[Nest] 476848  - 10/03/2025, 3:47:47 PM     LOG [InstanceLoader] AuthModule dependencies initialized +2ms
[Nest] 476848  - 10/03/2025, 3:47:47 PM     LOG [InstanceLoader] VendorsModule dependencies initialized +1ms
[Nest] 476848  - 10/03/2025, 3:47:47 PM     LOG [InstanceLoader] AssetCategoriesModule dependencies initialized +0ms
[Nest] 476848  - 10/03/2025, 3:47:47 PM     LOG [InstanceLoader] AssetTypesModule dependencies initialized +0ms
[Nest] 476848  - 10/03/2025, 3:47:47 PM     LOG [InstanceLoader] BrandsModule dependencies initialized +0ms
[Nest] 476848  - 10/03/2025, 3:47:47 PM     LOG [InstanceLoader] ModelsModule dependencies initialized +0ms
[Nest] 476848  - 10/03/2025, 3:47:47 PM     LOG [InstanceLoader] AssignmentsModule dependencies initialized +0ms
[Nest] 476848  - 10/03/2025, 3:47:47 PM     LOG [InstanceLoader] EmployeesModule dependencies initialized +0ms
[Nest] 476848  - 10/03/2025, 3:47:47 PM     LOG [InstanceLoader] MaintenanceModule dependencies initialized +0ms
[Nest] 476848  - 10/03/2025, 3:47:47 PM     LOG [InstanceLoader] AssetsModule dependencies initialized +0ms
[Nest] 476848  - 10/03/2025, 3:47:47 PM     LOG [InstanceLoader] AdminModule dependencies initialized +1ms
[Nest] 476848  - 10/03/2025, 3:47:47 PM     LOG [InstanceLoader] ReportsModule dependencies initialized +0ms
[Nest] 476848  - 10/03/2025, 3:47:47 PM     LOG [InstanceLoader] AssetHistoryModule dependencies initialized +0ms
[Nest] 476848  - 10/03/2025, 3:47:47 PM     LOG [InstanceLoader] AppModule dependencies initialized +0ms
[Nest] 476848  - 10/03/2025, 3:47:47 PM     LOG [RoutesResolver] AppController {/api}: +82ms
[Nest] 476848  - 10/03/2025, 3:47:47 PM     LOG [RouterExplorer] Mapped {/api, GET} route +2ms
[Nest] 476848  - 10/03/2025, 3:47:47 PM     LOG [RouterExplorer] Mapped {/api/dashboard/stats, GET} route +0ms
[Nest] 476848  - 10/03/2025, 3:47:47 PM     LOG [RoutesResolver] AuthController {/api/auth}: +0ms
[Nest] 476848  - 10/03/2025, 3:47:47 PM     LOG [RouterExplorer] Mapped {/api/auth/login, POST} route +0ms
[Nest] 476848  - 10/03/2025, 3:47:47 PM     LOG [RouterExplorer] Mapped {/api/auth/profile, GET} route +1ms
[Nest] 476848  - 10/03/2025, 3:47:47 PM     LOG [RouterExplorer] Mapped {/api/auth/refresh, POST} route +0ms
[Nest] 476848  - 10/03/2025, 3:47:47 PM     LOG [RouterExplorer] Mapped {/api/auth/logout, POST} route +0ms
[Nest] 476848  - 10/03/2025, 3:47:47 PM     LOG [RouterExplorer] Mapped {/api/auth/forgot-password, POST} route +0ms
[Nest] 476848  - 10/03/2025, 3:47:47 PM     LOG [RouterExplorer] Mapped {/api/auth/reset-password, POST} route +0ms
[Nest] 476848  - 10/03/2025, 3:47:47 PM     LOG [RouterExplorer] Mapped {/api/auth/change-password, POST} route +1ms
[Nest] 476848  - 10/03/2025, 3:47:47 PM     LOG [RoutesResolver] EmployeesController {/api/employees}: +0ms
[Nest] 476848  - 10/03/2025, 3:47:47 PM     LOG [RouterExplorer] Mapped {/api/employees, POST} route +0ms
[Nest] 476848  - 10/03/2025, 3:47:47 PM     LOG [RouterExplorer] Mapped {/api/employees/check-email, GET} route +0ms
[Nest] 476848  - 10/03/2025, 3:47:47 PM     LOG [RouterExplorer] Mapped {/api/employees, GET} route +0ms
[Nest] 476848  - 10/03/2025, 3:47:47 PM     LOG [RouterExplorer] Mapped {/api/employees/dropdowns, GET} route +0ms
[Nest] 476848  - 10/03/2025, 3:47:47 PM     LOG [RouterExplorer] Mapped {/api/employees/test-route, GET} route +0ms
[Nest] 476848  - 10/03/2025, 3:47:47 PM     LOG [RouterExplorer] Mapped {/api/employees/non-admin-dropdown, GET} route +1ms
[Nest] 476848  - 10/03/2025, 3:47:47 PM     LOG [RouterExplorer] Mapped {/api/employees/export, GET} route +0ms
[Nest] 476848  - 10/03/2025, 3:47:47 PM     LOG [RouterExplorer] Mapped {/api/employees/:id, GET} route +0ms
[Nest] 476848  - 10/03/2025, 3:47:47 PM     LOG [RouterExplorer] Mapped {/api/employees/:id/asset-history, GET} route +0ms
[Nest] 476848  - 10/03/2025, 3:47:47 PM     LOG [RouterExplorer] Mapped {/api/employees/:id/asset-events, GET} route +0ms
[Nest] 476848  - 10/03/2025, 3:47:47 PM     LOG [RouterExplorer] Mapped {/api/employees/:id, PUT} route +0ms
[Nest] 476848  - 10/03/2025, 3:47:47 PM     LOG [RouterExplorer] Mapped {/api/employees/bulk-upload/validate, POST} route +1ms
[Nest] 476848  - 10/03/2025, 3:47:47 PM     LOG [RouterExplorer] Mapped {/api/employees/bulk-upload, POST} route +0ms
[Nest] 476848  - 10/03/2025, 3:47:47 PM     LOG [RouterExplorer] Mapped {/api/employees/:id, DELETE} route +0ms
[Nest] 476848  - 10/03/2025, 3:47:47 PM     LOG [RoutesResolver] VendorsController {/api/vendors}: +0ms
[Nest] 476848  - 10/03/2025, 3:47:47 PM     LOG [RouterExplorer] Mapped {/api/vendors, POST} route +0ms
[Nest] 476848  - 10/03/2025, 3:47:47 PM     LOG [RouterExplorer] Mapped {/api/vendors, GET} route +0ms
[Nest] 476848  - 10/03/2025, 3:47:47 PM     LOG [RouterExplorer] Mapped {/api/vendors/search, GET} route +0ms
[Nest] 476848  - 10/03/2025, 3:47:47 PM     LOG [RouterExplorer] Mapped {/api/vendors/:id, GET} route +1ms
[Nest] 476848  - 10/03/2025, 3:47:47 PM     LOG [RouterExplorer] Mapped {/api/vendors/:id, PUT} route +0ms
[Nest] 476848  - 10/03/2025, 3:47:47 PM     LOG [RouterExplorer] Mapped {/api/vendors/:id, DELETE} route +0ms
[Nest] 476848  - 10/03/2025, 3:47:47 PM     LOG [RouterExplorer] Mapped {/api/vendors/:id/status, PATCH} route +0ms
[Nest] 476848  - 10/03/2025, 3:47:47 PM     LOG [RouterExplorer] Mapped {/api/vendors/check-name, POST} route +0ms
[Nest] 476848  - 10/03/2025, 3:47:47 PM     LOG [RouterExplorer] Mapped {/api/vendors/validate-bulk-upload, POST} route +0ms
[Nest] 476848  - 10/03/2025, 3:47:47 PM     LOG [RouterExplorer] Mapped {/api/vendors/bulk-upload, POST} route +0ms
[Nest] 476848  - 10/03/2025, 3:47:47 PM     LOG [RoutesResolver] AssetCategoriesController {/api/asset-categories}: +0ms
[Nest] 476848  - 10/03/2025, 3:47:47 PM     LOG [RouterExplorer] Mapped {/api/asset-categories, POST} route +1ms
[Nest] 476848  - 10/03/2025, 3:47:47 PM     LOG [RouterExplorer] Mapped {/api/asset-categories, GET} route +0ms
[Nest] 476848  - 10/03/2025, 3:47:47 PM     LOG [RouterExplorer] Mapped {/api/asset-categories/:id, GET} route +0ms
[Nest] 476848  - 10/03/2025, 3:47:47 PM     LOG [RouterExplorer] Mapped {/api/asset-categories/:id, PUT} route +0ms
[Nest] 476848  - 10/03/2025, 3:47:47 PM     LOG [RouterExplorer] Mapped {/api/asset-categories/:id, DELETE} route +0ms
[Nest] 476848  - 10/03/2025, 3:47:47 PM     LOG [RouterExplorer] Mapped {/api/asset-categories/:sourceId/merge/:targetId, POST} route +0ms
[Nest] 476848  - 10/03/2025, 3:47:47 PM     LOG [RoutesResolver] AssetTypesController {/api/asset-types}: +0ms
[Nest] 476848  - 10/03/2025, 3:47:47 PM     LOG [RouterExplorer] Mapped {/api/asset-types, POST} route +0ms
[Nest] 476848  - 10/03/2025, 3:47:47 PM     LOG [RouterExplorer] Mapped {/api/asset-types, GET} route +0ms
[Nest] 476848  - 10/03/2025, 3:47:47 PM     LOG [RouterExplorer] Mapped {/api/asset-types/by-category/:categoryId, GET} route +1ms
[Nest] 476848  - 10/03/2025, 3:47:47 PM     LOG [RouterExplorer] Mapped {/api/asset-types/:id, GET} route +0ms
[Nest] 476848  - 10/03/2025, 3:47:47 PM     LOG [RouterExplorer] Mapped {/api/asset-types/:id, PUT} route +0ms
[Nest] 476848  - 10/03/2025, 3:47:47 PM     LOG [RouterExplorer] Mapped {/api/asset-types/:id, DELETE} route +0ms
[Nest] 476848  - 10/03/2025, 3:47:47 PM     LOG [RouterExplorer] Mapped {/api/asset-types/:sourceId/merge/:targetId, POST} route +0ms
[Nest] 476848  - 10/03/2025, 3:47:47 PM     LOG [RoutesResolver] BrandsController {/api/brands}: +0ms
[Nest] 476848  - 10/03/2025, 3:47:47 PM     LOG [RouterExplorer] Mapped {/api/brands, POST} route +0ms
[Nest] 476848  - 10/03/2025, 3:47:47 PM     LOG [RouterExplorer] Mapped {/api/brands, GET} route +0ms
[Nest] 476848  - 10/03/2025, 3:47:47 PM     LOG [RouterExplorer] Mapped {/api/brands/:id, GET} route +0ms
[Nest] 476848  - 10/03/2025, 3:47:47 PM     LOG [RouterExplorer] Mapped {/api/brands/:id, PUT} route +1ms
[Nest] 476848  - 10/03/2025, 3:47:47 PM     LOG [RouterExplorer] Mapped {/api/brands/:id, DELETE} route +0ms
[Nest] 476848  - 10/03/2025, 3:47:47 PM     LOG [RouterExplorer] Mapped {/api/brands/:sourceId/merge/:targetId, POST} route +0ms
[Nest] 476848  - 10/03/2025, 3:47:47 PM     LOG [RoutesResolver] ModelsController {/api/models}: +0ms
[Nest] 476848  - 10/03/2025, 3:47:47 PM     LOG [RouterExplorer] Mapped {/api/models, POST} route +0ms
[Nest] 476848  - 10/03/2025, 3:47:47 PM     LOG [RouterExplorer] Mapped {/api/models, GET} route +0ms
[Nest] 476848  - 10/03/2025, 3:47:47 PM     LOG [RouterExplorer] Mapped {/api/models/by-brand/:brandId, GET} route +0ms
[Nest] 476848  - 10/03/2025, 3:47:47 PM     LOG [RouterExplorer] Mapped {/api/models/by-brand/:brandId/asset-type/:assetTypeId, GET} route +0ms
[Nest] 476848  - 10/03/2025, 3:47:47 PM     LOG [RouterExplorer] Mapped {/api/models/:id, GET} route +1ms
[Nest] 476848  - 10/03/2025, 3:47:47 PM     LOG [RouterExplorer] Mapped {/api/models/:id, PUT} route +0ms
[Nest] 476848  - 10/03/2025, 3:47:47 PM     LOG [RouterExplorer] Mapped {/api/models/:id, DELETE} route +0ms
[Nest] 476848  - 10/03/2025, 3:47:47 PM     LOG [RouterExplorer] Mapped {/api/models/:sourceId/merge/:targetId, POST} route +0ms
[Nest] 476848  - 10/03/2025, 3:47:47 PM     LOG [RoutesResolver] AssignmentsController {/api/assignments}: +0ms
[Nest] 476848  - 10/03/2025, 3:47:47 PM     LOG [RouterExplorer] Mapped {/api/assignments, POST} route +0ms
[Nest] 476848  - 10/03/2025, 3:47:47 PM     LOG [RouterExplorer] Mapped {/api/assignments/active, GET} route +0ms
[Nest] 476848  - 10/03/2025, 3:47:47 PM     LOG [RouterExplorer] Mapped {/api/assignments/active/collect, GET} route +0ms
[Nest] 476848  - 10/03/2025, 3:47:47 PM     LOG [RouterExplorer] Mapped {/api/assignments, GET} route +0ms
[Nest] 476848  - 10/03/2025, 3:47:47 PM     LOG [RouterExplorer] Mapped {/api/assignments/:id, GET} route +1ms
[Nest] 476848  - 10/03/2025, 3:47:47 PM     LOG [RouterExplorer] Mapped {/api/assignments/:id/return, PUT} route +0ms
[Nest] 476848  - 10/03/2025, 3:47:47 PM     LOG [RoutesResolver] ReportsController {/api/reports}: +0ms
[Nest] 476848  - 10/03/2025, 3:47:47 PM     LOG [RouterExplorer] Mapped {/api/reports/analytics, GET} route +0ms
[Nest] 476848  - 10/03/2025, 3:47:47 PM     LOG [RouterExplorer] Mapped {/api/reports/asset-inventory, GET} route +0ms
[Nest] 476848  - 10/03/2025, 3:47:47 PM     LOG [RouterExplorer] Mapped {/api/reports/employee-assets, GET} route +0ms
[Nest] 476848  - 10/03/2025, 3:47:47 PM     LOG [RouterExplorer] Mapped {/api/reports/maintenance, GET} route +0ms
[Nest] 476848  - 10/03/2025, 3:47:47 PM     LOG [RouterExplorer] Mapped {/api/reports/export/asset-inventory, POST} route +0ms
[Nest] 476848  - 10/03/2025, 3:47:47 PM     LOG [RouterExplorer] Mapped {/api/reports/export/employee-assets, POST} route +1ms
[Nest] 476848  - 10/03/2025, 3:47:47 PM     LOG [RouterExplorer] Mapped {/api/reports/export/maintenance, POST} route +0ms
[Nest] 476848  - 10/03/2025, 3:47:47 PM     LOG [RouterExplorer] Mapped {/api/reports/preview, GET} route +0ms
[Nest] 476848  - 10/03/2025, 3:47:47 PM     LOG [RoutesResolver] MaintenanceController {/api/maintenance}: +0ms
[Nest] 476848  - 10/03/2025, 3:47:47 PM     LOG [RouterExplorer] Mapped {/api/maintenance, POST} route +0ms
[Nest] 476848  - 10/03/2025, 3:47:47 PM     LOG [RouterExplorer] Mapped {/api/maintenance, GET} route +0ms
[Nest] 476848  - 10/03/2025, 3:47:47 PM     LOG [RouterExplorer] Mapped {/api/maintenance/check-asset-availability, GET} route +0ms
[Nest] 476848  - 10/03/2025, 3:47:47 PM     LOG [RouterExplorer] Mapped {/api/maintenance/export, GET} route +0ms
[Nest] 476848  - 10/03/2025, 3:47:47 PM     LOG [RouterExplorer] Mapped {/api/maintenance/asset/:assetId/history, GET} route +0ms
[Nest] 476848  - 10/03/2025, 3:47:47 PM     LOG [RouterExplorer] Mapped {/api/maintenance/asset/:assetId/history-events, GET} route +0ms
[Nest] 476848  - 10/03/2025, 3:47:47 PM     LOG [RouterExplorer] Mapped {/api/maintenance/:id, GET} route +1ms
[Nest] 476848  - 10/03/2025, 3:47:47 PM     LOG [RouterExplorer] Mapped {/api/maintenance/:id, PATCH} route +0ms
[Nest] 476848  - 10/03/2025, 3:47:47 PM     LOG [RouterExplorer] Mapped {/api/maintenance/:id/complete, PUT} route +0ms
[Nest] 476848  - 10/03/2025, 3:47:47 PM     LOG [RouterExplorer] Mapped {/api/maintenance/:id/cancel, PUT} route +0ms
[Nest] 476848  - 10/03/2025, 3:47:47 PM     LOG [RouterExplorer] Mapped {/api/maintenance/:id, DELETE} route +0ms
[Nest] 476848  - 10/03/2025, 3:47:47 PM     LOG [RoutesResolver] MaintenanceTypesController {/api/maintenance-types}: +0ms
[Nest] 476848  - 10/03/2025, 3:47:47 PM     LOG [RouterExplorer] Mapped {/api/maintenance-types, GET} route +0ms
[Nest] 476848  - 10/03/2025, 3:47:47 PM     LOG [RoutesResolver] AssetsController {/api/assets}: +0ms
[Nest] 476848  - 10/03/2025, 3:47:47 PM     LOG [RouterExplorer] Mapped {/api/assets/generate-id, GET} route +0ms
[Nest] 476848  - 10/03/2025, 3:47:47 PM     LOG [RouterExplorer] Mapped {/api/assets, POST} route +1ms
[Nest] 476848  - 10/03/2025, 3:47:47 PM     LOG [RouterExplorer] Mapped {/api/assets, GET} route +0ms
[Nest] 476848  - 10/03/2025, 3:47:47 PM     LOG [RouterExplorer] Mapped {/api/assets/stats, GET} route +0ms
[Nest] 476848  - 10/03/2025, 3:47:47 PM     LOG [RouterExplorer] Mapped {/api/assets/export, GET} route +0ms
[Nest] 476848  - 10/03/2025, 3:47:47 PM     LOG [RouterExplorer] Mapped {/api/assets/search, GET} route +0ms
[Nest] 476848  - 10/03/2025, 3:47:47 PM     LOG [RouterExplorer] Mapped {/api/assets/dropdowns, GET} route +0ms
[Nest] 476848  - 10/03/2025, 3:47:47 PM     LOG [RouterExplorer] Mapped {/api/assets/available, GET} route +0ms
[Nest] 476848  - 10/03/2025, 3:47:47 PM     LOG [RouterExplorer] Mapped {/api/assets/:id, GET} route +0ms
[Nest] 476848  - 10/03/2025, 3:47:47 PM     LOG [RouterExplorer] Mapped {/api/assets/:id, PUT} route +0ms
[Nest] 476848  - 10/03/2025, 3:47:47 PM     LOG [RouterExplorer] Mapped {/api/assets/:id, DELETE} route +1ms
[Nest] 476848  - 10/03/2025, 3:47:47 PM     LOG [RouterExplorer] Mapped {/api/assets/:id/retire, PUT} route +0ms
[Nest] 476848  - 10/03/2025, 3:47:47 PM     LOG [RouterExplorer] Mapped {/api/assets/:id/reactivate, PUT} route +0ms
[Nest] 476848  - 10/03/2025, 3:47:47 PM     LOG [RouterExplorer] Mapped {/api/assets/validate-bulk-upload, POST} route +0ms
[Nest] 476848  - 10/03/2025, 3:47:47 PM     LOG [RouterExplorer] Mapped {/api/assets/bulk-upload, POST} route +0ms
[Nest] 476848  - 10/03/2025, 3:47:47 PM     LOG [RoutesResolver] AssetHistoryController {/api/asset-history}: +0ms
[Nest] 476848  - 10/03/2025, 3:47:47 PM     LOG [RouterExplorer] Mapped {/api/asset-history/:id, GET} route +0ms
[Nest] 476848  - 10/03/2025, 3:47:47 PM     LOG [RouterExplorer] Mapped {/api/asset-history/:id/summary, GET} route +0ms
[Nest] 476848  - 10/03/2025, 3:47:47 PM     LOG [RoutesResolver] AdminController {/api/admin}: +0ms
[Nest] 476848  - 10/03/2025, 3:47:47 PM     LOG [RouterExplorer] Mapped {/api/admin/users, GET} route +1ms
[Nest] 476848  - 10/03/2025, 3:47:47 PM     LOG [RouterExplorer] Mapped {/api/admin/users, POST} route +0ms
[Nest] 476848  - 10/03/2025, 3:47:47 PM     LOG [RouterExplorer] Mapped {/api/admin/users/:id/status, PATCH} route +0ms
[Nest] 476848  - 10/03/2025, 3:47:47 PM     LOG [RouterExplorer] Mapped {/api/admin/users/:id, DELETE} route +0ms
[Nest] 476848  - 10/03/2025, 3:47:47 PM     LOG [NestApplication] Nest application successfully started +145ms
Application is running on: http://localhost:3000/api
Swagger documentation available at: http://localhost:3000/api/docs
[2J[3J[H[[90m3:48:00 PM[0m] File change detected. Starting incremental compilation...

[[90m3:48:01 PM[0m] Found 0 errors. Watching for file changes.

[Nest] 477072  - 10/03/2025, 3:48:02 PM     LOG [NestFactory] Starting Nest application...
[Nest] 477072  - 10/03/2025, 3:48:02 PM     LOG [InstanceLoader] PrismaModule dependencies initialized +27ms
[Nest] 477072  - 10/03/2025, 3:48:02 PM     LOG [InstanceLoader] PassportModule dependencies initialized +1ms
[Nest] 477072  - 10/03/2025, 3:48:02 PM     LOG [InstanceLoader] ConfigHostModule dependencies initialized +1ms
[Nest] 477072  - 10/03/2025, 3:48:02 PM     LOG [InstanceLoader] ThrottlerModule dependencies initialized +0ms
[Nest] 477072  - 10/03/2025, 3:48:02 PM     LOG [InstanceLoader] JwtModule dependencies initialized +0ms
[Nest] 477072  - 10/03/2025, 3:48:02 PM     LOG [InstanceLoader] DiscoveryModule dependencies initialized +0ms
[Nest] 477072  - 10/03/2025, 3:48:02 PM     LOG [InstanceLoader] ConfigModule dependencies initialized +2ms
[Nest] 477072  - 10/03/2025, 3:48:02 PM     LOG [InstanceLoader] ConfigModule dependencies initialized +1ms
[Nest] 477072  - 10/03/2025, 3:48:02 PM     LOG [InstanceLoader] ScheduleModule dependencies initialized +0ms
[Nest] 477072  - 10/03/2025, 3:48:02 PM     LOG [InstanceLoader] AuthModule dependencies initialized +2ms
[Nest] 477072  - 10/03/2025, 3:48:02 PM     LOG [InstanceLoader] VendorsModule dependencies initialized +1ms
[Nest] 477072  - 10/03/2025, 3:48:02 PM     LOG [InstanceLoader] AssetCategoriesModule dependencies initialized +0ms
[Nest] 477072  - 10/03/2025, 3:48:02 PM     LOG [InstanceLoader] AssetTypesModule dependencies initialized +0ms
[Nest] 477072  - 10/03/2025, 3:48:02 PM     LOG [InstanceLoader] BrandsModule dependencies initialized +0ms
[Nest] 477072  - 10/03/2025, 3:48:02 PM     LOG [InstanceLoader] ModelsModule dependencies initialized +0ms
[Nest] 477072  - 10/03/2025, 3:48:02 PM     LOG [InstanceLoader] AssignmentsModule dependencies initialized +0ms
[Nest] 477072  - 10/03/2025, 3:48:02 PM     LOG [InstanceLoader] EmployeesModule dependencies initialized +0ms
[Nest] 477072  - 10/03/2025, 3:48:02 PM     LOG [InstanceLoader] MaintenanceModule dependencies initialized +0ms
[Nest] 477072  - 10/03/2025, 3:48:02 PM     LOG [InstanceLoader] AssetsModule dependencies initialized +0ms
[Nest] 477072  - 10/03/2025, 3:48:02 PM     LOG [InstanceLoader] AdminModule dependencies initialized +0ms
[Nest] 477072  - 10/03/2025, 3:48:02 PM     LOG [InstanceLoader] ReportsModule dependencies initialized +0ms
[Nest] 477072  - 10/03/2025, 3:48:02 PM     LOG [InstanceLoader] AssetHistoryModule dependencies initialized +0ms
[Nest] 477072  - 10/03/2025, 3:48:02 PM     LOG [InstanceLoader] AppModule dependencies initialized +1ms
[Nest] 477072  - 10/03/2025, 3:48:02 PM     LOG [RoutesResolver] AppController {/api}: +70ms
[Nest] 477072  - 10/03/2025, 3:48:02 PM     LOG [RouterExplorer] Mapped {/api, GET} route +2ms
[Nest] 477072  - 10/03/2025, 3:48:02 PM     LOG [RouterExplorer] Mapped {/api/dashboard/stats, GET} route +0ms
[Nest] 477072  - 10/03/2025, 3:48:02 PM     LOG [RoutesResolver] AuthController {/api/auth}: +0ms
[Nest] 477072  - 10/03/2025, 3:48:02 PM     LOG [RouterExplorer] Mapped {/api/auth/login, POST} route +1ms
[Nest] 477072  - 10/03/2025, 3:48:02 PM     LOG [RouterExplorer] Mapped {/api/auth/profile, GET} route +0ms
[Nest] 477072  - 10/03/2025, 3:48:02 PM     LOG [RouterExplorer] Mapped {/api/auth/refresh, POST} route +0ms
[Nest] 477072  - 10/03/2025, 3:48:02 PM     LOG [RouterExplorer] Mapped {/api/auth/logout, POST} route +0ms
[Nest] 477072  - 10/03/2025, 3:48:02 PM     LOG [RouterExplorer] Mapped {/api/auth/forgot-password, POST} route +1ms
[Nest] 477072  - 10/03/2025, 3:48:02 PM     LOG [RouterExplorer] Mapped {/api/auth/reset-password, POST} route +0ms
[Nest] 477072  - 10/03/2025, 3:48:02 PM     LOG [RouterExplorer] Mapped {/api/auth/change-password, POST} route +0ms
[Nest] 477072  - 10/03/2025, 3:48:02 PM     LOG [RoutesResolver] EmployeesController {/api/employees}: +0ms
[Nest] 477072  - 10/03/2025, 3:48:02 PM     LOG [RouterExplorer] Mapped {/api/employees, POST} route +0ms
[Nest] 477072  - 10/03/2025, 3:48:02 PM     LOG [RouterExplorer] Mapped {/api/employees/check-email, GET} route +1ms
[Nest] 477072  - 10/03/2025, 3:48:02 PM     LOG [RouterExplorer] Mapped {/api/employees, GET} route +0ms
[Nest] 477072  - 10/03/2025, 3:48:02 PM     LOG [RouterExplorer] Mapped {/api/employees/dropdowns, GET} route +0ms
[Nest] 477072  - 10/03/2025, 3:48:02 PM     LOG [RouterExplorer] Mapped {/api/employees/test-route, GET} route +0ms
[Nest] 477072  - 10/03/2025, 3:48:02 PM     LOG [RouterExplorer] Mapped {/api/employees/non-admin-dropdown, GET} route +0ms
[Nest] 477072  - 10/03/2025, 3:48:02 PM     LOG [RouterExplorer] Mapped {/api/employees/export, GET} route +0ms
[Nest] 477072  - 10/03/2025, 3:48:02 PM     LOG [RouterExplorer] Mapped {/api/employees/:id, GET} route +0ms
[Nest] 477072  - 10/03/2025, 3:48:02 PM     LOG [RouterExplorer] Mapped {/api/employees/:id/asset-history, GET} route +1ms
[Nest] 477072  - 10/03/2025, 3:48:02 PM     LOG [RouterExplorer] Mapped {/api/employees/:id/asset-events, GET} route +0ms
[Nest] 477072  - 10/03/2025, 3:48:02 PM     LOG [RouterExplorer] Mapped {/api/employees/:id, PUT} route +0ms
[Nest] 477072  - 10/03/2025, 3:48:02 PM     LOG [RouterExplorer] Mapped {/api/employees/bulk-upload/validate, POST} route +0ms
[Nest] 477072  - 10/03/2025, 3:48:02 PM     LOG [RouterExplorer] Mapped {/api/employees/bulk-upload, POST} route +0ms
[Nest] 477072  - 10/03/2025, 3:48:02 PM     LOG [RouterExplorer] Mapped {/api/employees/:id, DELETE} route +0ms
[Nest] 477072  - 10/03/2025, 3:48:02 PM     LOG [RoutesResolver] VendorsController {/api/vendors}: +0ms
[Nest] 477072  - 10/03/2025, 3:48:02 PM     LOG [RouterExplorer] Mapped {/api/vendors, POST} route +1ms
[Nest] 477072  - 10/03/2025, 3:48:02 PM     LOG [RouterExplorer] Mapped {/api/vendors, GET} route +0ms
[Nest] 477072  - 10/03/2025, 3:48:02 PM     LOG [RouterExplorer] Mapped {/api/vendors/search, GET} route +0ms
[Nest] 477072  - 10/03/2025, 3:48:02 PM     LOG [RouterExplorer] Mapped {/api/vendors/:id, GET} route +0ms
[Nest] 477072  - 10/03/2025, 3:48:02 PM     LOG [RouterExplorer] Mapped {/api/vendors/:id, PUT} route +0ms
[Nest] 477072  - 10/03/2025, 3:48:02 PM     LOG [RouterExplorer] Mapped {/api/vendors/:id, DELETE} route +0ms
[Nest] 477072  - 10/03/2025, 3:48:02 PM     LOG [RouterExplorer] Mapped {/api/vendors/:id/status, PATCH} route +1ms
[Nest] 477072  - 10/03/2025, 3:48:02 PM     LOG [RouterExplorer] Mapped {/api/vendors/check-name, POST} route +0ms
[Nest] 477072  - 10/03/2025, 3:48:02 PM     LOG [RouterExplorer] Mapped {/api/vendors/validate-bulk-upload, POST} route +0ms
[Nest] 477072  - 10/03/2025, 3:48:02 PM     LOG [RouterExplorer] Mapped {/api/vendors/bulk-upload, POST} route +0ms
[Nest] 477072  - 10/03/2025, 3:48:02 PM     LOG [RoutesResolver] AssetCategoriesController {/api/asset-categories}: +0ms
[Nest] 477072  - 10/03/2025, 3:48:02 PM     LOG [RouterExplorer] Mapped {/api/asset-categories, POST} route +0ms
[Nest] 477072  - 10/03/2025, 3:48:02 PM     LOG [RouterExplorer] Mapped {/api/asset-categories, GET} route +0ms
[Nest] 477072  - 10/03/2025, 3:48:02 PM     LOG [RouterExplorer] Mapped {/api/asset-categories/:id, GET} route +1ms
[Nest] 477072  - 10/03/2025, 3:48:02 PM     LOG [RouterExplorer] Mapped {/api/asset-categories/:id, PUT} route +0ms
[Nest] 477072  - 10/03/2025, 3:48:02 PM     LOG [RouterExplorer] Mapped {/api/asset-categories/:id, DELETE} route +0ms
[Nest] 477072  - 10/03/2025, 3:48:02 PM     LOG [RouterExplorer] Mapped {/api/asset-categories/:sourceId/merge/:targetId, POST} route +0ms
[Nest] 477072  - 10/03/2025, 3:48:02 PM     LOG [RoutesResolver] AssetTypesController {/api/asset-types}: +0ms
[Nest] 477072  - 10/03/2025, 3:48:02 PM     LOG [RouterExplorer] Mapped {/api/asset-types, POST} route +0ms
[Nest] 477072  - 10/03/2025, 3:48:02 PM     LOG [RouterExplorer] Mapped {/api/asset-types, GET} route +0ms
[Nest] 477072  - 10/03/2025, 3:48:02 PM     LOG [RouterExplorer] Mapped {/api/asset-types/by-category/:categoryId, GET} route +0ms
[Nest] 477072  - 10/03/2025, 3:48:02 PM     LOG [RouterExplorer] Mapped {/api/asset-types/:id, GET} route +1ms
[Nest] 477072  - 10/03/2025, 3:48:02 PM     LOG [RouterExplorer] Mapped {/api/asset-types/:id, PUT} route +0ms
[Nest] 477072  - 10/03/2025, 3:48:02 PM     LOG [RouterExplorer] Mapped {/api/asset-types/:id, DELETE} route +0ms
[Nest] 477072  - 10/03/2025, 3:48:02 PM     LOG [RouterExplorer] Mapped {/api/asset-types/:sourceId/merge/:targetId, POST} route +0ms
[Nest] 477072  - 10/03/2025, 3:48:02 PM     LOG [RoutesResolver] BrandsController {/api/brands}: +0ms
[Nest] 477072  - 10/03/2025, 3:48:02 PM     LOG [RouterExplorer] Mapped {/api/brands, POST} route +0ms
[Nest] 477072  - 10/03/2025, 3:48:02 PM     LOG [RouterExplorer] Mapped {/api/brands, GET} route +0ms
[Nest] 477072  - 10/03/2025, 3:48:02 PM     LOG [RouterExplorer] Mapped {/api/brands/:id, GET} route +1ms
[Nest] 477072  - 10/03/2025, 3:48:02 PM     LOG [RouterExplorer] Mapped {/api/brands/:id, PUT} route +0ms
[Nest] 477072  - 10/03/2025, 3:48:02 PM     LOG [RouterExplorer] Mapped {/api/brands/:id, DELETE} route +0ms
[Nest] 477072  - 10/03/2025, 3:48:02 PM     LOG [RouterExplorer] Mapped {/api/brands/:sourceId/merge/:targetId, POST} route +0ms
[Nest] 477072  - 10/03/2025, 3:48:02 PM     LOG [RoutesResolver] ModelsController {/api/models}: +0ms
[Nest] 477072  - 10/03/2025, 3:48:02 PM     LOG [RouterExplorer] Mapped {/api/models, POST} route +0ms
[Nest] 477072  - 10/03/2025, 3:48:02 PM     LOG [RouterExplorer] Mapped {/api/models, GET} route +0ms
[Nest] 477072  - 10/03/2025, 3:48:02 PM     LOG [RouterExplorer] Mapped {/api/models/by-brand/:brandId, GET} route +0ms
[Nest] 477072  - 10/03/2025, 3:48:02 PM     LOG [RouterExplorer] Mapped {/api/models/by-brand/:brandId/asset-type/:assetTypeId, GET} route +1ms
[Nest] 477072  - 10/03/2025, 3:48:02 PM     LOG [RouterExplorer] Mapped {/api/models/:id, GET} route +0ms
[Nest] 477072  - 10/03/2025, 3:48:02 PM     LOG [RouterExplorer] Mapped {/api/models/:id, PUT} route +0ms
[Nest] 477072  - 10/03/2025, 3:48:02 PM     LOG [RouterExplorer] Mapped {/api/models/:id, DELETE} route +0ms
[Nest] 477072  - 10/03/2025, 3:48:02 PM     LOG [RouterExplorer] Mapped {/api/models/:sourceId/merge/:targetId, POST} route +0ms
[Nest] 477072  - 10/03/2025, 3:48:02 PM     LOG [RoutesResolver] AssignmentsController {/api/assignments}: +0ms
[Nest] 477072  - 10/03/2025, 3:48:02 PM     LOG [RouterExplorer] Mapped {/api/assignments, POST} route +1ms
[Nest] 477072  - 10/03/2025, 3:48:02 PM     LOG [RouterExplorer] Mapped {/api/assignments/active, GET} route +0ms
[Nest] 477072  - 10/03/2025, 3:48:02 PM     LOG [RouterExplorer] Mapped {/api/assignments/active/collect, GET} route +0ms
[Nest] 477072  - 10/03/2025, 3:48:02 PM     LOG [RouterExplorer] Mapped {/api/assignments, GET} route +0ms
[Nest] 477072  - 10/03/2025, 3:48:02 PM     LOG [RouterExplorer] Mapped {/api/assignments/:id, GET} route +0ms
[Nest] 477072  - 10/03/2025, 3:48:02 PM     LOG [RouterExplorer] Mapped {/api/assignments/:id/return, PUT} route +0ms
[Nest] 477072  - 10/03/2025, 3:48:02 PM     LOG [RoutesResolver] ReportsController {/api/reports}: +0ms
[Nest] 477072  - 10/03/2025, 3:48:02 PM     LOG [RouterExplorer] Mapped {/api/reports/analytics, GET} route +1ms
[Nest] 477072  - 10/03/2025, 3:48:02 PM     LOG [RouterExplorer] Mapped {/api/reports/asset-inventory, GET} route +0ms
[Nest] 477072  - 10/03/2025, 3:48:02 PM     LOG [RouterExplorer] Mapped {/api/reports/employee-assets, GET} route +0ms
[Nest] 477072  - 10/03/2025, 3:48:02 PM     LOG [RouterExplorer] Mapped {/api/reports/maintenance, GET} route +0ms
[Nest] 477072  - 10/03/2025, 3:48:02 PM     LOG [RouterExplorer] Mapped {/api/reports/export/asset-inventory, POST} route +0ms
[Nest] 477072  - 10/03/2025, 3:48:02 PM     LOG [RouterExplorer] Mapped {/api/reports/export/employee-assets, POST} route +0ms
[Nest] 477072  - 10/03/2025, 3:48:02 PM     LOG [RouterExplorer] Mapped {/api/reports/export/maintenance, POST} route +0ms
[Nest] 477072  - 10/03/2025, 3:48:02 PM     LOG [RouterExplorer] Mapped {/api/reports/preview, GET} route +1ms
[Nest] 477072  - 10/03/2025, 3:48:02 PM     LOG [RoutesResolver] MaintenanceController {/api/maintenance}: +0ms
[Nest] 477072  - 10/03/2025, 3:48:02 PM     LOG [RouterExplorer] Mapped {/api/maintenance, POST} route +0ms
[Nest] 477072  - 10/03/2025, 3:48:02 PM     LOG [RouterExplorer] Mapped {/api/maintenance, GET} route +0ms
[Nest] 477072  - 10/03/2025, 3:48:02 PM     LOG [RouterExplorer] Mapped {/api/maintenance/check-asset-availability, GET} route +0ms
[Nest] 477072  - 10/03/2025, 3:48:02 PM     LOG [RouterExplorer] Mapped {/api/maintenance/export, GET} route +0ms
[Nest] 477072  - 10/03/2025, 3:48:02 PM     LOG [RouterExplorer] Mapped {/api/maintenance/asset/:assetId/history, GET} route +0ms
[Nest] 477072  - 10/03/2025, 3:48:02 PM     LOG [RouterExplorer] Mapped {/api/maintenance/asset/:assetId/history-events, GET} route +0ms
[Nest] 477072  - 10/03/2025, 3:48:02 PM     LOG [RouterExplorer] Mapped {/api/maintenance/:id, GET} route +0ms
[Nest] 477072  - 10/03/2025, 3:48:02 PM     LOG [RouterExplorer] Mapped {/api/maintenance/:id, PATCH} route +1ms
[Nest] 477072  - 10/03/2025, 3:48:02 PM     LOG [RouterExplorer] Mapped {/api/maintenance/:id/complete, PUT} route +0ms
[Nest] 477072  - 10/03/2025, 3:48:02 PM     LOG [RouterExplorer] Mapped {/api/maintenance/:id/cancel, PUT} route +0ms
[Nest] 477072  - 10/03/2025, 3:48:02 PM     LOG [RouterExplorer] Mapped {/api/maintenance/:id, DELETE} route +0ms
[Nest] 477072  - 10/03/2025, 3:48:02 PM     LOG [RoutesResolver] MaintenanceTypesController {/api/maintenance-types}: +0ms
[Nest] 477072  - 10/03/2025, 3:48:02 PM     LOG [RouterExplorer] Mapped {/api/maintenance-types, GET} route +0ms
[Nest] 477072  - 10/03/2025, 3:48:02 PM     LOG [RoutesResolver] AssetsController {/api/assets}: +0ms
[Nest] 477072  - 10/03/2025, 3:48:02 PM     LOG [RouterExplorer] Mapped {/api/assets/generate-id, GET} route +0ms
[Nest] 477072  - 10/03/2025, 3:48:02 PM     LOG [RouterExplorer] Mapped {/api/assets, POST} route +1ms
[Nest] 477072  - 10/03/2025, 3:48:02 PM     LOG [RouterExplorer] Mapped {/api/assets, GET} route +0ms
[Nest] 477072  - 10/03/2025, 3:48:02 PM     LOG [RouterExplorer] Mapped {/api/assets/stats, GET} route +0ms
[Nest] 477072  - 10/03/2025, 3:48:02 PM     LOG [RouterExplorer] Mapped {/api/assets/export, GET} route +0ms
[Nest] 477072  - 10/03/2025, 3:48:02 PM     LOG [RouterExplorer] Mapped {/api/assets/search, GET} route +0ms
[Nest] 477072  - 10/03/2025, 3:48:02 PM     LOG [RouterExplorer] Mapped {/api/assets/dropdowns, GET} route +0ms
[Nest] 477072  - 10/03/2025, 3:48:02 PM     LOG [RouterExplorer] Mapped {/api/assets/available, GET} route +0ms
[Nest] 477072  - 10/03/2025, 3:48:02 PM     LOG [RouterExplorer] Mapped {/api/assets/:id, GET} route +1ms
[Nest] 477072  - 10/03/2025, 3:48:02 PM     LOG [RouterExplorer] Mapped {/api/assets/:id, PUT} route +0ms
[Nest] 477072  - 10/03/2025, 3:48:02 PM     LOG [RouterExplorer] Mapped {/api/assets/:id, DELETE} route +0ms
[Nest] 477072  - 10/03/2025, 3:48:02 PM     LOG [RouterExplorer] Mapped {/api/assets/:id/retire, PUT} route +0ms
[Nest] 477072  - 10/03/2025, 3:48:02 PM     LOG [RouterExplorer] Mapped {/api/assets/:id/reactivate, PUT} route +0ms
[Nest] 477072  - 10/03/2025, 3:48:02 PM     LOG [RouterExplorer] Mapped {/api/assets/validate-bulk-upload, POST} route +0ms
[Nest] 477072  - 10/03/2025, 3:48:02 PM     LOG [RouterExplorer] Mapped {/api/assets/bulk-upload, POST} route +1ms
[Nest] 477072  - 10/03/2025, 3:48:02 PM     LOG [RoutesResolver] AssetHistoryController {/api/asset-history}: +0ms
[Nest] 477072  - 10/03/2025, 3:48:02 PM     LOG [RouterExplorer] Mapped {/api/asset-history/:id, GET} route +0ms
[Nest] 477072  - 10/03/2025, 3:48:02 PM     LOG [RouterExplorer] Mapped {/api/asset-history/:id/summary, GET} route +0ms
[Nest] 477072  - 10/03/2025, 3:48:02 PM     LOG [RoutesResolver] AdminController {/api/admin}: +0ms
[Nest] 477072  - 10/03/2025, 3:48:02 PM     LOG [RouterExplorer] Mapped {/api/admin/users, GET} route +0ms
[Nest] 477072  - 10/03/2025, 3:48:02 PM     LOG [RouterExplorer] Mapped {/api/admin/users, POST} route +0ms
[Nest] 477072  - 10/03/2025, 3:48:02 PM     LOG [RouterExplorer] Mapped {/api/admin/users/:id/status, PATCH} route +0ms
[Nest] 477072  - 10/03/2025, 3:48:02 PM     LOG [RouterExplorer] Mapped {/api/admin/users/:id, DELETE} route +1ms
[Nest] 477072  - 10/03/2025, 3:48:02 PM     LOG [NestApplication] Nest application successfully started +116ms
Application is running on: http://localhost:3000/api
Swagger documentation available at: http://localhost:3000/api/docs
[2J[3J[H[[90m3:48:14 PM[0m] File change detected. Starting incremental compilation...

[[90m3:48:14 PM[0m] Found 0 errors. Watching for file changes.

[Nest] 477168  - 10/03/2025, 3:48:15 PM     LOG [NestFactory] Starting Nest application...
[Nest] 477168  - 10/03/2025, 3:48:15 PM     LOG [InstanceLoader] PrismaModule dependencies initialized +20ms
[Nest] 477168  - 10/03/2025, 3:48:15 PM     LOG [InstanceLoader] PassportModule dependencies initialized +0ms
[Nest] 477168  - 10/03/2025, 3:48:15 PM     LOG [InstanceLoader] ConfigHostModule dependencies initialized +1ms
[Nest] 477168  - 10/03/2025, 3:48:15 PM     LOG [InstanceLoader] ThrottlerModule dependencies initialized +0ms
[Nest] 477168  - 10/03/2025, 3:48:15 PM     LOG [InstanceLoader] JwtModule dependencies initialized +0ms
[Nest] 477168  - 10/03/2025, 3:48:15 PM     LOG [InstanceLoader] DiscoveryModule dependencies initialized +0ms
[Nest] 477168  - 10/03/2025, 3:48:15 PM     LOG [InstanceLoader] ConfigModule dependencies initialized +7ms
[Nest] 477168  - 10/03/2025, 3:48:15 PM     LOG [InstanceLoader] ConfigModule dependencies initialized +0ms
[Nest] 477168  - 10/03/2025, 3:48:15 PM     LOG [InstanceLoader] ScheduleModule dependencies initialized +1ms
[Nest] 477168  - 10/03/2025, 3:48:15 PM     LOG [InstanceLoader] AuthModule dependencies initialized +2ms
[Nest] 477168  - 10/03/2025, 3:48:15 PM     LOG [InstanceLoader] VendorsModule dependencies initialized +1ms
[Nest] 477168  - 10/03/2025, 3:48:15 PM     LOG [InstanceLoader] AssetCategoriesModule dependencies initialized +0ms
[Nest] 477168  - 10/03/2025, 3:48:15 PM     LOG [InstanceLoader] AssetTypesModule dependencies initialized +0ms
[Nest] 477168  - 10/03/2025, 3:48:15 PM     LOG [InstanceLoader] BrandsModule dependencies initialized +0ms
[Nest] 477168  - 10/03/2025, 3:48:15 PM     LOG [InstanceLoader] ModelsModule dependencies initialized +0ms
[Nest] 477168  - 10/03/2025, 3:48:15 PM     LOG [InstanceLoader] AssignmentsModule dependencies initialized +0ms
[Nest] 477168  - 10/03/2025, 3:48:15 PM     LOG [InstanceLoader] EmployeesModule dependencies initialized +1ms
[Nest] 477168  - 10/03/2025, 3:48:15 PM     LOG [InstanceLoader] MaintenanceModule dependencies initialized +0ms
[Nest] 477168  - 10/03/2025, 3:48:15 PM     LOG [InstanceLoader] AssetsModule dependencies initialized +0ms
[Nest] 477168  - 10/03/2025, 3:48:15 PM     LOG [InstanceLoader] AdminModule dependencies initialized +0ms
[Nest] 477168  - 10/03/2025, 3:48:15 PM     LOG [InstanceLoader] ReportsModule dependencies initialized +0ms
[Nest] 477168  - 10/03/2025, 3:48:15 PM     LOG [InstanceLoader] AssetHistoryModule dependencies initialized +0ms
[Nest] 477168  - 10/03/2025, 3:48:15 PM     LOG [InstanceLoader] AppModule dependencies initialized +0ms
[Nest] 477168  - 10/03/2025, 3:48:15 PM     LOG [RoutesResolver] AppController {/api}: +81ms
[Nest] 477168  - 10/03/2025, 3:48:15 PM     LOG [RouterExplorer] Mapped {/api, GET} route +2ms
[Nest] 477168  - 10/03/2025, 3:48:15 PM     LOG [RouterExplorer] Mapped {/api/dashboard/stats, GET} route +1ms
[Nest] 477168  - 10/03/2025, 3:48:15 PM     LOG [RoutesResolver] AuthController {/api/auth}: +0ms
[Nest] 477168  - 10/03/2025, 3:48:15 PM     LOG [RouterExplorer] Mapped {/api/auth/login, POST} route +0ms
[Nest] 477168  - 10/03/2025, 3:48:15 PM     LOG [RouterExplorer] Mapped {/api/auth/profile, GET} route +1ms
[Nest] 477168  - 10/03/2025, 3:48:15 PM     LOG [RouterExplorer] Mapped {/api/auth/refresh, POST} route +0ms
[Nest] 477168  - 10/03/2025, 3:48:15 PM     LOG [RouterExplorer] Mapped {/api/auth/logout, POST} route +0ms
[Nest] 477168  - 10/03/2025, 3:48:15 PM     LOG [RouterExplorer] Mapped {/api/auth/forgot-password, POST} route +0ms
[Nest] 477168  - 10/03/2025, 3:48:15 PM     LOG [RouterExplorer] Mapped {/api/auth/reset-password, POST} route +0ms
[Nest] 477168  - 10/03/2025, 3:48:15 PM     LOG [RouterExplorer] Mapped {/api/auth/change-password, POST} route +0ms
[Nest] 477168  - 10/03/2025, 3:48:15 PM     LOG [RoutesResolver] EmployeesController {/api/employees}: +1ms
[Nest] 477168  - 10/03/2025, 3:48:15 PM     LOG [RouterExplorer] Mapped {/api/employees, POST} route +0ms
[Nest] 477168  - 10/03/2025, 3:48:15 PM     LOG [RouterExplorer] Mapped {/api/employees/check-email, GET} route +0ms
[Nest] 477168  - 10/03/2025, 3:48:15 PM     LOG [RouterExplorer] Mapped {/api/employees, GET} route +0ms
[Nest] 477168  - 10/03/2025, 3:48:15 PM     LOG [RouterExplorer] Mapped {/api/employees/dropdowns, GET} route +0ms
[Nest] 477168  - 10/03/2025, 3:48:15 PM     LOG [RouterExplorer] Mapped {/api/employees/test-route, GET} route +0ms
[Nest] 477168  - 10/03/2025, 3:48:15 PM     LOG [RouterExplorer] Mapped {/api/employees/non-admin-dropdown, GET} route +0ms
[Nest] 477168  - 10/03/2025, 3:48:15 PM     LOG [RouterExplorer] Mapped {/api/employees/export, GET} route +1ms
[Nest] 477168  - 10/03/2025, 3:48:15 PM     LOG [RouterExplorer] Mapped {/api/employees/:id, GET} route +0ms
[Nest] 477168  - 10/03/2025, 3:48:15 PM     LOG [RouterExplorer] Mapped {/api/employees/:id/asset-history, GET} route +0ms
[Nest] 477168  - 10/03/2025, 3:48:15 PM     LOG [RouterExplorer] Mapped {/api/employees/:id/asset-events, GET} route +0ms
[Nest] 477168  - 10/03/2025, 3:48:15 PM     LOG [RouterExplorer] Mapped {/api/employees/:id, PUT} route +0ms
[Nest] 477168  - 10/03/2025, 3:48:15 PM     LOG [RouterExplorer] Mapped {/api/employees/bulk-upload/validate, POST} route +0ms
[Nest] 477168  - 10/03/2025, 3:48:15 PM     LOG [RouterExplorer] Mapped {/api/employees/bulk-upload, POST} route +1ms
[Nest] 477168  - 10/03/2025, 3:48:15 PM     LOG [RouterExplorer] Mapped {/api/employees/:id, DELETE} route +0ms
[Nest] 477168  - 10/03/2025, 3:48:15 PM     LOG [RoutesResolver] VendorsController {/api/vendors}: +0ms
[Nest] 477168  - 10/03/2025, 3:48:15 PM     LOG [RouterExplorer] Mapped {/api/vendors, POST} route +0ms
[Nest] 477168  - 10/03/2025, 3:48:15 PM     LOG [RouterExplorer] Mapped {/api/vendors, GET} route +0ms
[Nest] 477168  - 10/03/2025, 3:48:15 PM     LOG [RouterExplorer] Mapped {/api/vendors/search, GET} route +0ms
[Nest] 477168  - 10/03/2025, 3:48:15 PM     LOG [RouterExplorer] Mapped {/api/vendors/:id, GET} route +0ms
[Nest] 477168  - 10/03/2025, 3:48:15 PM     LOG [RouterExplorer] Mapped {/api/vendors/:id, PUT} route +1ms
[Nest] 477168  - 10/03/2025, 3:48:15 PM     LOG [RouterExplorer] Mapped {/api/vendors/:id, DELETE} route +0ms
[Nest] 477168  - 10/03/2025, 3:48:15 PM     LOG [RouterExplorer] Mapped {/api/vendors/:id/status, PATCH} route +0ms
[Nest] 477168  - 10/03/2025, 3:48:15 PM     LOG [RouterExplorer] Mapped {/api/vendors/check-name, POST} route +0ms
[Nest] 477168  - 10/03/2025, 3:48:15 PM     LOG [RouterExplorer] Mapped {/api/vendors/validate-bulk-upload, POST} route +0ms
[Nest] 477168  - 10/03/2025, 3:48:15 PM     LOG [RouterExplorer] Mapped {/api/vendors/bulk-upload, POST} route +0ms
[Nest] 477168  - 10/03/2025, 3:48:15 PM     LOG [RoutesResolver] AssetCategoriesController {/api/asset-categories}: +0ms
[Nest] 477168  - 10/03/2025, 3:48:15 PM     LOG [RouterExplorer] Mapped {/api/asset-categories, POST} route +1ms
[Nest] 477168  - 10/03/2025, 3:48:15 PM     LOG [RouterExplorer] Mapped {/api/asset-categories, GET} route +0ms
[Nest] 477168  - 10/03/2025, 3:48:15 PM     LOG [RouterExplorer] Mapped {/api/asset-categories/:id, GET} route +0ms
[Nest] 477168  - 10/03/2025, 3:48:15 PM     LOG [RouterExplorer] Mapped {/api/asset-categories/:id, PUT} route +0ms
[Nest] 477168  - 10/03/2025, 3:48:15 PM     LOG [RouterExplorer] Mapped {/api/asset-categories/:id, DELETE} route +0ms
[Nest] 477168  - 10/03/2025, 3:48:15 PM     LOG [RouterExplorer] Mapped {/api/asset-categories/:sourceId/merge/:targetId, POST} route +0ms
[Nest] 477168  - 10/03/2025, 3:48:15 PM     LOG [RoutesResolver] AssetTypesController {/api/asset-types}: +0ms
[Nest] 477168  - 10/03/2025, 3:48:15 PM     LOG [RouterExplorer] Mapped {/api/asset-types, POST} route +0ms
[Nest] 477168  - 10/03/2025, 3:48:15 PM     LOG [RouterExplorer] Mapped {/api/asset-types, GET} route +0ms
[Nest] 477168  - 10/03/2025, 3:48:15 PM     LOG [RouterExplorer] Mapped {/api/asset-types/by-category/:categoryId, GET} route +1ms
[Nest] 477168  - 10/03/2025, 3:48:15 PM     LOG [RouterExplorer] Mapped {/api/asset-types/:id, GET} route +0ms
[Nest] 477168  - 10/03/2025, 3:48:15 PM     LOG [RouterExplorer] Mapped {/api/asset-types/:id, PUT} route +0ms
[Nest] 477168  - 10/03/2025, 3:48:15 PM     LOG [RouterExplorer] Mapped {/api/asset-types/:id, DELETE} route +0ms
[Nest] 477168  - 10/03/2025, 3:48:15 PM     LOG [RouterExplorer] Mapped {/api/asset-types/:sourceId/merge/:targetId, POST} route +0ms
[Nest] 477168  - 10/03/2025, 3:48:15 PM     LOG [RoutesResolver] BrandsController {/api/brands}: +0ms
[Nest] 477168  - 10/03/2025, 3:48:15 PM     LOG [RouterExplorer] Mapped {/api/brands, POST} route +0ms
[Nest] 477168  - 10/03/2025, 3:48:15 PM     LOG [RouterExplorer] Mapped {/api/brands, GET} route +0ms
[Nest] 477168  - 10/03/2025, 3:48:15 PM     LOG [RouterExplorer] Mapped {/api/brands/:id, GET} route +1ms
[Nest] 477168  - 10/03/2025, 3:48:15 PM     LOG [RouterExplorer] Mapped {/api/brands/:id, PUT} route +0ms
[Nest] 477168  - 10/03/2025, 3:48:15 PM     LOG [RouterExplorer] Mapped {/api/brands/:id, DELETE} route +0ms
[Nest] 477168  - 10/03/2025, 3:48:15 PM     LOG [RouterExplorer] Mapped {/api/brands/:sourceId/merge/:targetId, POST} route +0ms
[Nest] 477168  - 10/03/2025, 3:48:15 PM     LOG [RoutesResolver] ModelsController {/api/models}: +0ms
[Nest] 477168  - 10/03/2025, 3:48:15 PM     LOG [RouterExplorer] Mapped {/api/models, POST} route +0ms
[Nest] 477168  - 10/03/2025, 3:48:15 PM     LOG [RouterExplorer] Mapped {/api/models, GET} route +0ms
[Nest] 477168  - 10/03/2025, 3:48:15 PM     LOG [RouterExplorer] Mapped {/api/models/by-brand/:brandId, GET} route +1ms
[Nest] 477168  - 10/03/2025, 3:48:15 PM     LOG [RouterExplorer] Mapped {/api/models/by-brand/:brandId/asset-type/:assetTypeId, GET} route +0ms
[Nest] 477168  - 10/03/2025, 3:48:15 PM     LOG [RouterExplorer] Mapped {/api/models/:id, GET} route +0ms
[Nest] 477168  - 10/03/2025, 3:48:15 PM     LOG [RouterExplorer] Mapped {/api/models/:id, PUT} route +0ms
[Nest] 477168  - 10/03/2025, 3:48:15 PM     LOG [RouterExplorer] Mapped {/api/models/:id, DELETE} route +0ms
[Nest] 477168  - 10/03/2025, 3:48:15 PM     LOG [RouterExplorer] Mapped {/api/models/:sourceId/merge/:targetId, POST} route +0ms
[Nest] 477168  - 10/03/2025, 3:48:15 PM     LOG [RoutesResolver] AssignmentsController {/api/assignments}: +0ms
[Nest] 477168  - 10/03/2025, 3:48:15 PM     LOG [RouterExplorer] Mapped {/api/assignments, POST} route +1ms
[Nest] 477168  - 10/03/2025, 3:48:15 PM     LOG [RouterExplorer] Mapped {/api/assignments/active, GET} route +0ms
[Nest] 477168  - 10/03/2025, 3:48:15 PM     LOG [RouterExplorer] Mapped {/api/assignments/active/collect, GET} route +0ms
[Nest] 477168  - 10/03/2025, 3:48:15 PM     LOG [RouterExplorer] Mapped {/api/assignments, GET} route +0ms
[Nest] 477168  - 10/03/2025, 3:48:15 PM     LOG [RouterExplorer] Mapped {/api/assignments/:id, GET} route +0ms
[Nest] 477168  - 10/03/2025, 3:48:15 PM     LOG [RouterExplorer] Mapped {/api/assignments/:id/return, PUT} route +0ms
[Nest] 477168  - 10/03/2025, 3:48:15 PM     LOG [RoutesResolver] ReportsController {/api/reports}: +0ms
[Nest] 477168  - 10/03/2025, 3:48:15 PM     LOG [RouterExplorer] Mapped {/api/reports/analytics, GET} route +1ms
[Nest] 477168  - 10/03/2025, 3:48:15 PM     LOG [RouterExplorer] Mapped {/api/reports/asset-inventory, GET} route +0ms
[Nest] 477168  - 10/03/2025, 3:48:15 PM     LOG [RouterExplorer] Mapped {/api/reports/employee-assets, GET} route +0ms
[Nest] 477168  - 10/03/2025, 3:48:15 PM     LOG [RouterExplorer] Mapped {/api/reports/maintenance, GET} route +0ms
[Nest] 477168  - 10/03/2025, 3:48:15 PM     LOG [RouterExplorer] Mapped {/api/reports/export/asset-inventory, POST} route +0ms
[Nest] 477168  - 10/03/2025, 3:48:15 PM     LOG [RouterExplorer] Mapped {/api/reports/export/employee-assets, POST} route +0ms
[Nest] 477168  - 10/03/2025, 3:48:15 PM     LOG [RouterExplorer] Mapped {/api/reports/export/maintenance, POST} route +0ms
[Nest] 477168  - 10/03/2025, 3:48:15 PM     LOG [RouterExplorer] Mapped {/api/reports/preview, GET} route +1ms
[Nest] 477168  - 10/03/2025, 3:48:15 PM     LOG [RoutesResolver] MaintenanceController {/api/maintenance}: +0ms
[Nest] 477168  - 10/03/2025, 3:48:15 PM     LOG [RouterExplorer] Mapped {/api/maintenance, POST} route +0ms
[Nest] 477168  - 10/03/2025, 3:48:15 PM     LOG [RouterExplorer] Mapped {/api/maintenance, GET} route +0ms
[Nest] 477168  - 10/03/2025, 3:48:15 PM     LOG [RouterExplorer] Mapped {/api/maintenance/check-asset-availability, GET} route +0ms
[Nest] 477168  - 10/03/2025, 3:48:15 PM     LOG [RouterExplorer] Mapped {/api/maintenance/export, GET} route +0ms
[Nest] 477168  - 10/03/2025, 3:48:15 PM     LOG [RouterExplorer] Mapped {/api/maintenance/asset/:assetId/history, GET} route +0ms
[Nest] 477168  - 10/03/2025, 3:48:15 PM     LOG [RouterExplorer] Mapped {/api/maintenance/asset/:assetId/history-events, GET} route +0ms
[Nest] 477168  - 10/03/2025, 3:48:15 PM     LOG [RouterExplorer] Mapped {/api/maintenance/:id, GET} route +0ms
[Nest] 477168  - 10/03/2025, 3:48:15 PM     LOG [RouterExplorer] Mapped {/api/maintenance/:id, PATCH} route +1ms
[Nest] 477168  - 10/03/2025, 3:48:15 PM     LOG [RouterExplorer] Mapped {/api/maintenance/:id/complete, PUT} route +0ms
[Nest] 477168  - 10/03/2025, 3:48:15 PM     LOG [RouterExplorer] Mapped {/api/maintenance/:id/cancel, PUT} route +0ms
[Nest] 477168  - 10/03/2025, 3:48:15 PM     LOG [RouterExplorer] Mapped {/api/maintenance/:id, DELETE} route +0ms
[Nest] 477168  - 10/03/2025, 3:48:15 PM     LOG [RoutesResolver] MaintenanceTypesController {/api/maintenance-types}: +0ms
[Nest] 477168  - 10/03/2025, 3:48:15 PM     LOG [RouterExplorer] Mapped {/api/maintenance-types, GET} route +0ms
[Nest] 477168  - 10/03/2025, 3:48:15 PM     LOG [RoutesResolver] AssetsController {/api/assets}: +0ms
[Nest] 477168  - 10/03/2025, 3:48:15 PM     LOG [RouterExplorer] Mapped {/api/assets/generate-id, GET} route +1ms
[Nest] 477168  - 10/03/2025, 3:48:15 PM     LOG [RouterExplorer] Mapped {/api/assets, POST} route +0ms
[Nest] 477168  - 10/03/2025, 3:48:15 PM     LOG [RouterExplorer] Mapped {/api/assets, GET} route +0ms
[Nest] 477168  - 10/03/2025, 3:48:15 PM     LOG [RouterExplorer] Mapped {/api/assets/stats, GET} route +0ms
[Nest] 477168  - 10/03/2025, 3:48:15 PM     LOG [RouterExplorer] Mapped {/api/assets/export, GET} route +0ms
[Nest] 477168  - 10/03/2025, 3:48:15 PM     LOG [RouterExplorer] Mapped {/api/assets/search, GET} route +0ms
[Nest] 477168  - 10/03/2025, 3:48:15 PM     LOG [RouterExplorer] Mapped {/api/assets/dropdowns, GET} route +0ms
[Nest] 477168  - 10/03/2025, 3:48:15 PM     LOG [RouterExplorer] Mapped {/api/assets/available, GET} route +0ms
[Nest] 477168  - 10/03/2025, 3:48:15 PM     LOG [RouterExplorer] Mapped {/api/assets/:id, GET} route +0ms
[Nest] 477168  - 10/03/2025, 3:48:15 PM     LOG [RouterExplorer] Mapped {/api/assets/:id, PUT} route +1ms
[Nest] 477168  - 10/03/2025, 3:48:15 PM     LOG [RouterExplorer] Mapped {/api/assets/:id, DELETE} route +0ms
[Nest] 477168  - 10/03/2025, 3:48:15 PM     LOG [RouterExplorer] Mapped {/api/assets/:id/retire, PUT} route +0ms
[Nest] 477168  - 10/03/2025, 3:48:15 PM     LOG [RouterExplorer] Mapped {/api/assets/:id/reactivate, PUT} route +0ms
[Nest] 477168  - 10/03/2025, 3:48:15 PM     LOG [RouterExplorer] Mapped {/api/assets/validate-bulk-upload, POST} route +0ms
[Nest] 477168  - 10/03/2025, 3:48:15 PM     LOG [RouterExplorer] Mapped {/api/assets/bulk-upload, POST} route +0ms
[Nest] 477168  - 10/03/2025, 3:48:15 PM     LOG [RoutesResolver] AssetHistoryController {/api/asset-history}: +0ms
[Nest] 477168  - 10/03/2025, 3:48:15 PM     LOG [RouterExplorer] Mapped {/api/asset-history/:id, GET} route +0ms
[Nest] 477168  - 10/03/2025, 3:48:15 PM     LOG [RouterExplorer] Mapped {/api/asset-history/:id/summary, GET} route +1ms
[Nest] 477168  - 10/03/2025, 3:48:15 PM     LOG [RoutesResolver] AdminController {/api/admin}: +0ms
[Nest] 477168  - 10/03/2025, 3:48:15 PM     LOG [RouterExplorer] Mapped {/api/admin/users, GET} route +0ms
[Nest] 477168  - 10/03/2025, 3:48:15 PM     LOG [RouterExplorer] Mapped {/api/admin/users, POST} route +0ms
[Nest] 477168  - 10/03/2025, 3:48:15 PM     LOG [RouterExplorer] Mapped {/api/admin/users/:id/status, PATCH} route +0ms
[Nest] 477168  - 10/03/2025, 3:48:15 PM     LOG [RouterExplorer] Mapped {/api/admin/users/:id, DELETE} route +0ms
[Nest] 477168  - 10/03/2025, 3:48:15 PM     LOG [NestApplication] Nest application successfully started +142ms
[Nest] 477168  - 10/03/2025, 3:48:15 PM   ERROR [NestApplication] Error: listen EADDRINUSE: address already in use :::3000 +1ms
node:net:1937
    const ex = new UVExceptionWithHostPort(err, 'listen', address, port);
               ^

Error: listen EADDRINUSE: address already in use :::3000
    at Server.setupListenHandle [as _listen2] (node:net:1937:16)
    at listenInCluster (node:net:1994:12)
    at Server.listen (node:net:2099:7)
    at ExpressAdapter.listen (/home/mindstix/Documents/Mindstix-Foundation/asset-mgt-be/node_modules/@nestjs/platform-express/adapters/express-adapter.js:127:32)
    at /home/mindstix/Documents/Mindstix-Foundation/asset-mgt-be/node_modules/@nestjs/core/nest-application.js:188:30
    at new Promise (<anonymous>)
    at NestApplication.listen (/home/mindstix/Documents/Mindstix-Foundation/asset-mgt-be/node_modules/@nestjs/core/nest-application.js:178:16)
    at async bootstrap (/home/mindstix/Documents/Mindstix-Foundation/asset-mgt-be/src/main.ts:82:3) {
  code: 'EADDRINUSE',
  errno: -98,
  syscall: 'listen',
  address: '::',
  port: 3000
}

Node.js v23.6.0
[2J[3J[H[[90m3:48:23 PM[0m] File change detected. Starting incremental compilation...

[[90m3:48:24 PM[0m] Found 0 errors. Watching for file changes.

[Nest] 477270  - 10/03/2025, 3:48:25 PM     LOG [NestFactory] Starting Nest application...
[Nest] 477270  - 10/03/2025, 3:48:25 PM     LOG [InstanceLoader] PrismaModule dependencies initialized +18ms
[Nest] 477270  - 10/03/2025, 3:48:25 PM     LOG [InstanceLoader] PassportModule dependencies initialized +0ms
[Nest] 477270  - 10/03/2025, 3:48:25 PM     LOG [InstanceLoader] ConfigHostModule dependencies initialized +1ms
[Nest] 477270  - 10/03/2025, 3:48:25 PM     LOG [InstanceLoader] ThrottlerModule dependencies initialized +0ms
[Nest] 477270  - 10/03/2025, 3:48:25 PM     LOG [InstanceLoader] JwtModule dependencies initialized +0ms
[Nest] 477270  - 10/03/2025, 3:48:25 PM     LOG [InstanceLoader] DiscoveryModule dependencies initialized +0ms
[Nest] 477270  - 10/03/2025, 3:48:25 PM     LOG [InstanceLoader] ConfigModule dependencies initialized +5ms
[Nest] 477270  - 10/03/2025, 3:48:25 PM     LOG [InstanceLoader] ConfigModule dependencies initialized +0ms
[Nest] 477270  - 10/03/2025, 3:48:25 PM     LOG [InstanceLoader] ScheduleModule dependencies initialized +1ms
[Nest] 477270  - 10/03/2025, 3:48:25 PM     LOG [InstanceLoader] AuthModule dependencies initialized +2ms
[Nest] 477270  - 10/03/2025, 3:48:25 PM     LOG [InstanceLoader] VendorsModule dependencies initialized +1ms
[Nest] 477270  - 10/03/2025, 3:48:25 PM     LOG [InstanceLoader] AssetCategoriesModule dependencies initialized +0ms
[Nest] 477270  - 10/03/2025, 3:48:25 PM     LOG [InstanceLoader] AssetTypesModule dependencies initialized +0ms
[Nest] 477270  - 10/03/2025, 3:48:25 PM     LOG [InstanceLoader] BrandsModule dependencies initialized +0ms
[Nest] 477270  - 10/03/2025, 3:48:25 PM     LOG [InstanceLoader] ModelsModule dependencies initialized +0ms
[Nest] 477270  - 10/03/2025, 3:48:25 PM     LOG [InstanceLoader] AssignmentsModule dependencies initialized +0ms
[Nest] 477270  - 10/03/2025, 3:48:25 PM     LOG [InstanceLoader] EmployeesModule dependencies initialized +1ms
[Nest] 477270  - 10/03/2025, 3:48:25 PM     LOG [InstanceLoader] MaintenanceModule dependencies initialized +0ms
[Nest] 477270  - 10/03/2025, 3:48:25 PM     LOG [InstanceLoader] AssetsModule dependencies initialized +0ms
[Nest] 477270  - 10/03/2025, 3:48:25 PM     LOG [InstanceLoader] AdminModule dependencies initialized +0ms
[Nest] 477270  - 10/03/2025, 3:48:25 PM     LOG [InstanceLoader] ReportsModule dependencies initialized +0ms
[Nest] 477270  - 10/03/2025, 3:48:25 PM     LOG [InstanceLoader] AssetHistoryModule dependencies initialized +0ms
[Nest] 477270  - 10/03/2025, 3:48:25 PM     LOG [InstanceLoader] AppModule dependencies initialized +0ms
[Nest] 477270  - 10/03/2025, 3:48:25 PM     LOG [RoutesResolver] AppController {/api}: +98ms
[Nest] 477270  - 10/03/2025, 3:48:25 PM     LOG [RouterExplorer] Mapped {/api, GET} route +2ms
[Nest] 477270  - 10/03/2025, 3:48:25 PM     LOG [RouterExplorer] Mapped {/api/dashboard/stats, GET} route +0ms
[Nest] 477270  - 10/03/2025, 3:48:25 PM     LOG [RoutesResolver] AuthController {/api/auth}: +0ms
[Nest] 477270  - 10/03/2025, 3:48:25 PM     LOG [RouterExplorer] Mapped {/api/auth/login, POST} route +1ms
[Nest] 477270  - 10/03/2025, 3:48:25 PM     LOG [RouterExplorer] Mapped {/api/auth/profile, GET} route +0ms
[Nest] 477270  - 10/03/2025, 3:48:25 PM     LOG [RouterExplorer] Mapped {/api/auth/refresh, POST} route +0ms
[Nest] 477270  - 10/03/2025, 3:48:25 PM     LOG [RouterExplorer] Mapped {/api/auth/logout, POST} route +1ms
[Nest] 477270  - 10/03/2025, 3:48:25 PM     LOG [RouterExplorer] Mapped {/api/auth/forgot-password, POST} route +0ms
[Nest] 477270  - 10/03/2025, 3:48:25 PM     LOG [RouterExplorer] Mapped {/api/auth/reset-password, POST} route +0ms
[Nest] 477270  - 10/03/2025, 3:48:25 PM     LOG [RouterExplorer] Mapped {/api/auth/change-password, POST} route +0ms
[Nest] 477270  - 10/03/2025, 3:48:25 PM     LOG [RoutesResolver] EmployeesController {/api/employees}: +0ms
[Nest] 477270  - 10/03/2025, 3:48:25 PM     LOG [RouterExplorer] Mapped {/api/employees, POST} route +1ms
[Nest] 477270  - 10/03/2025, 3:48:25 PM     LOG [RouterExplorer] Mapped {/api/employees/check-email, GET} route +0ms
[Nest] 477270  - 10/03/2025, 3:48:25 PM     LOG [RouterExplorer] Mapped {/api/employees, GET} route +0ms
[Nest] 477270  - 10/03/2025, 3:48:25 PM     LOG [RouterExplorer] Mapped {/api/employees/dropdowns, GET} route +0ms
[Nest] 477270  - 10/03/2025, 3:48:25 PM     LOG [RouterExplorer] Mapped {/api/employees/test-route, GET} route +0ms
[Nest] 477270  - 10/03/2025, 3:48:25 PM     LOG [RouterExplorer] Mapped {/api/employees/non-admin-dropdown, GET} route +0ms
[Nest] 477270  - 10/03/2025, 3:48:25 PM     LOG [RouterExplorer] Mapped {/api/employees/export, GET} route +1ms
[Nest] 477270  - 10/03/2025, 3:48:25 PM     LOG [RouterExplorer] Mapped {/api/employees/:id, GET} route +0ms
[Nest] 477270  - 10/03/2025, 3:48:25 PM     LOG [RouterExplorer] Mapped {/api/employees/:id/asset-history, GET} route +0ms
[Nest] 477270  - 10/03/2025, 3:48:25 PM     LOG [RouterExplorer] Mapped {/api/employees/:id/asset-events, GET} route +0ms
[Nest] 477270  - 10/03/2025, 3:48:25 PM     LOG [RouterExplorer] Mapped {/api/employees/:id, PUT} route +0ms
[Nest] 477270  - 10/03/2025, 3:48:25 PM     LOG [RouterExplorer] Mapped {/api/employees/bulk-upload/validate, POST} route +1ms
[Nest] 477270  - 10/03/2025, 3:48:25 PM     LOG [RouterExplorer] Mapped {/api/employees/bulk-upload, POST} route +0ms
[Nest] 477270  - 10/03/2025, 3:48:25 PM     LOG [RouterExplorer] Mapped {/api/employees/:id, DELETE} route +0ms
[Nest] 477270  - 10/03/2025, 3:48:25 PM     LOG [RoutesResolver] VendorsController {/api/vendors}: +0ms
[Nest] 477270  - 10/03/2025, 3:48:25 PM     LOG [RouterExplorer] Mapped {/api/vendors, POST} route +0ms
[Nest] 477270  - 10/03/2025, 3:48:25 PM     LOG [RouterExplorer] Mapped {/api/vendors, GET} route +0ms
[Nest] 477270  - 10/03/2025, 3:48:25 PM     LOG [RouterExplorer] Mapped {/api/vendors/search, GET} route +1ms
[Nest] 477270  - 10/03/2025, 3:48:25 PM     LOG [RouterExplorer] Mapped {/api/vendors/:id, GET} route +0ms
[Nest] 477270  - 10/03/2025, 3:48:25 PM     LOG [RouterExplorer] Mapped {/api/vendors/:id, PUT} route +0ms
[Nest] 477270  - 10/03/2025, 3:48:25 PM     LOG [RouterExplorer] Mapped {/api/vendors/:id, DELETE} route +0ms
[Nest] 477270  - 10/03/2025, 3:48:25 PM     LOG [RouterExplorer] Mapped {/api/vendors/:id/status, PATCH} route +0ms
[Nest] 477270  - 10/03/2025, 3:48:25 PM     LOG [RouterExplorer] Mapped {/api/vendors/check-name, POST} route +0ms
[Nest] 477270  - 10/03/2025, 3:48:25 PM     LOG [RouterExplorer] Mapped {/api/vendors/validate-bulk-upload, POST} route +0ms
[Nest] 477270  - 10/03/2025, 3:48:25 PM     LOG [RouterExplorer] Mapped {/api/vendors/bulk-upload, POST} route +1ms
[Nest] 477270  - 10/03/2025, 3:48:25 PM     LOG [RoutesResolver] AssetCategoriesController {/api/asset-categories}: +0ms
[Nest] 477270  - 10/03/2025, 3:48:25 PM     LOG [RouterExplorer] Mapped {/api/asset-categories, POST} route +0ms
[Nest] 477270  - 10/03/2025, 3:48:25 PM     LOG [RouterExplorer] Mapped {/api/asset-categories, GET} route +0ms
[Nest] 477270  - 10/03/2025, 3:48:25 PM     LOG [RouterExplorer] Mapped {/api/asset-categories/:id, GET} route +0ms
[Nest] 477270  - 10/03/2025, 3:48:25 PM     LOG [RouterExplorer] Mapped {/api/asset-categories/:id, PUT} route +0ms
[Nest] 477270  - 10/03/2025, 3:48:25 PM     LOG [RouterExplorer] Mapped {/api/asset-categories/:id, DELETE} route +0ms
[Nest] 477270  - 10/03/2025, 3:48:25 PM     LOG [RouterExplorer] Mapped {/api/asset-categories/:sourceId/merge/:targetId, POST} route +0ms
[Nest] 477270  - 10/03/2025, 3:48:25 PM     LOG [RoutesResolver] AssetTypesController {/api/asset-types}: +1ms
[Nest] 477270  - 10/03/2025, 3:48:25 PM     LOG [RouterExplorer] Mapped {/api/asset-types, POST} route +0ms
[Nest] 477270  - 10/03/2025, 3:48:25 PM     LOG [RouterExplorer] Mapped {/api/asset-types, GET} route +0ms
[Nest] 477270  - 10/03/2025, 3:48:25 PM     LOG [RouterExplorer] Mapped {/api/asset-types/by-category/:categoryId, GET} route +0ms
[Nest] 477270  - 10/03/2025, 3:48:25 PM     LOG [RouterExplorer] Mapped {/api/asset-types/:id, GET} route +0ms
[Nest] 477270  - 10/03/2025, 3:48:25 PM     LOG [RouterExplorer] Mapped {/api/asset-types/:id, PUT} route +0ms
[Nest] 477270  - 10/03/2025, 3:48:25 PM     LOG [RouterExplorer] Mapped {/api/asset-types/:id, DELETE} route +0ms
[Nest] 477270  - 10/03/2025, 3:48:25 PM     LOG [RouterExplorer] Mapped {/api/asset-types/:sourceId/merge/:targetId, POST} route +1ms
[Nest] 477270  - 10/03/2025, 3:48:25 PM     LOG [RoutesResolver] BrandsController {/api/brands}: +0ms
[Nest] 477270  - 10/03/2025, 3:48:25 PM     LOG [RouterExplorer] Mapped {/api/brands, POST} route +0ms
[Nest] 477270  - 10/03/2025, 3:48:25 PM     LOG [RouterExplorer] Mapped {/api/brands, GET} route +0ms
[Nest] 477270  - 10/03/2025, 3:48:25 PM     LOG [RouterExplorer] Mapped {/api/brands/:id, GET} route +0ms
[Nest] 477270  - 10/03/2025, 3:48:25 PM     LOG [RouterExplorer] Mapped {/api/brands/:id, PUT} route +0ms
[Nest] 477270  - 10/03/2025, 3:48:25 PM     LOG [RouterExplorer] Mapped {/api/brands/:id, DELETE} route +0ms
[Nest] 477270  - 10/03/2025, 3:48:25 PM     LOG [RouterExplorer] Mapped {/api/brands/:sourceId/merge/:targetId, POST} route +0ms
[Nest] 477270  - 10/03/2025, 3:48:25 PM     LOG [RoutesResolver] ModelsController {/api/models}: +1ms
[Nest] 477270  - 10/03/2025, 3:48:25 PM     LOG [RouterExplorer] Mapped {/api/models, POST} route +0ms
[Nest] 477270  - 10/03/2025, 3:48:25 PM     LOG [RouterExplorer] Mapped {/api/models, GET} route +0ms
[Nest] 477270  - 10/03/2025, 3:48:25 PM     LOG [RouterExplorer] Mapped {/api/models/by-brand/:brandId, GET} route +0ms
[Nest] 477270  - 10/03/2025, 3:48:25 PM     LOG [RouterExplorer] Mapped {/api/models/by-brand/:brandId/asset-type/:assetTypeId, GET} route +0ms
[Nest] 477270  - 10/03/2025, 3:48:25 PM     LOG [RouterExplorer] Mapped {/api/models/:id, GET} route +0ms
[Nest] 477270  - 10/03/2025, 3:48:25 PM     LOG [RouterExplorer] Mapped {/api/models/:id, PUT} route +1ms
[Nest] 477270  - 10/03/2025, 3:48:25 PM     LOG [RouterExplorer] Mapped {/api/models/:id, DELETE} route +0ms
[Nest] 477270  - 10/03/2025, 3:48:25 PM     LOG [RouterExplorer] Mapped {/api/models/:sourceId/merge/:targetId, POST} route +0ms
[Nest] 477270  - 10/03/2025, 3:48:25 PM     LOG [RoutesResolver] AssignmentsController {/api/assignments}: +0ms
[Nest] 477270  - 10/03/2025, 3:48:25 PM     LOG [RouterExplorer] Mapped {/api/assignments, POST} route +0ms
[Nest] 477270  - 10/03/2025, 3:48:25 PM     LOG [RouterExplorer] Mapped {/api/assignments/active, GET} route +0ms
[Nest] 477270  - 10/03/2025, 3:48:25 PM     LOG [RouterExplorer] Mapped {/api/assignments/active/collect, GET} route +0ms
[Nest] 477270  - 10/03/2025, 3:48:25 PM     LOG [RouterExplorer] Mapped {/api/assignments, GET} route +1ms
[Nest] 477270  - 10/03/2025, 3:48:25 PM     LOG [RouterExplorer] Mapped {/api/assignments/:id, GET} route +0ms
[Nest] 477270  - 10/03/2025, 3:48:25 PM     LOG [RouterExplorer] Mapped {/api/assignments/:id/return, PUT} route +0ms
[Nest] 477270  - 10/03/2025, 3:48:25 PM     LOG [RoutesResolver] ReportsController {/api/reports}: +0ms
[Nest] 477270  - 10/03/2025, 3:48:25 PM     LOG [RouterExplorer] Mapped {/api/reports/analytics, GET} route +0ms
[Nest] 477270  - 10/03/2025, 3:48:25 PM     LOG [RouterExplorer] Mapped {/api/reports/asset-inventory, GET} route +1ms
[Nest] 477270  - 10/03/2025, 3:48:25 PM     LOG [RouterExplorer] Mapped {/api/reports/employee-assets, GET} route +0ms
[Nest] 477270  - 10/03/2025, 3:48:25 PM     LOG [RouterExplorer] Mapped {/api/reports/maintenance, GET} route +0ms
[Nest] 477270  - 10/03/2025, 3:48:25 PM     LOG [RouterExplorer] Mapped {/api/reports/export/asset-inventory, POST} route +0ms
[Nest] 477270  - 10/03/2025, 3:48:25 PM     LOG [RouterExplorer] Mapped {/api/reports/export/employee-assets, POST} route +0ms
[Nest] 477270  - 10/03/2025, 3:48:25 PM     LOG [RouterExplorer] Mapped {/api/reports/export/maintenance, POST} route +0ms
[Nest] 477270  - 10/03/2025, 3:48:25 PM     LOG [RouterExplorer] Mapped {/api/reports/preview, GET} route +0ms
[Nest] 477270  - 10/03/2025, 3:48:25 PM     LOG [RoutesResolver] MaintenanceController {/api/maintenance}: +0ms
[Nest] 477270  - 10/03/2025, 3:48:25 PM     LOG [RouterExplorer] Mapped {/api/maintenance, POST} route +1ms
[Nest] 477270  - 10/03/2025, 3:48:25 PM     LOG [RouterExplorer] Mapped {/api/maintenance, GET} route +0ms
[Nest] 477270  - 10/03/2025, 3:48:25 PM     LOG [RouterExplorer] Mapped {/api/maintenance/check-asset-availability, GET} route +0ms
[Nest] 477270  - 10/03/2025, 3:48:25 PM     LOG [RouterExplorer] Mapped {/api/maintenance/export, GET} route +0ms
[Nest] 477270  - 10/03/2025, 3:48:25 PM     LOG [RouterExplorer] Mapped {/api/maintenance/asset/:assetId/history, GET} route +0ms
[Nest] 477270  - 10/03/2025, 3:48:25 PM     LOG [RouterExplorer] Mapped {/api/maintenance/asset/:assetId/history-events, GET} route +0ms
[Nest] 477270  - 10/03/2025, 3:48:25 PM     LOG [RouterExplorer] Mapped {/api/maintenance/:id, GET} route +1ms
[Nest] 477270  - 10/03/2025, 3:48:25 PM     LOG [RouterExplorer] Mapped {/api/maintenance/:id, PATCH} route +0ms
[Nest] 477270  - 10/03/2025, 3:48:25 PM     LOG [RouterExplorer] Mapped {/api/maintenance/:id/complete, PUT} route +0ms
[Nest] 477270  - 10/03/2025, 3:48:25 PM     LOG [RouterExplorer] Mapped {/api/maintenance/:id/cancel, PUT} route +0ms
[Nest] 477270  - 10/03/2025, 3:48:25 PM     LOG [RouterExplorer] Mapped {/api/maintenance/:id, DELETE} route +0ms
[Nest] 477270  - 10/03/2025, 3:48:25 PM     LOG [RoutesResolver] MaintenanceTypesController {/api/maintenance-types}: +0ms
[Nest] 477270  - 10/03/2025, 3:48:25 PM     LOG [RouterExplorer] Mapped {/api/maintenance-types, GET} route +0ms
[Nest] 477270  - 10/03/2025, 3:48:25 PM     LOG [RoutesResolver] AssetsController {/api/assets}: +0ms
[Nest] 477270  - 10/03/2025, 3:48:25 PM     LOG [RouterExplorer] Mapped {/api/assets/generate-id, GET} route +1ms
[Nest] 477270  - 10/03/2025, 3:48:25 PM     LOG [RouterExplorer] Mapped {/api/assets, POST} route +0ms
[Nest] 477270  - 10/03/2025, 3:48:25 PM     LOG [RouterExplorer] Mapped {/api/assets, GET} route +0ms
[Nest] 477270  - 10/03/2025, 3:48:25 PM     LOG [RouterExplorer] Mapped {/api/assets/stats, GET} route +0ms
[Nest] 477270  - 10/03/2025, 3:48:25 PM     LOG [RouterExplorer] Mapped {/api/assets/export, GET} route +0ms
[Nest] 477270  - 10/03/2025, 3:48:25 PM     LOG [RouterExplorer] Mapped {/api/assets/search, GET} route +0ms
[Nest] 477270  - 10/03/2025, 3:48:25 PM     LOG [RouterExplorer] Mapped {/api/assets/dropdowns, GET} route +0ms
[Nest] 477270  - 10/03/2025, 3:48:25 PM     LOG [RouterExplorer] Mapped {/api/assets/available, GET} route +0ms
[Nest] 477270  - 10/03/2025, 3:48:25 PM     LOG [RouterExplorer] Mapped {/api/assets/:id, GET} route +1ms
[Nest] 477270  - 10/03/2025, 3:48:25 PM     LOG [RouterExplorer] Mapped {/api/assets/:id, PUT} route +0ms
[Nest] 477270  - 10/03/2025, 3:48:25 PM     LOG [RouterExplorer] Mapped {/api/assets/:id, DELETE} route +0ms
[Nest] 477270  - 10/03/2025, 3:48:25 PM     LOG [RouterExplorer] Mapped {/api/assets/:id/retire, PUT} route +0ms
[Nest] 477270  - 10/03/2025, 3:48:25 PM     LOG [RouterExplorer] Mapped {/api/assets/:id/reactivate, PUT} route +0ms
[Nest] 477270  - 10/03/2025, 3:48:25 PM     LOG [RouterExplorer] Mapped {/api/assets/validate-bulk-upload, POST} route +0ms
[Nest] 477270  - 10/03/2025, 3:48:25 PM     LOG [RouterExplorer] Mapped {/api/assets/bulk-upload, POST} route +1ms
[Nest] 477270  - 10/03/2025, 3:48:25 PM     LOG [RoutesResolver] AssetHistoryController {/api/asset-history}: +0ms
[Nest] 477270  - 10/03/2025, 3:48:25 PM     LOG [RouterExplorer] Mapped {/api/asset-history/:id, GET} route +0ms
[Nest] 477270  - 10/03/2025, 3:48:25 PM     LOG [RouterExplorer] Mapped {/api/asset-history/:id/summary, GET} route +0ms
[Nest] 477270  - 10/03/2025, 3:48:25 PM     LOG [RoutesResolver] AdminController {/api/admin}: +0ms
[Nest] 477270  - 10/03/2025, 3:48:25 PM     LOG [RouterExplorer] Mapped {/api/admin/users, GET} route +0ms
[Nest] 477270  - 10/03/2025, 3:48:25 PM     LOG [RouterExplorer] Mapped {/api/admin/users, POST} route +0ms
[Nest] 477270  - 10/03/2025, 3:48:25 PM     LOG [RouterExplorer] Mapped {/api/admin/users/:id/status, PATCH} route +1ms
[Nest] 477270  - 10/03/2025, 3:48:25 PM     LOG [RouterExplorer] Mapped {/api/admin/users/:id, DELETE} route +0ms
[Nest] 477270  - 10/03/2025, 3:48:25 PM     LOG [NestApplication] Nest application successfully started +130ms
Application is running on: http://localhost:3000/api
Swagger documentation available at: http://localhost:3000/api/docs
[2J[3J[H[[90m3:48:34 PM[0m] File change detected. Starting incremental compilation...

[96msrc/auth/auth.controller.ts[0m:[93m82[0m:[93m17[0m - [91merror[0m[90m TS1272: [0mA type referenced in a decorated signature must be imported with 'import type' or a namespace import when 'isolatedModules' and 'emitDecoratorMetadata' are enabled.

[7m82[0m     @Req() req: ExpressRequest,
[7m  [0m [91m                ~~~~~~~~~~~~~~[0m

  [96msrc/auth/auth.controller.ts[0m:[93m10[0m:[93m39[0m
    [7m10[0m import { Response as ExpressResponse, Request as ExpressRequest } from 'express';
    [7m  [0m [96m                                      ~~~~~~~~~~~~~~~~~~~~~~~~~[0m
    'ExpressRequest' was imported here.

[96msrc/auth/auth.controller.ts[0m:[93m83[0m:[93m38[0m - [91merror[0m[90m TS1272: [0mA type referenced in a decorated signature must be imported with 'import type' or a namespace import when 'isolatedModules' and 'emitDecoratorMetadata' are enabled.

[7m83[0m     @Res({ passthrough: true }) res: ExpressResponse
[7m  [0m [91m                                     ~~~~~~~~~~~~~~~[0m

  [96msrc/auth/auth.controller.ts[0m:[93m10[0m:[93m10[0m
    [7m10[0m import { Response as ExpressResponse, Request as ExpressRequest } from 'express';
    [7m  [0m [96m         ~~~~~~~~~~~~~~~~~~~~~~~~~~~[0m
    'ExpressResponse' was imported here.

[[90m3:48:34 PM[0m] Found 2 errors. Watching for file changes.

[2J[3J[H[[90m3:48:48 PM[0m] File change detected. Starting incremental compilation...

[96msrc/auth/auth.controller.ts[0m:[93m82[0m:[93m17[0m - [91merror[0m[90m TS1272: [0mA type referenced in a decorated signature must be imported with 'import type' or a namespace import when 'isolatedModules' and 'emitDecoratorMetadata' are enabled.

[7m82[0m     @Req() req: ExpressRequest,
[7m  [0m [91m                ~~~~~~~~~~~~~~[0m

  [96msrc/auth/auth.controller.ts[0m:[93m10[0m:[93m39[0m
    [7m10[0m import { Response as ExpressResponse, Request as ExpressRequest } from 'express';
    [7m  [0m [96m                                      ~~~~~~~~~~~~~~~~~~~~~~~~~[0m
    'ExpressRequest' was imported here.

[96msrc/auth/auth.controller.ts[0m:[93m83[0m:[93m38[0m - [91merror[0m[90m TS1272: [0mA type referenced in a decorated signature must be imported with 'import type' or a namespace import when 'isolatedModules' and 'emitDecoratorMetadata' are enabled.

[7m83[0m     @Res({ passthrough: true }) res: ExpressResponse
[7m  [0m [91m                                     ~~~~~~~~~~~~~~~[0m

  [96msrc/auth/auth.controller.ts[0m:[93m10[0m:[93m10[0m
    [7m10[0m import { Response as ExpressResponse, Request as ExpressRequest } from 'express';
    [7m  [0m [96m         ~~~~~~~~~~~~~~~~~~~~~~~~~~~[0m
    'ExpressResponse' was imported here.

[96msrc/auth/auth.controller.ts[0m:[93m186[0m:[93m17[0m - [91merror[0m[90m TS1272: [0mA type referenced in a decorated signature must be imported with 'import type' or a namespace import when 'isolatedModules' and 'emitDecoratorMetadata' are enabled.

[7m186[0m     @Req() req: ExpressRequest,
[7m   [0m [91m                ~~~~~~~~~~~~~~[0m

  [96msrc/auth/auth.controller.ts[0m:[93m10[0m:[93m39[0m
    [7m10[0m import { Response as ExpressResponse, Request as ExpressRequest } from 'express';
    [7m  [0m [96m                                      ~~~~~~~~~~~~~~~~~~~~~~~~~[0m
    'ExpressRequest' was imported here.

[96msrc/auth/auth.controller.ts[0m:[93m187[0m:[93m38[0m - [91merror[0m[90m TS1272: [0mA type referenced in a decorated signature must be imported with 'import type' or a namespace import when 'isolatedModules' and 'emitDecoratorMetadata' are enabled.

[7m187[0m     @Res({ passthrough: true }) res: ExpressResponse,
[7m   [0m [91m                                     ~~~~~~~~~~~~~~~[0m

  [96msrc/auth/auth.controller.ts[0m:[93m10[0m:[93m10[0m
    [7m10[0m import { Response as ExpressResponse, Request as ExpressRequest } from 'express';
    [7m  [0m [96m         ~~~~~~~~~~~~~~~~~~~~~~~~~~~[0m
    'ExpressResponse' was imported here.

[96msrc/auth/auth.controller.ts[0m:[93m194[0m:[93m17[0m - [91merror[0m[90m TS2304: [0mCannot find name 'UnauthorizedException'.

[7m194[0m       throw new UnauthorizedException('Refresh token not provided');
[7m   [0m [91m                ~~~~~~~~~~~~~~~~~~~~~[0m

[[90m3:48:49 PM[0m] Found 5 errors. Watching for file changes.

[2J[3J[H[[90m3:48:56 PM[0m] File change detected. Starting incremental compilation...

[96msrc/auth/auth.controller.ts[0m:[93m82[0m:[93m17[0m - [91merror[0m[90m TS1272: [0mA type referenced in a decorated signature must be imported with 'import type' or a namespace import when 'isolatedModules' and 'emitDecoratorMetadata' are enabled.

[7m82[0m     @Req() req: ExpressRequest,
[7m  [0m [91m                ~~~~~~~~~~~~~~[0m

  [96msrc/auth/auth.controller.ts[0m:[93m10[0m:[93m39[0m
    [7m10[0m import { Response as ExpressResponse, Request as ExpressRequest } from 'express';
    [7m  [0m [96m                                      ~~~~~~~~~~~~~~~~~~~~~~~~~[0m
    'ExpressRequest' was imported here.

[96msrc/auth/auth.controller.ts[0m:[93m83[0m:[93m38[0m - [91merror[0m[90m TS1272: [0mA type referenced in a decorated signature must be imported with 'import type' or a namespace import when 'isolatedModules' and 'emitDecoratorMetadata' are enabled.

[7m83[0m     @Res({ passthrough: true }) res: ExpressResponse
[7m  [0m [91m                                     ~~~~~~~~~~~~~~~[0m

  [96msrc/auth/auth.controller.ts[0m:[93m10[0m:[93m10[0m
    [7m10[0m import { Response as ExpressResponse, Request as ExpressRequest } from 'express';
    [7m  [0m [96m         ~~~~~~~~~~~~~~~~~~~~~~~~~~~[0m
    'ExpressResponse' was imported here.

[96msrc/auth/auth.controller.ts[0m:[93m186[0m:[93m17[0m - [91merror[0m[90m TS1272: [0mA type referenced in a decorated signature must be imported with 'import type' or a namespace import when 'isolatedModules' and 'emitDecoratorMetadata' are enabled.

[7m186[0m     @Req() req: ExpressRequest,
[7m   [0m [91m                ~~~~~~~~~~~~~~[0m

  [96msrc/auth/auth.controller.ts[0m:[93m10[0m:[93m39[0m
    [7m10[0m import { Response as ExpressResponse, Request as ExpressRequest } from 'express';
    [7m  [0m [96m                                      ~~~~~~~~~~~~~~~~~~~~~~~~~[0m
    'ExpressRequest' was imported here.

[96msrc/auth/auth.controller.ts[0m:[93m187[0m:[93m38[0m - [91merror[0m[90m TS1272: [0mA type referenced in a decorated signature must be imported with 'import type' or a namespace import when 'isolatedModules' and 'emitDecoratorMetadata' are enabled.

[7m187[0m     @Res({ passthrough: true }) res: ExpressResponse,
[7m   [0m [91m                                     ~~~~~~~~~~~~~~~[0m

  [96msrc/auth/auth.controller.ts[0m:[93m10[0m:[93m10[0m
    [7m10[0m import { Response as ExpressResponse, Request as ExpressRequest } from 'express';
    [7m  [0m [96m         ~~~~~~~~~~~~~~~~~~~~~~~~~~~[0m
    'ExpressResponse' was imported here.

[[90m3:48:57 PM[0m] Found 4 errors. Watching for file changes.

[2J[3J[H[[90m3:49:09 PM[0m] File change detected. Starting incremental compilation...

[96msrc/auth/auth.controller.ts[0m:[93m82[0m:[93m17[0m - [91merror[0m[90m TS1272: [0mA type referenced in a decorated signature must be imported with 'import type' or a namespace import when 'isolatedModules' and 'emitDecoratorMetadata' are enabled.

[7m82[0m     @Req() req: ExpressRequest,
[7m  [0m [91m                ~~~~~~~~~~~~~~[0m

  [96msrc/auth/auth.controller.ts[0m:[93m10[0m:[93m39[0m
    [7m10[0m import { Response as ExpressResponse, Request as ExpressRequest } from 'express';
    [7m  [0m [96m                                      ~~~~~~~~~~~~~~~~~~~~~~~~~[0m
    'ExpressRequest' was imported here.

[96msrc/auth/auth.controller.ts[0m:[93m83[0m:[93m38[0m - [91merror[0m[90m TS1272: [0mA type referenced in a decorated signature must be imported with 'import type' or a namespace import when 'isolatedModules' and 'emitDecoratorMetadata' are enabled.

[7m83[0m     @Res({ passthrough: true }) res: ExpressResponse
[7m  [0m [91m                                     ~~~~~~~~~~~~~~~[0m

  [96msrc/auth/auth.controller.ts[0m:[93m10[0m:[93m10[0m
    [7m10[0m import { Response as ExpressResponse, Request as ExpressRequest } from 'express';
    [7m  [0m [96m         ~~~~~~~~~~~~~~~~~~~~~~~~~~~[0m
    'ExpressResponse' was imported here.

[96msrc/auth/auth.controller.ts[0m:[93m186[0m:[93m17[0m - [91merror[0m[90m TS1272: [0mA type referenced in a decorated signature must be imported with 'import type' or a namespace import when 'isolatedModules' and 'emitDecoratorMetadata' are enabled.

[7m186[0m     @Req() req: ExpressRequest,
[7m   [0m [91m                ~~~~~~~~~~~~~~[0m

  [96msrc/auth/auth.controller.ts[0m:[93m10[0m:[93m39[0m
    [7m10[0m import { Response as ExpressResponse, Request as ExpressRequest } from 'express';
    [7m  [0m [96m                                      ~~~~~~~~~~~~~~~~~~~~~~~~~[0m
    'ExpressRequest' was imported here.

[96msrc/auth/auth.controller.ts[0m:[93m187[0m:[93m38[0m - [91merror[0m[90m TS1272: [0mA type referenced in a decorated signature must be imported with 'import type' or a namespace import when 'isolatedModules' and 'emitDecoratorMetadata' are enabled.

[7m187[0m     @Res({ passthrough: true }) res: ExpressResponse,
[7m   [0m [91m                                     ~~~~~~~~~~~~~~~[0m

  [96msrc/auth/auth.controller.ts[0m:[93m10[0m:[93m10[0m
    [7m10[0m import { Response as ExpressResponse, Request as ExpressRequest } from 'express';
    [7m  [0m [96m         ~~~~~~~~~~~~~~~~~~~~~~~~~~~[0m
    'ExpressResponse' was imported here.

[96msrc/auth/auth.controller.ts[0m:[93m250[0m:[93m21[0m - [91merror[0m[90m TS1272: [0mA type referenced in a decorated signature must be imported with 'import type' or a namespace import when 'isolatedModules' and 'emitDecoratorMetadata' are enabled.

[7m250[0m     @Req() request: ExpressRequest,
[7m   [0m [91m                    ~~~~~~~~~~~~~~[0m

  [96msrc/auth/auth.controller.ts[0m:[93m10[0m:[93m39[0m
    [7m10[0m import { Response as ExpressResponse, Request as ExpressRequest } from 'express';
    [7m  [0m [96m                                      ~~~~~~~~~~~~~~~~~~~~~~~~~[0m
    'ExpressRequest' was imported here.

[96msrc/auth/auth.controller.ts[0m:[93m251[0m:[93m38[0m - [91merror[0m[90m TS1272: [0mA type referenced in a decorated signature must be imported with 'import type' or a namespace import when 'isolatedModules' and 'emitDecoratorMetadata' are enabled.

[7m251[0m     @Res({ passthrough: true }) res: ExpressResponse
[7m   [0m [91m                                     ~~~~~~~~~~~~~~~[0m

  [96msrc/auth/auth.controller.ts[0m:[93m10[0m:[93m10[0m
    [7m10[0m import { Response as ExpressResponse, Request as ExpressRequest } from 'express';
    [7m  [0m [96m         ~~~~~~~~~~~~~~~~~~~~~~~~~~~[0m
    'ExpressResponse' was imported here.

[[90m3:49:09 PM[0m] Found 6 errors. Watching for file changes.

[2J[3J[H[[90m3:49:31 PM[0m] File change detected. Starting incremental compilation...

[96msrc/auth/auth.controller.ts[0m:[93m82[0m:[93m17[0m - [91merror[0m[90m TS1272: [0mA type referenced in a decorated signature must be imported with 'import type' or a namespace import when 'isolatedModules' and 'emitDecoratorMetadata' are enabled.

[7m82[0m     @Req() req: ExpressRequest,
[7m  [0m [91m                ~~~~~~~~~~~~~~[0m

  [96msrc/auth/auth.controller.ts[0m:[93m10[0m:[93m39[0m
    [7m10[0m import { Response as ExpressResponse, Request as ExpressRequest } from 'express';
    [7m  [0m [96m                                      ~~~~~~~~~~~~~~~~~~~~~~~~~[0m
    'ExpressRequest' was imported here.

[96msrc/auth/auth.controller.ts[0m:[93m83[0m:[93m38[0m - [91merror[0m[90m TS1272: [0mA type referenced in a decorated signature must be imported with 'import type' or a namespace import when 'isolatedModules' and 'emitDecoratorMetadata' are enabled.

[7m83[0m     @Res({ passthrough: true }) res: ExpressResponse
[7m  [0m [91m                                     ~~~~~~~~~~~~~~~[0m

  [96msrc/auth/auth.controller.ts[0m:[93m10[0m:[93m10[0m
    [7m10[0m import { Response as ExpressResponse, Request as ExpressRequest } from 'express';
    [7m  [0m [96m         ~~~~~~~~~~~~~~~~~~~~~~~~~~~[0m
    'ExpressResponse' was imported here.

[96msrc/auth/auth.controller.ts[0m:[93m186[0m:[93m17[0m - [91merror[0m[90m TS1272: [0mA type referenced in a decorated signature must be imported with 'import type' or a namespace import when 'isolatedModules' and 'emitDecoratorMetadata' are enabled.

[7m186[0m     @Req() req: ExpressRequest,
[7m   [0m [91m                ~~~~~~~~~~~~~~[0m

  [96msrc/auth/auth.controller.ts[0m:[93m10[0m:[93m39[0m
    [7m10[0m import { Response as ExpressResponse, Request as ExpressRequest } from 'express';
    [7m  [0m [96m                                      ~~~~~~~~~~~~~~~~~~~~~~~~~[0m
    'ExpressRequest' was imported here.

[96msrc/auth/auth.controller.ts[0m:[93m187[0m:[93m38[0m - [91merror[0m[90m TS1272: [0mA type referenced in a decorated signature must be imported with 'import type' or a namespace import when 'isolatedModules' and 'emitDecoratorMetadata' are enabled.

[7m187[0m     @Res({ passthrough: true }) res: ExpressResponse,
[7m   [0m [91m                                     ~~~~~~~~~~~~~~~[0m

  [96msrc/auth/auth.controller.ts[0m:[93m10[0m:[93m10[0m
    [7m10[0m import { Response as ExpressResponse, Request as ExpressRequest } from 'express';
    [7m  [0m [96m         ~~~~~~~~~~~~~~~~~~~~~~~~~~~[0m
    'ExpressResponse' was imported here.

[96msrc/auth/auth.controller.ts[0m:[93m250[0m:[93m21[0m - [91merror[0m[90m TS1272: [0mA type referenced in a decorated signature must be imported with 'import type' or a namespace import when 'isolatedModules' and 'emitDecoratorMetadata' are enabled.

[7m250[0m     @Req() request: ExpressRequest,
[7m   [0m [91m                    ~~~~~~~~~~~~~~[0m

  [96msrc/auth/auth.controller.ts[0m:[93m10[0m:[93m39[0m
    [7m10[0m import { Response as ExpressResponse, Request as ExpressRequest } from 'express';
    [7m  [0m [96m                                      ~~~~~~~~~~~~~~~~~~~~~~~~~[0m
    'ExpressRequest' was imported here.

[96msrc/auth/auth.controller.ts[0m:[93m251[0m:[93m38[0m - [91merror[0m[90m TS1272: [0mA type referenced in a decorated signature must be imported with 'import type' or a namespace import when 'isolatedModules' and 'emitDecoratorMetadata' are enabled.

[7m251[0m     @Res({ passthrough: true }) res: ExpressResponse
[7m   [0m [91m                                     ~~~~~~~~~~~~~~~[0m

  [96msrc/auth/auth.controller.ts[0m:[93m10[0m:[93m10[0m
    [7m10[0m import { Response as ExpressResponse, Request as ExpressRequest } from 'express';
    [7m  [0m [96m         ~~~~~~~~~~~~~~~~~~~~~~~~~~~[0m
    'ExpressResponse' was imported here.

[96msrc/main.ts[0m:[93m7[0m:[93m31[0m - [91merror[0m[90m TS2307: [0mCannot find module 'cookie-parser' or its corresponding type declarations.

[7m7[0m import * as cookieParser from 'cookie-parser';
[7m [0m [91m                              ~~~~~~~~~~~~~~~[0m

[[90m3:49:31 PM[0m] Found 7 errors. Watching for file changes.

[2J[3J[H[[90m3:50:33 PM[0m] File change detected. Starting incremental compilation...

[96msrc/auth/auth.controller.ts[0m:[93m82[0m:[93m17[0m - [91merror[0m[90m TS1272: [0mA type referenced in a decorated signature must be imported with 'import type' or a namespace import when 'isolatedModules' and 'emitDecoratorMetadata' are enabled.

[7m82[0m     @Req() req: ExpressRequest,
[7m  [0m [91m                ~~~~~~~~~~~~~~[0m

  [96msrc/auth/auth.controller.ts[0m:[93m10[0m:[93m39[0m
    [7m10[0m import { Response as ExpressResponse, Request as ExpressRequest } from 'express';
    [7m  [0m [96m                                      ~~~~~~~~~~~~~~~~~~~~~~~~~[0m
    'ExpressRequest' was imported here.

[96msrc/auth/auth.controller.ts[0m:[93m83[0m:[93m38[0m - [91merror[0m[90m TS1272: [0mA type referenced in a decorated signature must be imported with 'import type' or a namespace import when 'isolatedModules' and 'emitDecoratorMetadata' are enabled.

[7m83[0m     @Res({ passthrough: true }) res: ExpressResponse
[7m  [0m [91m                                     ~~~~~~~~~~~~~~~[0m

  [96msrc/auth/auth.controller.ts[0m:[93m10[0m:[93m10[0m
    [7m10[0m import { Response as ExpressResponse, Request as ExpressRequest } from 'express';
    [7m  [0m [96m         ~~~~~~~~~~~~~~~~~~~~~~~~~~~[0m
    'ExpressResponse' was imported here.

[96msrc/auth/auth.controller.ts[0m:[93m186[0m:[93m17[0m - [91merror[0m[90m TS1272: [0mA type referenced in a decorated signature must be imported with 'import type' or a namespace import when 'isolatedModules' and 'emitDecoratorMetadata' are enabled.

[7m186[0m     @Req() req: ExpressRequest,
[7m   [0m [91m                ~~~~~~~~~~~~~~[0m

  [96msrc/auth/auth.controller.ts[0m:[93m10[0m:[93m39[0m
    [7m10[0m import { Response as ExpressResponse, Request as ExpressRequest } from 'express';
    [7m  [0m [96m                                      ~~~~~~~~~~~~~~~~~~~~~~~~~[0m
    'ExpressRequest' was imported here.

[96msrc/auth/auth.controller.ts[0m:[93m187[0m:[93m38[0m - [91merror[0m[90m TS1272: [0mA type referenced in a decorated signature must be imported with 'import type' or a namespace import when 'isolatedModules' and 'emitDecoratorMetadata' are enabled.

[7m187[0m     @Res({ passthrough: true }) res: ExpressResponse,
[7m   [0m [91m                                     ~~~~~~~~~~~~~~~[0m

  [96msrc/auth/auth.controller.ts[0m:[93m10[0m:[93m10[0m
    [7m10[0m import { Response as ExpressResponse, Request as ExpressRequest } from 'express';
    [7m  [0m [96m         ~~~~~~~~~~~~~~~~~~~~~~~~~~~[0m
    'ExpressResponse' was imported here.

[96msrc/auth/auth.controller.ts[0m:[93m250[0m:[93m21[0m - [91merror[0m[90m TS1272: [0mA type referenced in a decorated signature must be imported with 'import type' or a namespace import when 'isolatedModules' and 'emitDecoratorMetadata' are enabled.

[7m250[0m     @Req() request: ExpressRequest,
[7m   [0m [91m                    ~~~~~~~~~~~~~~[0m

  [96msrc/auth/auth.controller.ts[0m:[93m10[0m:[93m39[0m
    [7m10[0m import { Response as ExpressResponse, Request as ExpressRequest } from 'express';
    [7m  [0m [96m                                      ~~~~~~~~~~~~~~~~~~~~~~~~~[0m
    'ExpressRequest' was imported here.

[96msrc/auth/auth.controller.ts[0m:[93m251[0m:[93m38[0m - [91merror[0m[90m TS1272: [0mA type referenced in a decorated signature must be imported with 'import type' or a namespace import when 'isolatedModules' and 'emitDecoratorMetadata' are enabled.

[7m251[0m     @Res({ passthrough: true }) res: ExpressResponse
[7m   [0m [91m                                     ~~~~~~~~~~~~~~~[0m

  [96msrc/auth/auth.controller.ts[0m:[93m10[0m:[93m10[0m
    [7m10[0m import { Response as ExpressResponse, Request as ExpressRequest } from 'express';
    [7m  [0m [96m         ~~~~~~~~~~~~~~~~~~~~~~~~~~~[0m
    'ExpressResponse' was imported here.

[96msrc/main.ts[0m:[93m7[0m:[93m31[0m - [91merror[0m[90m TS2307: [0mCannot find module 'cookie-parser' or its corresponding type declarations.

[7m7[0m import * as cookieParser from 'cookie-parser';
[7m [0m [91m                              ~~~~~~~~~~~~~~~[0m

[[90m3:50:34 PM[0m] Found 7 errors. Watching for file changes.

[2J[3J[H[[90m3:50:34 PM[0m] File change detected. Starting incremental compilation...

[96msrc/auth/auth.controller.ts[0m:[93m82[0m:[93m17[0m - [91merror[0m[90m TS1272: [0mA type referenced in a decorated signature must be imported with 'import type' or a namespace import when 'isolatedModules' and 'emitDecoratorMetadata' are enabled.

[7m82[0m     @Req() req: ExpressRequest,
[7m  [0m [91m                ~~~~~~~~~~~~~~[0m

  [96msrc/auth/auth.controller.ts[0m:[93m10[0m:[93m39[0m
    [7m10[0m import { Response as ExpressResponse, Request as ExpressRequest } from 'express';
    [7m  [0m [96m                                      ~~~~~~~~~~~~~~~~~~~~~~~~~[0m
    'ExpressRequest' was imported here.

[96msrc/auth/auth.controller.ts[0m:[93m83[0m:[93m38[0m - [91merror[0m[90m TS1272: [0mA type referenced in a decorated signature must be imported with 'import type' or a namespace import when 'isolatedModules' and 'emitDecoratorMetadata' are enabled.

[7m83[0m     @Res({ passthrough: true }) res: ExpressResponse
[7m  [0m [91m                                     ~~~~~~~~~~~~~~~[0m

  [96msrc/auth/auth.controller.ts[0m:[93m10[0m:[93m10[0m
    [7m10[0m import { Response as ExpressResponse, Request as ExpressRequest } from 'express';
    [7m  [0m [96m         ~~~~~~~~~~~~~~~~~~~~~~~~~~~[0m
    'ExpressResponse' was imported here.

[96msrc/auth/auth.controller.ts[0m:[93m186[0m:[93m17[0m - [91merror[0m[90m TS1272: [0mA type referenced in a decorated signature must be imported with 'import type' or a namespace import when 'isolatedModules' and 'emitDecoratorMetadata' are enabled.

[7m186[0m     @Req() req: ExpressRequest,
[7m   [0m [91m                ~~~~~~~~~~~~~~[0m

  [96msrc/auth/auth.controller.ts[0m:[93m10[0m:[93m39[0m
    [7m10[0m import { Response as ExpressResponse, Request as ExpressRequest } from 'express';
    [7m  [0m [96m                                      ~~~~~~~~~~~~~~~~~~~~~~~~~[0m
    'ExpressRequest' was imported here.

[96msrc/auth/auth.controller.ts[0m:[93m187[0m:[93m38[0m - [91merror[0m[90m TS1272: [0mA type referenced in a decorated signature must be imported with 'import type' or a namespace import when 'isolatedModules' and 'emitDecoratorMetadata' are enabled.

[7m187[0m     @Res({ passthrough: true }) res: ExpressResponse,
[7m   [0m [91m                                     ~~~~~~~~~~~~~~~[0m

  [96msrc/auth/auth.controller.ts[0m:[93m10[0m:[93m10[0m
    [7m10[0m import { Response as ExpressResponse, Request as ExpressRequest } from 'express';
    [7m  [0m [96m         ~~~~~~~~~~~~~~~~~~~~~~~~~~~[0m
    'ExpressResponse' was imported here.

[96msrc/auth/auth.controller.ts[0m:[93m250[0m:[93m21[0m - [91merror[0m[90m TS1272: [0mA type referenced in a decorated signature must be imported with 'import type' or a namespace import when 'isolatedModules' and 'emitDecoratorMetadata' are enabled.

[7m250[0m     @Req() request: ExpressRequest,
[7m   [0m [91m                    ~~~~~~~~~~~~~~[0m

  [96msrc/auth/auth.controller.ts[0m:[93m10[0m:[93m39[0m
    [7m10[0m import { Response as ExpressResponse, Request as ExpressRequest } from 'express';
    [7m  [0m [96m                                      ~~~~~~~~~~~~~~~~~~~~~~~~~[0m
    'ExpressRequest' was imported here.

[96msrc/auth/auth.controller.ts[0m:[93m251[0m:[93m38[0m - [91merror[0m[90m TS1272: [0mA type referenced in a decorated signature must be imported with 'import type' or a namespace import when 'isolatedModules' and 'emitDecoratorMetadata' are enabled.

[7m251[0m     @Res({ passthrough: true }) res: ExpressResponse
[7m   [0m [91m                                     ~~~~~~~~~~~~~~~[0m

  [96msrc/auth/auth.controller.ts[0m:[93m10[0m:[93m10[0m
    [7m10[0m import { Response as ExpressResponse, Request as ExpressRequest } from 'express';
    [7m  [0m [96m         ~~~~~~~~~~~~~~~~~~~~~~~~~~~[0m
    'ExpressResponse' was imported here.

[96msrc/main.ts[0m:[93m13[0m:[93m11[0m - [91merror[0m[90m TS2349: [0mThis expression is not callable.
  Type 'typeof cookieParser' has no call signatures.

[7m13[0m   app.use(cookieParser());
[7m  [0m [91m          ~~~~~~~~~~~~[0m

  [96msrc/main.ts[0m:[93m7[0m:[93m1[0m
    [7m7[0m import * as cookieParser from 'cookie-parser';
    [7m [0m [96m~~~~~~~~~~~~~~~~~~~~~~~~~~~~~~~~~~~~~~~~~~~~~~[0m
    Type originates at this import. A namespace-style import cannot be called or constructed, and will cause a failure at runtime. Consider using a default import or import require here instead.

[[90m3:50:35 PM[0m] Found 7 errors. Watching for file changes.

[2J[3J[H[[90m3:50:36 PM[0m] File change detected. Starting incremental compilation...

[96msrc/auth/auth.controller.ts[0m:[93m82[0m:[93m17[0m - [91merror[0m[90m TS1272: [0mA type referenced in a decorated signature must be imported with 'import type' or a namespace import when 'isolatedModules' and 'emitDecoratorMetadata' are enabled.

[7m82[0m     @Req() req: ExpressRequest,
[7m  [0m [91m                ~~~~~~~~~~~~~~[0m

  [96msrc/auth/auth.controller.ts[0m:[93m10[0m:[93m39[0m
    [7m10[0m import { Response as ExpressResponse, Request as ExpressRequest } from 'express';
    [7m  [0m [96m                                      ~~~~~~~~~~~~~~~~~~~~~~~~~[0m
    'ExpressRequest' was imported here.

[96msrc/auth/auth.controller.ts[0m:[93m83[0m:[93m38[0m - [91merror[0m[90m TS1272: [0mA type referenced in a decorated signature must be imported with 'import type' or a namespace import when 'isolatedModules' and 'emitDecoratorMetadata' are enabled.

[7m83[0m     @Res({ passthrough: true }) res: ExpressResponse
[7m  [0m [91m                                     ~~~~~~~~~~~~~~~[0m

  [96msrc/auth/auth.controller.ts[0m:[93m10[0m:[93m10[0m
    [7m10[0m import { Response as ExpressResponse, Request as ExpressRequest } from 'express';
    [7m  [0m [96m         ~~~~~~~~~~~~~~~~~~~~~~~~~~~[0m
    'ExpressResponse' was imported here.

[96msrc/auth/auth.controller.ts[0m:[93m186[0m:[93m17[0m - [91merror[0m[90m TS1272: [0mA type referenced in a decorated signature must be imported with 'import type' or a namespace import when 'isolatedModules' and 'emitDecoratorMetadata' are enabled.

[7m186[0m     @Req() req: ExpressRequest,
[7m   [0m [91m                ~~~~~~~~~~~~~~[0m

  [96msrc/auth/auth.controller.ts[0m:[93m10[0m:[93m39[0m
    [7m10[0m import { Response as ExpressResponse, Request as ExpressRequest } from 'express';
    [7m  [0m [96m                                      ~~~~~~~~~~~~~~~~~~~~~~~~~[0m
    'ExpressRequest' was imported here.

[96msrc/auth/auth.controller.ts[0m:[93m187[0m:[93m38[0m - [91merror[0m[90m TS1272: [0mA type referenced in a decorated signature must be imported with 'import type' or a namespace import when 'isolatedModules' and 'emitDecoratorMetadata' are enabled.

[7m187[0m     @Res({ passthrough: true }) res: ExpressResponse,
[7m   [0m [91m                                     ~~~~~~~~~~~~~~~[0m

  [96msrc/auth/auth.controller.ts[0m:[93m10[0m:[93m10[0m
    [7m10[0m import { Response as ExpressResponse, Request as ExpressRequest } from 'express';
    [7m  [0m [96m         ~~~~~~~~~~~~~~~~~~~~~~~~~~~[0m
    'ExpressResponse' was imported here.

[96msrc/auth/auth.controller.ts[0m:[93m250[0m:[93m21[0m - [91merror[0m[90m TS1272: [0mA type referenced in a decorated signature must be imported with 'import type' or a namespace import when 'isolatedModules' and 'emitDecoratorMetadata' are enabled.

[7m250[0m     @Req() request: ExpressRequest,
[7m   [0m [91m                    ~~~~~~~~~~~~~~[0m

  [96msrc/auth/auth.controller.ts[0m:[93m10[0m:[93m39[0m
    [7m10[0m import { Response as ExpressResponse, Request as ExpressRequest } from 'express';
    [7m  [0m [96m                                      ~~~~~~~~~~~~~~~~~~~~~~~~~[0m
    'ExpressRequest' was imported here.

[96msrc/auth/auth.controller.ts[0m:[93m251[0m:[93m38[0m - [91merror[0m[90m TS1272: [0mA type referenced in a decorated signature must be imported with 'import type' or a namespace import when 'isolatedModules' and 'emitDecoratorMetadata' are enabled.

[7m251[0m     @Res({ passthrough: true }) res: ExpressResponse
[7m   [0m [91m                                     ~~~~~~~~~~~~~~~[0m

  [96msrc/auth/auth.controller.ts[0m:[93m10[0m:[93m10[0m
    [7m10[0m import { Response as ExpressResponse, Request as ExpressRequest } from 'express';
    [7m  [0m [96m         ~~~~~~~~~~~~~~~~~~~~~~~~~~~[0m
    'ExpressResponse' was imported here.

[96msrc/main.ts[0m:[93m13[0m:[93m11[0m - [91merror[0m[90m TS2349: [0mThis expression is not callable.
  Type 'typeof cookieParser' has no call signatures.

[7m13[0m   app.use(cookieParser());
[7m  [0m [91m          ~~~~~~~~~~~~[0m

  [96msrc/main.ts[0m:[93m7[0m:[93m1[0m
    [7m7[0m import * as cookieParser from 'cookie-parser';
    [7m [0m [96m~~~~~~~~~~~~~~~~~~~~~~~~~~~~~~~~~~~~~~~~~~~~~~[0m
    Type originates at this import. A namespace-style import cannot be called or constructed, and will cause a failure at runtime. Consider using a default import or import require here instead.

[[90m3:50:36 PM[0m] Found 7 errors. Watching for file changes.

[2J[3J[H[[90m3:50:56 PM[0m] File change detected. Starting incremental compilation...

[96msrc/auth/auth.controller.ts[0m:[93m82[0m:[93m17[0m - [91merror[0m[90m TS1272: [0mA type referenced in a decorated signature must be imported with 'import type' or a namespace import when 'isolatedModules' and 'emitDecoratorMetadata' are enabled.

[7m82[0m     @Req() req: ExpressRequest,
[7m  [0m [91m                ~~~~~~~~~~~~~~[0m

  [96msrc/auth/auth.controller.ts[0m:[93m10[0m:[93m39[0m
    [7m10[0m import { Response as ExpressResponse, Request as ExpressRequest } from 'express';
    [7m  [0m [96m                                      ~~~~~~~~~~~~~~~~~~~~~~~~~[0m
    'ExpressRequest' was imported here.

[96msrc/auth/auth.controller.ts[0m:[93m83[0m:[93m38[0m - [91merror[0m[90m TS1272: [0mA type referenced in a decorated signature must be imported with 'import type' or a namespace import when 'isolatedModules' and 'emitDecoratorMetadata' are enabled.

[7m83[0m     @Res({ passthrough: true }) res: ExpressResponse
[7m  [0m [91m                                     ~~~~~~~~~~~~~~~[0m

  [96msrc/auth/auth.controller.ts[0m:[93m10[0m:[93m10[0m
    [7m10[0m import { Response as ExpressResponse, Request as ExpressRequest } from 'express';
    [7m  [0m [96m         ~~~~~~~~~~~~~~~~~~~~~~~~~~~[0m
    'ExpressResponse' was imported here.

[96msrc/auth/auth.controller.ts[0m:[93m186[0m:[93m17[0m - [91merror[0m[90m TS1272: [0mA type referenced in a decorated signature must be imported with 'import type' or a namespace import when 'isolatedModules' and 'emitDecoratorMetadata' are enabled.

[7m186[0m     @Req() req: ExpressRequest,
[7m   [0m [91m                ~~~~~~~~~~~~~~[0m

  [96msrc/auth/auth.controller.ts[0m:[93m10[0m:[93m39[0m
    [7m10[0m import { Response as ExpressResponse, Request as ExpressRequest } from 'express';
    [7m  [0m [96m                                      ~~~~~~~~~~~~~~~~~~~~~~~~~[0m
    'ExpressRequest' was imported here.

[96msrc/auth/auth.controller.ts[0m:[93m187[0m:[93m38[0m - [91merror[0m[90m TS1272: [0mA type referenced in a decorated signature must be imported with 'import type' or a namespace import when 'isolatedModules' and 'emitDecoratorMetadata' are enabled.

[7m187[0m     @Res({ passthrough: true }) res: ExpressResponse,
[7m   [0m [91m                                     ~~~~~~~~~~~~~~~[0m

  [96msrc/auth/auth.controller.ts[0m:[93m10[0m:[93m10[0m
    [7m10[0m import { Response as ExpressResponse, Request as ExpressRequest } from 'express';
    [7m  [0m [96m         ~~~~~~~~~~~~~~~~~~~~~~~~~~~[0m
    'ExpressResponse' was imported here.

[96msrc/auth/auth.controller.ts[0m:[93m250[0m:[93m21[0m - [91merror[0m[90m TS1272: [0mA type referenced in a decorated signature must be imported with 'import type' or a namespace import when 'isolatedModules' and 'emitDecoratorMetadata' are enabled.

[7m250[0m     @Req() request: ExpressRequest,
[7m   [0m [91m                    ~~~~~~~~~~~~~~[0m

  [96msrc/auth/auth.controller.ts[0m:[93m10[0m:[93m39[0m
    [7m10[0m import { Response as ExpressResponse, Request as ExpressRequest } from 'express';
    [7m  [0m [96m                                      ~~~~~~~~~~~~~~~~~~~~~~~~~[0m
    'ExpressRequest' was imported here.

[96msrc/auth/auth.controller.ts[0m:[93m251[0m:[93m38[0m - [91merror[0m[90m TS1272: [0mA type referenced in a decorated signature must be imported with 'import type' or a namespace import when 'isolatedModules' and 'emitDecoratorMetadata' are enabled.

[7m251[0m     @Res({ passthrough: true }) res: ExpressResponse
[7m   [0m [91m                                     ~~~~~~~~~~~~~~~[0m

  [96msrc/auth/auth.controller.ts[0m:[93m10[0m:[93m10[0m
    [7m10[0m import { Response as ExpressResponse, Request as ExpressRequest } from 'express';
    [7m  [0m [96m         ~~~~~~~~~~~~~~~~~~~~~~~~~~~[0m
    'ExpressResponse' was imported here.

[96msrc/main.ts[0m:[93m13[0m:[93m11[0m - [91merror[0m[90m TS2349: [0mThis expression is not callable.
  Type 'typeof cookieParser' has no call signatures.

[7m13[0m   app.use(cookieParser());
[7m  [0m [91m          ~~~~~~~~~~~~[0m

  [96msrc/main.ts[0m:[93m7[0m:[93m1[0m
    [7m7[0m import * as cookieParser from 'cookie-parser';
    [7m [0m [96m~~~~~~~~~~~~~~~~~~~~~~~~~~~~~~~~~~~~~~~~~~~~~~[0m
    Type originates at this import. A namespace-style import cannot be called or constructed, and will cause a failure at runtime. Consider using a default import or import require here instead.

[[90m3:50:56 PM[0m] Found 7 errors. Watching for file changes.

[2J[3J[H[[90m3:55:51 PM[0m] File change detected. Starting incremental compilation...

[96msrc/main.ts[0m:[93m13[0m:[93m11[0m - [91merror[0m[90m TS2349: [0mThis expression is not callable.
  Type 'typeof cookieParser' has no call signatures.

[7m13[0m   app.use(cookieParser());
[7m  [0m [91m          ~~~~~~~~~~~~[0m

  [96msrc/main.ts[0m:[93m7[0m:[93m1[0m
    [7m7[0m import * as cookieParser from 'cookie-parser';
    [7m [0m [96m~~~~~~~~~~~~~~~~~~~~~~~~~~~~~~~~~~~~~~~~~~~~~~[0m
    Type originates at this import. A namespace-style import cannot be called or constructed, and will cause a failure at runtime. Consider using a default import or import require here instead.

[[90m3:55:51 PM[0m] Found 1 error. Watching for file changes.

[2J[3J[H[[90m4:08:38 PM[0m] File change detected. Starting incremental compilation...

[96msrc/main.ts[0m:[93m13[0m:[93m11[0m - [91merror[0m[90m TS2349: [0mThis expression is not callable.
  Type 'typeof cookieParser' has no call signatures.

[7m13[0m   app.use(cookieParser());
[7m  [0m [91m          ~~~~~~~~~~~~[0m

  [96msrc/main.ts[0m:[93m7[0m:[93m1[0m
    [7m7[0m import * as cookieParser from 'cookie-parser';
    [7m [0m [96m~~~~~~~~~~~~~~~~~~~~~~~~~~~~~~~~~~~~~~~~~~~~~~[0m
    Type originates at this import. A namespace-style import cannot be called or constructed, and will cause a failure at runtime. Consider using a default import or import require here instead.

[[90m4:08:38 PM[0m] Found 1 error. Watching for file changes.

[2J[3J[H[[90m4:09:09 PM[0m] File change detected. Starting incremental compilation...

[96msrc/main.ts[0m:[93m13[0m:[93m11[0m - [91merror[0m[90m TS2349: [0mThis expression is not callable.
  Type 'typeof cookieParser' has no call signatures.

[7m13[0m   app.use(cookieParser());
[7m  [0m [91m          ~~~~~~~~~~~~[0m

  [96msrc/main.ts[0m:[93m7[0m:[93m1[0m
    [7m7[0m import * as cookieParser from 'cookie-parser';
    [7m [0m [96m~~~~~~~~~~~~~~~~~~~~~~~~~~~~~~~~~~~~~~~~~~~~~~[0m
    Type originates at this import. A namespace-style import cannot be called or constructed, and will cause a failure at runtime. Consider using a default import or import require here instead.

[[90m4:09:09 PM[0m] Found 1 error. Watching for file changes.

[2J[3J[H[[90m4:09:10 PM[0m] File change detected. Starting incremental compilation...

[96msrc/main.ts[0m:[93m13[0m:[93m11[0m - [91merror[0m[90m TS2349: [0mThis expression is not callable.
  Type 'typeof cookieParser' has no call signatures.

[7m13[0m   app.use(cookieParser());
[7m  [0m [91m          ~~~~~~~~~~~~[0m

  [96msrc/main.ts[0m:[93m7[0m:[93m1[0m
    [7m7[0m import * as cookieParser from 'cookie-parser';
    [7m [0m [96m~~~~~~~~~~~~~~~~~~~~~~~~~~~~~~~~~~~~~~~~~~~~~~[0m
    Type originates at this import. A namespace-style import cannot be called or constructed, and will cause a failure at runtime. Consider using a default import or import require here instead.

[[90m4:09:10 PM[0m] Found 1 error. Watching for file changes.

[2J[3J[H[[90m4:09:19 PM[0m] File change detected. Starting incremental compilation...

[96msrc/main.ts[0m:[93m13[0m:[93m11[0m - [91merror[0m[90m TS2349: [0mThis expression is not callable.
  Type 'typeof cookieParser' has no call signatures.

[7m13[0m   app.use(cookieParser());
[7m  [0m [91m          ~~~~~~~~~~~~[0m

  [96msrc/main.ts[0m:[93m7[0m:[93m1[0m
    [7m7[0m import * as cookieParser from 'cookie-parser';
    [7m [0m [96m~~~~~~~~~~~~~~~~~~~~~~~~~~~~~~~~~~~~~~~~~~~~~~[0m
    Type originates at this import. A namespace-style import cannot be called or constructed, and will cause a failure at runtime. Consider using a default import or import require here instead.

[[90m4:09:19 PM[0m] Found 1 error. Watching for file changes.

[2J[3J[H[[90m4:09:20 PM[0m] File change detected. Starting incremental compilation...

[96msrc/main.ts[0m:[93m13[0m:[93m11[0m - [91merror[0m[90m TS2349: [0mThis expression is not callable.
  Type 'typeof cookieParser' has no call signatures.

[7m13[0m   app.use(cookieParser());
[7m  [0m [91m          ~~~~~~~~~~~~[0m

  [96msrc/main.ts[0m:[93m7[0m:[93m1[0m
    [7m7[0m import * as cookieParser from 'cookie-parser';
    [7m [0m [96m~~~~~~~~~~~~~~~~~~~~~~~~~~~~~~~~~~~~~~~~~~~~~~[0m
    Type originates at this import. A namespace-style import cannot be called or constructed, and will cause a failure at runtime. Consider using a default import or import require here instead.

[[90m4:09:20 PM[0m] Found 1 error. Watching for file changes.

[2J[3J[H[[90m4:29:14 PM[0m] File change detected. Starting incremental compilation...

[[90m4:29:14 PM[0m] Found 0 errors. Watching for file changes.

[Nest] 486166  - 10/03/2025, 4:29:15 PM     LOG [NestFactory] Starting Nest application...
[Nest] 486166  - 10/03/2025, 4:29:15 PM     LOG [InstanceLoader] PrismaModule dependencies initialized +33ms
[Nest] 486166  - 10/03/2025, 4:29:15 PM     LOG [InstanceLoader] PassportModule dependencies initialized +0ms
[Nest] 486166  - 10/03/2025, 4:29:15 PM     LOG [InstanceLoader] ConfigHostModule dependencies initialized +1ms
[Nest] 486166  - 10/03/2025, 4:29:15 PM     LOG [InstanceLoader] ThrottlerModule dependencies initialized +0ms
[Nest] 486166  - 10/03/2025, 4:29:15 PM     LOG [InstanceLoader] JwtModule dependencies initialized +1ms
[Nest] 486166  - 10/03/2025, 4:29:15 PM     LOG [InstanceLoader] DiscoveryModule dependencies initialized +0ms
[Nest] 486166  - 10/03/2025, 4:29:15 PM     LOG [InstanceLoader] ConfigModule dependencies initialized +2ms
[Nest] 486166  - 10/03/2025, 4:29:15 PM     LOG [InstanceLoader] ConfigModule dependencies initialized +0ms
[Nest] 486166  - 10/03/2025, 4:29:15 PM     LOG [InstanceLoader] ScheduleModule dependencies initialized +1ms
[Nest] 486166  - 10/03/2025, 4:29:15 PM     LOG [InstanceLoader] AuthModule dependencies initialized +1ms
[Nest] 486166  - 10/03/2025, 4:29:15 PM     LOG [InstanceLoader] VendorsModule dependencies initialized +0ms
[Nest] 486166  - 10/03/2025, 4:29:15 PM     LOG [InstanceLoader] AssetCategoriesModule dependencies initialized +0ms
[Nest] 486166  - 10/03/2025, 4:29:15 PM     LOG [InstanceLoader] AssetTypesModule dependencies initialized +0ms
[Nest] 486166  - 10/03/2025, 4:29:15 PM     LOG [InstanceLoader] BrandsModule dependencies initialized +0ms
[Nest] 486166  - 10/03/2025, 4:29:15 PM     LOG [InstanceLoader] ModelsModule dependencies initialized +1ms
[Nest] 486166  - 10/03/2025, 4:29:15 PM     LOG [InstanceLoader] AssignmentsModule dependencies initialized +0ms
[Nest] 486166  - 10/03/2025, 4:29:15 PM     LOG [InstanceLoader] EmployeesModule dependencies initialized +0ms
[Nest] 486166  - 10/03/2025, 4:29:15 PM     LOG [InstanceLoader] MaintenanceModule dependencies initialized +0ms
[Nest] 486166  - 10/03/2025, 4:29:15 PM     LOG [InstanceLoader] AssetsModule dependencies initialized +0ms
[Nest] 486166  - 10/03/2025, 4:29:15 PM     LOG [InstanceLoader] AdminModule dependencies initialized +0ms
[Nest] 486166  - 10/03/2025, 4:29:15 PM     LOG [InstanceLoader] ReportsModule dependencies initialized +0ms
[Nest] 486166  - 10/03/2025, 4:29:15 PM     LOG [InstanceLoader] AssetHistoryModule dependencies initialized +0ms
[Nest] 486166  - 10/03/2025, 4:29:15 PM     LOG [InstanceLoader] AppModule dependencies initialized +1ms
[Nest] 486166  - 10/03/2025, 4:29:15 PM     LOG [RoutesResolver] AppController {/api}: +85ms
[Nest] 486166  - 10/03/2025, 4:29:15 PM     LOG [RouterExplorer] Mapped {/api, GET} route +2ms
[Nest] 486166  - 10/03/2025, 4:29:15 PM     LOG [RouterExplorer] Mapped {/api/dashboard/stats, GET} route +0ms
[Nest] 486166  - 10/03/2025, 4:29:15 PM     LOG [RoutesResolver] AuthController {/api/auth}: +0ms
[Nest] 486166  - 10/03/2025, 4:29:15 PM     LOG [RouterExplorer] Mapped {/api/auth/login, POST} route +1ms
[Nest] 486166  - 10/03/2025, 4:29:15 PM     LOG [RouterExplorer] Mapped {/api/auth/profile, GET} route +0ms
[Nest] 486166  - 10/03/2025, 4:29:15 PM     LOG [RouterExplorer] Mapped {/api/auth/refresh, POST} route +0ms
[Nest] 486166  - 10/03/2025, 4:29:15 PM     LOG [RouterExplorer] Mapped {/api/auth/logout, POST} route +1ms
[Nest] 486166  - 10/03/2025, 4:29:15 PM     LOG [RouterExplorer] Mapped {/api/auth/forgot-password, POST} route +0ms
[Nest] 486166  - 10/03/2025, 4:29:15 PM     LOG [RouterExplorer] Mapped {/api/auth/reset-password, POST} route +0ms
[Nest] 486166  - 10/03/2025, 4:29:15 PM     LOG [RouterExplorer] Mapped {/api/auth/change-password, POST} route +0ms
[Nest] 486166  - 10/03/2025, 4:29:15 PM     LOG [RoutesResolver] EmployeesController {/api/employees}: +1ms
[Nest] 486166  - 10/03/2025, 4:29:15 PM     LOG [RouterExplorer] Mapped {/api/employees, POST} route +0ms
[Nest] 486166  - 10/03/2025, 4:29:15 PM     LOG [RouterExplorer] Mapped {/api/employees/check-email, GET} route +0ms
[Nest] 486166  - 10/03/2025, 4:29:15 PM     LOG [RouterExplorer] Mapped {/api/employees, GET} route +0ms
[Nest] 486166  - 10/03/2025, 4:29:15 PM     LOG [RouterExplorer] Mapped {/api/employees/dropdowns, GET} route +1ms
[Nest] 486166  - 10/03/2025, 4:29:15 PM     LOG [RouterExplorer] Mapped {/api/employees/test-route, GET} route +0ms
[Nest] 486166  - 10/03/2025, 4:29:15 PM     LOG [RouterExplorer] Mapped {/api/employees/non-admin-dropdown, GET} route +0ms
[Nest] 486166  - 10/03/2025, 4:29:15 PM     LOG [RouterExplorer] Mapped {/api/employees/export, GET} route +0ms
[Nest] 486166  - 10/03/2025, 4:29:15 PM     LOG [RouterExplorer] Mapped {/api/employees/:id, GET} route +0ms
[Nest] 486166  - 10/03/2025, 4:29:15 PM     LOG [RouterExplorer] Mapped {/api/employees/:id/asset-history, GET} route +0ms
[Nest] 486166  - 10/03/2025, 4:29:15 PM     LOG [RouterExplorer] Mapped {/api/employees/:id/asset-events, GET} route +1ms
[Nest] 486166  - 10/03/2025, 4:29:15 PM     LOG [RouterExplorer] Mapped {/api/employees/:id, PUT} route +0ms
[Nest] 486166  - 10/03/2025, 4:29:15 PM     LOG [RouterExplorer] Mapped {/api/employees/bulk-upload/validate, POST} route +0ms
[Nest] 486166  - 10/03/2025, 4:29:15 PM     LOG [RouterExplorer] Mapped {/api/employees/bulk-upload, POST} route +0ms
[Nest] 486166  - 10/03/2025, 4:29:15 PM     LOG [RouterExplorer] Mapped {/api/employees/:id, DELETE} route +0ms
[Nest] 486166  - 10/03/2025, 4:29:15 PM     LOG [RoutesResolver] VendorsController {/api/vendors}: +1ms
[Nest] 486166  - 10/03/2025, 4:29:15 PM     LOG [RouterExplorer] Mapped {/api/vendors, POST} route +0ms
[Nest] 486166  - 10/03/2025, 4:29:15 PM     LOG [RouterExplorer] Mapped {/api/vendors, GET} route +0ms
[Nest] 486166  - 10/03/2025, 4:29:15 PM     LOG [RouterExplorer] Mapped {/api/vendors/search, GET} route +0ms
[Nest] 486166  - 10/03/2025, 4:29:15 PM     LOG [RouterExplorer] Mapped {/api/vendors/:id, GET} route +0ms
[Nest] 486166  - 10/03/2025, 4:29:15 PM     LOG [RouterExplorer] Mapped {/api/vendors/:id, PUT} route +1ms
[Nest] 486166  - 10/03/2025, 4:29:15 PM     LOG [RouterExplorer] Mapped {/api/vendors/:id, DELETE} route +0ms
[Nest] 486166  - 10/03/2025, 4:29:15 PM     LOG [RouterExplorer] Mapped {/api/vendors/:id/status, PATCH} route +0ms
[Nest] 486166  - 10/03/2025, 4:29:15 PM     LOG [RouterExplorer] Mapped {/api/vendors/check-name, POST} route +0ms
[Nest] 486166  - 10/03/2025, 4:29:15 PM     LOG [RouterExplorer] Mapped {/api/vendors/validate-bulk-upload, POST} route +0ms
[Nest] 486166  - 10/03/2025, 4:29:15 PM     LOG [RouterExplorer] Mapped {/api/vendors/bulk-upload, POST} route +0ms
[Nest] 486166  - 10/03/2025, 4:29:15 PM     LOG [RoutesResolver] AssetCategoriesController {/api/asset-categories}: +1ms
[Nest] 486166  - 10/03/2025, 4:29:15 PM     LOG [RouterExplorer] Mapped {/api/asset-categories, POST} route +0ms
[Nest] 486166  - 10/03/2025, 4:29:15 PM     LOG [RouterExplorer] Mapped {/api/asset-categories, GET} route +0ms
[Nest] 486166  - 10/03/2025, 4:29:15 PM     LOG [RouterExplorer] Mapped {/api/asset-categories/:id, GET} route +0ms
[Nest] 486166  - 10/03/2025, 4:29:15 PM     LOG [RouterExplorer] Mapped {/api/asset-categories/:id, PUT} route +0ms
[Nest] 486166  - 10/03/2025, 4:29:15 PM     LOG [RouterExplorer] Mapped {/api/asset-categories/:id, DELETE} route +0ms
[Nest] 486166  - 10/03/2025, 4:29:15 PM     LOG [RouterExplorer] Mapped {/api/asset-categories/:sourceId/merge/:targetId, POST} route +0ms
[Nest] 486166  - 10/03/2025, 4:29:15 PM     LOG [RoutesResolver] AssetTypesController {/api/asset-types}: +0ms
[Nest] 486166  - 10/03/2025, 4:29:15 PM     LOG [RouterExplorer] Mapped {/api/asset-types, POST} route +0ms
[Nest] 486166  - 10/03/2025, 4:29:15 PM     LOG [RouterExplorer] Mapped {/api/asset-types, GET} route +1ms
[Nest] 486166  - 10/03/2025, 4:29:15 PM     LOG [RouterExplorer] Mapped {/api/asset-types/by-category/:categoryId, GET} route +0ms
[Nest] 486166  - 10/03/2025, 4:29:15 PM     LOG [RouterExplorer] Mapped {/api/asset-types/:id, GET} route +0ms
[Nest] 486166  - 10/03/2025, 4:29:15 PM     LOG [RouterExplorer] Mapped {/api/asset-types/:id, PUT} route +0ms
[Nest] 486166  - 10/03/2025, 4:29:15 PM     LOG [RouterExplorer] Mapped {/api/asset-types/:id, DELETE} route +0ms
[Nest] 486166  - 10/03/2025, 4:29:15 PM     LOG [RouterExplorer] Mapped {/api/asset-types/:sourceId/merge/:targetId, POST} route +0ms
[Nest] 486166  - 10/03/2025, 4:29:15 PM     LOG [RoutesResolver] BrandsController {/api/brands}: +0ms
[Nest] 486166  - 10/03/2025, 4:29:15 PM     LOG [RouterExplorer] Mapped {/api/brands, POST} route +0ms
[Nest] 486166  - 10/03/2025, 4:29:15 PM     LOG [RouterExplorer] Mapped {/api/brands, GET} route +1ms
[Nest] 486166  - 10/03/2025, 4:29:15 PM     LOG [RouterExplorer] Mapped {/api/brands/:id, GET} route +0ms
[Nest] 486166  - 10/03/2025, 4:29:15 PM     LOG [RouterExplorer] Mapped {/api/brands/:id, PUT} route +0ms
[Nest] 486166  - 10/03/2025, 4:29:15 PM     LOG [RouterExplorer] Mapped {/api/brands/:id, DELETE} route +0ms
[Nest] 486166  - 10/03/2025, 4:29:15 PM     LOG [RouterExplorer] Mapped {/api/brands/:sourceId/merge/:targetId, POST} route +0ms
[Nest] 486166  - 10/03/2025, 4:29:15 PM     LOG [RoutesResolver] ModelsController {/api/models}: +0ms
[Nest] 486166  - 10/03/2025, 4:29:15 PM     LOG [RouterExplorer] Mapped {/api/models, POST} route +0ms
[Nest] 486166  - 10/03/2025, 4:29:15 PM     LOG [RouterExplorer] Mapped {/api/models, GET} route +0ms
[Nest] 486166  - 10/03/2025, 4:29:15 PM     LOG [RouterExplorer] Mapped {/api/models/by-brand/:brandId, GET} route +1ms
[Nest] 486166  - 10/03/2025, 4:29:15 PM     LOG [RouterExplorer] Mapped {/api/models/by-brand/:brandId/asset-type/:assetTypeId, GET} route +0ms
[Nest] 486166  - 10/03/2025, 4:29:15 PM     LOG [RouterExplorer] Mapped {/api/models/:id, GET} route +0ms
[Nest] 486166  - 10/03/2025, 4:29:15 PM     LOG [RouterExplorer] Mapped {/api/models/:id, PUT} route +0ms
[Nest] 486166  - 10/03/2025, 4:29:15 PM     LOG [RouterExplorer] Mapped {/api/models/:id, DELETE} route +0ms
[Nest] 486166  - 10/03/2025, 4:29:15 PM     LOG [RouterExplorer] Mapped {/api/models/:sourceId/merge/:targetId, POST} route +0ms
[Nest] 486166  - 10/03/2025, 4:29:15 PM     LOG [RoutesResolver] AssignmentsController {/api/assignments}: +0ms
[Nest] 486166  - 10/03/2025, 4:29:15 PM     LOG [RouterExplorer] Mapped {/api/assignments, POST} route +1ms
[Nest] 486166  - 10/03/2025, 4:29:15 PM     LOG [RouterExplorer] Mapped {/api/assignments/active, GET} route +0ms
[Nest] 486166  - 10/03/2025, 4:29:15 PM     LOG [RouterExplorer] Mapped {/api/assignments/active/collect, GET} route +0ms
[Nest] 486166  - 10/03/2025, 4:29:15 PM     LOG [RouterExplorer] Mapped {/api/assignments, GET} route +0ms
[Nest] 486166  - 10/03/2025, 4:29:15 PM     LOG [RouterExplorer] Mapped {/api/assignments/:id, GET} route +0ms
[Nest] 486166  - 10/03/2025, 4:29:15 PM     LOG [RouterExplorer] Mapped {/api/assignments/:id/return, PUT} route +0ms
[Nest] 486166  - 10/03/2025, 4:29:15 PM     LOG [RoutesResolver] ReportsController {/api/reports}: +0ms
[Nest] 486166  - 10/03/2025, 4:29:15 PM     LOG [RouterExplorer] Mapped {/api/reports/analytics, GET} route +0ms
[Nest] 486166  - 10/03/2025, 4:29:15 PM     LOG [RouterExplorer] Mapped {/api/reports/asset-inventory, GET} route +0ms
[Nest] 486166  - 10/03/2025, 4:29:15 PM     LOG [RouterExplorer] Mapped {/api/reports/employee-assets, GET} route +1ms
[Nest] 486166  - 10/03/2025, 4:29:15 PM     LOG [RouterExplorer] Mapped {/api/reports/maintenance, GET} route +0ms
[Nest] 486166  - 10/03/2025, 4:29:15 PM     LOG [RouterExplorer] Mapped {/api/reports/export/asset-inventory, POST} route +0ms
[Nest] 486166  - 10/03/2025, 4:29:15 PM     LOG [RouterExplorer] Mapped {/api/reports/export/employee-assets, POST} route +0ms
[Nest] 486166  - 10/03/2025, 4:29:15 PM     LOG [RouterExplorer] Mapped {/api/reports/export/maintenance, POST} route +0ms
[Nest] 486166  - 10/03/2025, 4:29:15 PM     LOG [RouterExplorer] Mapped {/api/reports/preview, GET} route +0ms
[Nest] 486166  - 10/03/2025, 4:29:15 PM     LOG [RoutesResolver] MaintenanceController {/api/maintenance}: +0ms
[Nest] 486166  - 10/03/2025, 4:29:15 PM     LOG [RouterExplorer] Mapped {/api/maintenance, POST} route +0ms
[Nest] 486166  - 10/03/2025, 4:29:15 PM     LOG [RouterExplorer] Mapped {/api/maintenance, GET} route +0ms
[Nest] 486166  - 10/03/2025, 4:29:15 PM     LOG [RouterExplorer] Mapped {/api/maintenance/check-asset-availability, GET} route +1ms
[Nest] 486166  - 10/03/2025, 4:29:15 PM     LOG [RouterExplorer] Mapped {/api/maintenance/export, GET} route +0ms
[Nest] 486166  - 10/03/2025, 4:29:15 PM     LOG [RouterExplorer] Mapped {/api/maintenance/asset/:assetId/history, GET} route +0ms
[Nest] 486166  - 10/03/2025, 4:29:15 PM     LOG [RouterExplorer] Mapped {/api/maintenance/asset/:assetId/history-events, GET} route +0ms
[Nest] 486166  - 10/03/2025, 4:29:15 PM     LOG [RouterExplorer] Mapped {/api/maintenance/:id, GET} route +0ms
[Nest] 486166  - 10/03/2025, 4:29:15 PM     LOG [RouterExplorer] Mapped {/api/maintenance/:id, PATCH} route +0ms
[Nest] 486166  - 10/03/2025, 4:29:15 PM     LOG [RouterExplorer] Mapped {/api/maintenance/:id/complete, PUT} route +0ms
[Nest] 486166  - 10/03/2025, 4:29:15 PM     LOG [RouterExplorer] Mapped {/api/maintenance/:id/cancel, PUT} route +0ms
[Nest] 486166  - 10/03/2025, 4:29:15 PM     LOG [RouterExplorer] Mapped {/api/maintenance/:id, DELETE} route +0ms
[Nest] 486166  - 10/03/2025, 4:29:15 PM     LOG [RoutesResolver] MaintenanceTypesController {/api/maintenance-types}: +0ms
[Nest] 486166  - 10/03/2025, 4:29:15 PM     LOG [RouterExplorer] Mapped {/api/maintenance-types, GET} route +1ms
[Nest] 486166  - 10/03/2025, 4:29:15 PM     LOG [RoutesResolver] AssetsController {/api/assets}: +0ms
[Nest] 486166  - 10/03/2025, 4:29:15 PM     LOG [RouterExplorer] Mapped {/api/assets/generate-id, GET} route +0ms
[Nest] 486166  - 10/03/2025, 4:29:15 PM     LOG [RouterExplorer] Mapped {/api/assets, POST} route +0ms
[Nest] 486166  - 10/03/2025, 4:29:15 PM     LOG [RouterExplorer] Mapped {/api/assets, GET} route +0ms
[Nest] 486166  - 10/03/2025, 4:29:15 PM     LOG [RouterExplorer] Mapped {/api/assets/stats, GET} route +0ms
[Nest] 486166  - 10/03/2025, 4:29:15 PM     LOG [RouterExplorer] Mapped {/api/assets/export, GET} route +0ms
[Nest] 486166  - 10/03/2025, 4:29:15 PM     LOG [RouterExplorer] Mapped {/api/assets/search, GET} route +0ms
[Nest] 486166  - 10/03/2025, 4:29:15 PM     LOG [RouterExplorer] Mapped {/api/assets/dropdowns, GET} route +0ms
[Nest] 486166  - 10/03/2025, 4:29:15 PM     LOG [RouterExplorer] Mapped {/api/assets/available, GET} route +0ms
[Nest] 486166  - 10/03/2025, 4:29:15 PM     LOG [RouterExplorer] Mapped {/api/assets/:id, GET} route +1ms
[Nest] 486166  - 10/03/2025, 4:29:15 PM     LOG [RouterExplorer] Mapped {/api/assets/:id, PUT} route +0ms
[Nest] 486166  - 10/03/2025, 4:29:15 PM     LOG [RouterExplorer] Mapped {/api/assets/:id, DELETE} route +0ms
[Nest] 486166  - 10/03/2025, 4:29:15 PM     LOG [RouterExplorer] Mapped {/api/assets/:id/retire, PUT} route +0ms
[Nest] 486166  - 10/03/2025, 4:29:15 PM     LOG [RouterExplorer] Mapped {/api/assets/:id/reactivate, PUT} route +0ms
[Nest] 486166  - 10/03/2025, 4:29:15 PM     LOG [RouterExplorer] Mapped {/api/assets/validate-bulk-upload, POST} route +0ms
[Nest] 486166  - 10/03/2025, 4:29:15 PM     LOG [RouterExplorer] Mapped {/api/assets/bulk-upload, POST} route +0ms
[Nest] 486166  - 10/03/2025, 4:29:15 PM     LOG [RoutesResolver] AssetHistoryController {/api/asset-history}: +0ms
[Nest] 486166  - 10/03/2025, 4:29:15 PM     LOG [RouterExplorer] Mapped {/api/asset-history/:id, GET} route +0ms
[Nest] 486166  - 10/03/2025, 4:29:15 PM     LOG [RouterExplorer] Mapped {/api/asset-history/:id/summary, GET} route +0ms
[Nest] 486166  - 10/03/2025, 4:29:15 PM     LOG [RoutesResolver] AdminController {/api/admin}: +0ms
[Nest] 486166  - 10/03/2025, 4:29:15 PM     LOG [RouterExplorer] Mapped {/api/admin/users, GET} route +0ms
[Nest] 486166  - 10/03/2025, 4:29:15 PM     LOG [RouterExplorer] Mapped {/api/admin/users, POST} route +0ms
[Nest] 486166  - 10/03/2025, 4:29:15 PM     LOG [RouterExplorer] Mapped {/api/admin/users/:id/status, PATCH} route +0ms
[Nest] 486166  - 10/03/2025, 4:29:15 PM     LOG [RouterExplorer] Mapped {/api/admin/users/:id, DELETE} route +0ms
[Nest] 486166  - 10/03/2025, 4:29:15 PM     LOG [NestApplication] Nest application successfully started +144ms
Application is running on: http://localhost:3000/api
Swagger documentation available at: http://localhost:3000/api/docs
Asset status: ASSIGNED, Count: 4
Asset status: IN_MAINTENANCE, Count: 3
Asset status: AVAILABLE, Count: 33
Assets with IN_MAINTENANCE status: 3
Assets with active maintenance (final count): 2
Calculated available assets: 34 (Total: 40 - Maintenance: 2 - Assigned: 4)
Dashboard Stats Result: { totalAssets: 40, available: 34, assigned: 4, maintenance: 2 }
Asset status: ASSIGNED, Count: 4
Asset status: IN_MAINTENANCE, Count: 3
Asset status: AVAILABLE, Count: 33
Assets with IN_MAINTENANCE status: 3
Assets with active maintenance (final count): 2
Calculated available assets: 34 (Total: 40 - Maintenance: 2 - Assigned: 4)
Dashboard Stats Result: { totalAssets: 40, available: 34, assigned: 4, maintenance: 2 }
Asset status: ASSIGNED, Count: 4
Asset status: IN_MAINTENANCE, Count: 3
Asset status: AVAILABLE, Count: 33
Assets with IN_MAINTENANCE status: 3
Assets with active maintenance (final count): 2
Calculated available assets: 34 (Total: 40 - Maintenance: 2 - Assigned: 4)
Dashboard Stats Result: { totalAssets: 40, available: 34, assigned: 4, maintenance: 2 }
Asset status: ASSIGNED, Count: 4
Asset status: IN_MAINTENANCE, Count: 3
Asset status: AVAILABLE, Count: 33
Assets with IN_MAINTENANCE status: 3
Assets with active maintenance (final count): 2
Calculated available assets: 34 (Total: 40 - Maintenance: 2 - Assigned: 4)
Dashboard Stats Result: { totalAssets: 40, available: 34, assigned: 4, maintenance: 2 }
Asset status: ASSIGNED, Count: 4
Asset status: IN_MAINTENANCE, Count: 3
Asset status: AVAILABLE, Count: 33
Assets with IN_MAINTENANCE status: 3
Assets with active maintenance (final count): 2
Calculated available assets: 34 (Total: 40 - Maintenance: 2 - Assigned: 4)
Dashboard Stats Result: { totalAssets: 40, available: 34, assigned: 4, maintenance: 2 }
Asset status: ASSIGNED, Count: 4
Asset status: IN_MAINTENANCE, Count: 3
Asset status: AVAILABLE, Count: 33
Assets with IN_MAINTENANCE status: 3
Assets with active maintenance (final count): 2
Calculated available assets: 34 (Total: 40 - Maintenance: 2 - Assigned: 4)
Dashboard Stats Result: { totalAssets: 40, available: 34, assigned: 4, maintenance: 2 }
Asset status: ASSIGNED, Count: 4
Asset status: IN_MAINTENANCE, Count: 3
Asset status: AVAILABLE, Count: 33
Assets with IN_MAINTENANCE status: 3
Assets with active maintenance (final count): 2
Calculated available assets: 34 (Total: 40 - Maintenance: 2 - Assigned: 4)
Dashboard Stats Result: { totalAssets: 40, available: 34, assigned: 4, maintenance: 2 }
Asset status: ASSIGNED, Count: 4
Asset status: IN_MAINTENANCE, Count: 3
Asset status: AVAILABLE, Count: 33
Assets with IN_MAINTENANCE status: 3
Assets with active maintenance (final count): 2
Calculated available assets: 34 (Total: 40 - Maintenance: 2 - Assigned: 4)
Dashboard Stats Result: { totalAssets: 40, available: 34, assigned: 4, maintenance: 2 }
[2J[3J[H[[90m5:49:44 PM[0m] File change detected. Starting incremental compilation...

[[90m5:49:44 PM[0m] Found 0 errors. Watching for file changes.

[Nest] 500356  - 10/03/2025, 5:49:45 PM     LOG [NestFactory] Starting Nest application...
[Nest] 500356  - 10/03/2025, 5:49:45 PM     LOG [InstanceLoader] PrismaModule dependencies initialized +20ms
[Nest] 500356  - 10/03/2025, 5:49:45 PM     LOG [InstanceLoader] PassportModule dependencies initialized +0ms
[Nest] 500356  - 10/03/2025, 5:49:45 PM     LOG [InstanceLoader] ConfigHostModule dependencies initialized +1ms
[Nest] 500356  - 10/03/2025, 5:49:45 PM     LOG [InstanceLoader] ThrottlerModule dependencies initialized +0ms
[Nest] 500356  - 10/03/2025, 5:49:45 PM     LOG [InstanceLoader] JwtModule dependencies initialized +0ms
[Nest] 500356  - 10/03/2025, 5:49:45 PM     LOG [InstanceLoader] DiscoveryModule dependencies initialized +0ms
[Nest] 500356  - 10/03/2025, 5:49:45 PM     LOG [InstanceLoader] ConfigModule dependencies initialized +2ms
[Nest] 500356  - 10/03/2025, 5:49:45 PM     LOG [InstanceLoader] ConfigModule dependencies initialized +0ms
[Nest] 500356  - 10/03/2025, 5:49:45 PM     LOG [InstanceLoader] ScheduleModule dependencies initialized +1ms
[Nest] 500356  - 10/03/2025, 5:49:45 PM     LOG [InstanceLoader] AuthModule dependencies initialized +1ms
[Nest] 500356  - 10/03/2025, 5:49:45 PM     LOG [InstanceLoader] VendorsModule dependencies initialized +0ms
[Nest] 500356  - 10/03/2025, 5:49:45 PM     LOG [InstanceLoader] AssetCategoriesModule dependencies initialized +0ms
[Nest] 500356  - 10/03/2025, 5:49:45 PM     LOG [InstanceLoader] AssetTypesModule dependencies initialized +0ms
[Nest] 500356  - 10/03/2025, 5:49:45 PM     LOG [InstanceLoader] BrandsModule dependencies initialized +0ms
[Nest] 500356  - 10/03/2025, 5:49:45 PM     LOG [InstanceLoader] ModelsModule dependencies initialized +0ms
[Nest] 500356  - 10/03/2025, 5:49:45 PM     LOG [InstanceLoader] AssignmentsModule dependencies initialized +0ms
[Nest] 500356  - 10/03/2025, 5:49:45 PM     LOG [InstanceLoader] EmployeesModule dependencies initialized +1ms
[Nest] 500356  - 10/03/2025, 5:49:45 PM     LOG [InstanceLoader] MaintenanceModule dependencies initialized +0ms
[Nest] 500356  - 10/03/2025, 5:49:45 PM     LOG [InstanceLoader] AssetsModule dependencies initialized +0ms
[Nest] 500356  - 10/03/2025, 5:49:45 PM     LOG [InstanceLoader] AdminModule dependencies initialized +0ms
[Nest] 500356  - 10/03/2025, 5:49:45 PM     LOG [InstanceLoader] ReportsModule dependencies initialized +0ms
[Nest] 500356  - 10/03/2025, 5:49:45 PM     LOG [InstanceLoader] AssetHistoryModule dependencies initialized +0ms
[Nest] 500356  - 10/03/2025, 5:49:45 PM     LOG [InstanceLoader] AppModule dependencies initialized +0ms
[Nest] 500356  - 10/03/2025, 5:49:45 PM     LOG [RoutesResolver] AppController {/api}: +80ms
[Nest] 500356  - 10/03/2025, 5:49:45 PM     LOG [RouterExplorer] Mapped {/api, GET} route +3ms
[Nest] 500356  - 10/03/2025, 5:49:45 PM     LOG [RouterExplorer] Mapped {/api/dashboard/stats, GET} route +1ms
[Nest] 500356  - 10/03/2025, 5:49:45 PM     LOG [RoutesResolver] AuthController {/api/auth}: +0ms
[Nest] 500356  - 10/03/2025, 5:49:45 PM     LOG [RouterExplorer] Mapped {/api/auth/login, POST} route +1ms
[Nest] 500356  - 10/03/2025, 5:49:45 PM     LOG [RouterExplorer] Mapped {/api/auth/profile, GET} route +0ms
[Nest] 500356  - 10/03/2025, 5:49:45 PM     LOG [RouterExplorer] Mapped {/api/auth/refresh, POST} route +0ms
[Nest] 500356  - 10/03/2025, 5:49:45 PM     LOG [RouterExplorer] Mapped {/api/auth/logout, POST} route +1ms
[Nest] 500356  - 10/03/2025, 5:49:45 PM     LOG [RouterExplorer] Mapped {/api/auth/forgot-password, POST} route +0ms
[Nest] 500356  - 10/03/2025, 5:49:45 PM     LOG [RouterExplorer] Mapped {/api/auth/reset-password, POST} route +0ms
[Nest] 500356  - 10/03/2025, 5:49:45 PM     LOG [RouterExplorer] Mapped {/api/auth/change-password, POST} route +0ms
[Nest] 500356  - 10/03/2025, 5:49:45 PM     LOG [RoutesResolver] EmployeesController {/api/employees}: +0ms
[Nest] 500356  - 10/03/2025, 5:49:45 PM     LOG [RouterExplorer] Mapped {/api/employees, POST} route +1ms
[Nest] 500356  - 10/03/2025, 5:49:45 PM     LOG [RouterExplorer] Mapped {/api/employees/check-email, GET} route +0ms
[Nest] 500356  - 10/03/2025, 5:49:45 PM     LOG [RouterExplorer] Mapped {/api/employees, GET} route +0ms
[Nest] 500356  - 10/03/2025, 5:49:45 PM     LOG [RouterExplorer] Mapped {/api/employees/dropdowns, GET} route +0ms
[Nest] 500356  - 10/03/2025, 5:49:45 PM     LOG [RouterExplorer] Mapped {/api/employees/test-route, GET} route +0ms
[Nest] 500356  - 10/03/2025, 5:49:45 PM     LOG [RouterExplorer] Mapped {/api/employees/non-admin-dropdown, GET} route +0ms
[Nest] 500356  - 10/03/2025, 5:49:45 PM     LOG [RouterExplorer] Mapped {/api/employees/export, GET} route +0ms
[Nest] 500356  - 10/03/2025, 5:49:45 PM     LOG [RouterExplorer] Mapped {/api/employees/:id, GET} route +1ms
[Nest] 500356  - 10/03/2025, 5:49:45 PM     LOG [RouterExplorer] Mapped {/api/employees/:id/asset-history, GET} route +0ms
[Nest] 500356  - 10/03/2025, 5:49:45 PM     LOG [RouterExplorer] Mapped {/api/employees/:id/asset-events, GET} route +0ms
[Nest] 500356  - 10/03/2025, 5:49:45 PM     LOG [RouterExplorer] Mapped {/api/employees/:id, PUT} route +0ms
[Nest] 500356  - 10/03/2025, 5:49:45 PM     LOG [RouterExplorer] Mapped {/api/employees/bulk-upload/validate, POST} route +0ms
[Nest] 500356  - 10/03/2025, 5:49:45 PM     LOG [RouterExplorer] Mapped {/api/employees/bulk-upload, POST} route +1ms
[Nest] 500356  - 10/03/2025, 5:49:45 PM     LOG [RouterExplorer] Mapped {/api/employees/:id, DELETE} route +0ms
[Nest] 500356  - 10/03/2025, 5:49:45 PM     LOG [RoutesResolver] VendorsController {/api/vendors}: +0ms
[Nest] 500356  - 10/03/2025, 5:49:45 PM     LOG [RouterExplorer] Mapped {/api/vendors, POST} route +0ms
[Nest] 500356  - 10/03/2025, 5:49:45 PM     LOG [RouterExplorer] Mapped {/api/vendors, GET} route +0ms
[Nest] 500356  - 10/03/2025, 5:49:45 PM     LOG [RouterExplorer] Mapped {/api/vendors/search, GET} route +0ms
[Nest] 500356  - 10/03/2025, 5:49:45 PM     LOG [RouterExplorer] Mapped {/api/vendors/:id, GET} route +1ms
[Nest] 500356  - 10/03/2025, 5:49:45 PM     LOG [RouterExplorer] Mapped {/api/vendors/:id, PUT} route +0ms
[Nest] 500356  - 10/03/2025, 5:49:45 PM     LOG [RouterExplorer] Mapped {/api/vendors/:id, DELETE} route +0ms
[Nest] 500356  - 10/03/2025, 5:49:45 PM     LOG [RouterExplorer] Mapped {/api/vendors/:id/status, PATCH} route +0ms
[Nest] 500356  - 10/03/2025, 5:49:45 PM     LOG [RouterExplorer] Mapped {/api/vendors/check-name, POST} route +0ms
[Nest] 500356  - 10/03/2025, 5:49:45 PM     LOG [RouterExplorer] Mapped {/api/vendors/validate-bulk-upload, POST} route +0ms
[Nest] 500356  - 10/03/2025, 5:49:45 PM     LOG [RouterExplorer] Mapped {/api/vendors/bulk-upload, POST} route +0ms
[Nest] 500356  - 10/03/2025, 5:49:45 PM     LOG [RoutesResolver] AssetCategoriesController {/api/asset-categories}: +0ms
[Nest] 500356  - 10/03/2025, 5:49:45 PM     LOG [RouterExplorer] Mapped {/api/asset-categories, POST} route +0ms
[Nest] 500356  - 10/03/2025, 5:49:45 PM     LOG [RouterExplorer] Mapped {/api/asset-categories, GET} route +1ms
[Nest] 500356  - 10/03/2025, 5:49:45 PM     LOG [RouterExplorer] Mapped {/api/asset-categories/:id, GET} route +0ms
[Nest] 500356  - 10/03/2025, 5:49:45 PM     LOG [RouterExplorer] Mapped {/api/asset-categories/:id, PUT} route +0ms
[Nest] 500356  - 10/03/2025, 5:49:45 PM     LOG [RouterExplorer] Mapped {/api/asset-categories/:id, DELETE} route +0ms
[Nest] 500356  - 10/03/2025, 5:49:45 PM     LOG [RouterExplorer] Mapped {/api/asset-categories/:sourceId/merge/:targetId, POST} route +0ms
[Nest] 500356  - 10/03/2025, 5:49:45 PM     LOG [RoutesResolver] AssetTypesController {/api/asset-types}: +0ms
[Nest] 500356  - 10/03/2025, 5:49:45 PM     LOG [RouterExplorer] Mapped {/api/asset-types, POST} route +0ms
[Nest] 500356  - 10/03/2025, 5:49:45 PM     LOG [RouterExplorer] Mapped {/api/asset-types, GET} route +0ms
[Nest] 500356  - 10/03/2025, 5:49:45 PM     LOG [RouterExplorer] Mapped {/api/asset-types/by-category/:categoryId, GET} route +0ms
[Nest] 500356  - 10/03/2025, 5:49:45 PM     LOG [RouterExplorer] Mapped {/api/asset-types/:id, GET} route +1ms
[Nest] 500356  - 10/03/2025, 5:49:45 PM     LOG [RouterExplorer] Mapped {/api/asset-types/:id, PUT} route +0ms
[Nest] 500356  - 10/03/2025, 5:49:45 PM     LOG [RouterExplorer] Mapped {/api/asset-types/:id, DELETE} route +0ms
[Nest] 500356  - 10/03/2025, 5:49:45 PM     LOG [RouterExplorer] Mapped {/api/asset-types/:sourceId/merge/:targetId, POST} route +0ms
[Nest] 500356  - 10/03/2025, 5:49:45 PM     LOG [RoutesResolver] BrandsController {/api/brands}: +0ms
[Nest] 500356  - 10/03/2025, 5:49:45 PM     LOG [RouterExplorer] Mapped {/api/brands, POST} route +0ms
[Nest] 500356  - 10/03/2025, 5:49:45 PM     LOG [RouterExplorer] Mapped {/api/brands, GET} route +0ms
[Nest] 500356  - 10/03/2025, 5:49:45 PM     LOG [RouterExplorer] Mapped {/api/brands/:id, GET} route +0ms
[Nest] 500356  - 10/03/2025, 5:49:45 PM     LOG [RouterExplorer] Mapped {/api/brands/:id, PUT} route +0ms
[Nest] 500356  - 10/03/2025, 5:49:45 PM     LOG [RouterExplorer] Mapped {/api/brands/:id, DELETE} route +1ms
[Nest] 500356  - 10/03/2025, 5:49:45 PM     LOG [RouterExplorer] Mapped {/api/brands/:sourceId/merge/:targetId, POST} route +0ms
[Nest] 500356  - 10/03/2025, 5:49:45 PM     LOG [RoutesResolver] ModelsController {/api/models}: +0ms
[Nest] 500356  - 10/03/2025, 5:49:45 PM     LOG [RouterExplorer] Mapped {/api/models, POST} route +0ms
[Nest] 500356  - 10/03/2025, 5:49:45 PM     LOG [RouterExplorer] Mapped {/api/models, GET} route +0ms
[Nest] 500356  - 10/03/2025, 5:49:45 PM     LOG [RouterExplorer] Mapped {/api/models/by-brand/:brandId, GET} route +0ms
[Nest] 500356  - 10/03/2025, 5:49:45 PM     LOG [RouterExplorer] Mapped {/api/models/by-brand/:brandId/asset-type/:assetTypeId, GET} route +0ms
[Nest] 500356  - 10/03/2025, 5:49:45 PM     LOG [RouterExplorer] Mapped {/api/models/:id, GET} route +0ms
[Nest] 500356  - 10/03/2025, 5:49:45 PM     LOG [RouterExplorer] Mapped {/api/models/:id, PUT} route +0ms
[Nest] 500356  - 10/03/2025, 5:49:45 PM     LOG [RouterExplorer] Mapped {/api/models/:id, DELETE} route +1ms
[Nest] 500356  - 10/03/2025, 5:49:45 PM     LOG [RouterExplorer] Mapped {/api/models/:sourceId/merge/:targetId, POST} route +0ms
[Nest] 500356  - 10/03/2025, 5:49:45 PM     LOG [RoutesResolver] AssignmentsController {/api/assignments}: +0ms
[Nest] 500356  - 10/03/2025, 5:49:45 PM     LOG [RouterExplorer] Mapped {/api/assignments, POST} route +0ms
[Nest] 500356  - 10/03/2025, 5:49:45 PM     LOG [RouterExplorer] Mapped {/api/assignments/active, GET} route +0ms
[Nest] 500356  - 10/03/2025, 5:49:45 PM     LOG [RouterExplorer] Mapped {/api/assignments/active/collect, GET} route +0ms
[Nest] 500356  - 10/03/2025, 5:49:45 PM     LOG [RouterExplorer] Mapped {/api/assignments, GET} route +0ms
[Nest] 500356  - 10/03/2025, 5:49:45 PM     LOG [RouterExplorer] Mapped {/api/assignments/:id, GET} route +0ms
[Nest] 500356  - 10/03/2025, 5:49:45 PM     LOG [RouterExplorer] Mapped {/api/assignments/:id/return, PUT} route +1ms
[Nest] 500356  - 10/03/2025, 5:49:45 PM     LOG [RoutesResolver] ReportsController {/api/reports}: +0ms
[Nest] 500356  - 10/03/2025, 5:49:45 PM     LOG [RouterExplorer] Mapped {/api/reports/analytics, GET} route +0ms
[Nest] 500356  - 10/03/2025, 5:49:45 PM     LOG [RouterExplorer] Mapped {/api/reports/asset-inventory, GET} route +0ms
[Nest] 500356  - 10/03/2025, 5:49:45 PM     LOG [RouterExplorer] Mapped {/api/reports/employee-assets, GET} route +0ms
[Nest] 500356  - 10/03/2025, 5:49:45 PM     LOG [RouterExplorer] Mapped {/api/reports/maintenance, GET} route +0ms
[Nest] 500356  - 10/03/2025, 5:49:45 PM     LOG [RouterExplorer] Mapped {/api/reports/export/asset-inventory, POST} route +0ms
[Nest] 500356  - 10/03/2025, 5:49:45 PM     LOG [RouterExplorer] Mapped {/api/reports/export/employee-assets, POST} route +0ms
[Nest] 500356  - 10/03/2025, 5:49:45 PM     LOG [RouterExplorer] Mapped {/api/reports/export/maintenance, POST} route +0ms
[Nest] 500356  - 10/03/2025, 5:49:45 PM     LOG [RouterExplorer] Mapped {/api/reports/preview, GET} route +1ms
[Nest] 500356  - 10/03/2025, 5:49:45 PM     LOG [RoutesResolver] MaintenanceController {/api/maintenance}: +0ms
[Nest] 500356  - 10/03/2025, 5:49:45 PM     LOG [RouterExplorer] Mapped {/api/maintenance, POST} route +0ms
[Nest] 500356  - 10/03/2025, 5:49:45 PM     LOG [RouterExplorer] Mapped {/api/maintenance, GET} route +0ms
[Nest] 500356  - 10/03/2025, 5:49:45 PM     LOG [RouterExplorer] Mapped {/api/maintenance/check-asset-availability, GET} route +0ms
[Nest] 500356  - 10/03/2025, 5:49:45 PM     LOG [RouterExplorer] Mapped {/api/maintenance/export, GET} route +0ms
[Nest] 500356  - 10/03/2025, 5:49:45 PM     LOG [RouterExplorer] Mapped {/api/maintenance/asset/:assetId/history, GET} route +0ms
[Nest] 500356  - 10/03/2025, 5:49:45 PM     LOG [RouterExplorer] Mapped {/api/maintenance/asset/:assetId/history-events, GET} route +0ms
[Nest] 500356  - 10/03/2025, 5:49:45 PM     LOG [RouterExplorer] Mapped {/api/maintenance/:id, GET} route +0ms
[Nest] 500356  - 10/03/2025, 5:49:45 PM     LOG [RouterExplorer] Mapped {/api/maintenance/:id, PATCH} route +1ms
[Nest] 500356  - 10/03/2025, 5:49:45 PM     LOG [RouterExplorer] Mapped {/api/maintenance/:id/complete, PUT} route +0ms
[Nest] 500356  - 10/03/2025, 5:49:45 PM     LOG [RouterExplorer] Mapped {/api/maintenance/:id/cancel, PUT} route +0ms
[Nest] 500356  - 10/03/2025, 5:49:45 PM     LOG [RouterExplorer] Mapped {/api/maintenance/:id, DELETE} route +0ms
[Nest] 500356  - 10/03/2025, 5:49:45 PM     LOG [RoutesResolver] MaintenanceTypesController {/api/maintenance-types}: +0ms
[Nest] 500356  - 10/03/2025, 5:49:45 PM     LOG [RouterExplorer] Mapped {/api/maintenance-types, GET} route +0ms
[Nest] 500356  - 10/03/2025, 5:49:45 PM     LOG [RoutesResolver] AssetsController {/api/assets}: +0ms
[Nest] 500356  - 10/03/2025, 5:49:45 PM     LOG [RouterExplorer] Mapped {/api/assets/generate-id, GET} route +0ms
[Nest] 500356  - 10/03/2025, 5:49:45 PM     LOG [RouterExplorer] Mapped {/api/assets, POST} route +0ms
[Nest] 500356  - 10/03/2025, 5:49:45 PM     LOG [RouterExplorer] Mapped {/api/assets, GET} route +0ms
[Nest] 500356  - 10/03/2025, 5:49:45 PM     LOG [RouterExplorer] Mapped {/api/assets/stats, GET} route +0ms
[Nest] 500356  - 10/03/2025, 5:49:45 PM     LOG [RouterExplorer] Mapped {/api/assets/export, GET} route +0ms
[Nest] 500356  - 10/03/2025, 5:49:45 PM     LOG [RouterExplorer] Mapped {/api/assets/search, GET} route +0ms
[Nest] 500356  - 10/03/2025, 5:49:45 PM     LOG [RouterExplorer] Mapped {/api/assets/dropdowns, GET} route +0ms
[Nest] 500356  - 10/03/2025, 5:49:45 PM     LOG [RouterExplorer] Mapped {/api/assets/available, GET} route +0ms
[Nest] 500356  - 10/03/2025, 5:49:45 PM     LOG [RouterExplorer] Mapped {/api/assets/:id, GET} route +0ms
[Nest] 500356  - 10/03/2025, 5:49:45 PM     LOG [RouterExplorer] Mapped {/api/assets/:id, PUT} route +0ms
[Nest] 500356  - 10/03/2025, 5:49:45 PM     LOG [RouterExplorer] Mapped {/api/assets/:id, DELETE} route +0ms
[Nest] 500356  - 10/03/2025, 5:49:45 PM     LOG [RouterExplorer] Mapped {/api/assets/:id/retire, PUT} route +0ms
[Nest] 500356  - 10/03/2025, 5:49:45 PM     LOG [RouterExplorer] Mapped {/api/assets/:id/reactivate, PUT} route +1ms
[Nest] 500356  - 10/03/2025, 5:49:45 PM     LOG [RouterExplorer] Mapped {/api/assets/validate-bulk-upload, POST} route +0ms
[Nest] 500356  - 10/03/2025, 5:49:45 PM     LOG [RouterExplorer] Mapped {/api/assets/bulk-upload, POST} route +0ms
[Nest] 500356  - 10/03/2025, 5:49:45 PM     LOG [RoutesResolver] AssetHistoryController {/api/asset-history}: +0ms
[Nest] 500356  - 10/03/2025, 5:49:45 PM     LOG [RouterExplorer] Mapped {/api/asset-history/:id, GET} route +0ms
[Nest] 500356  - 10/03/2025, 5:49:45 PM     LOG [RouterExplorer] Mapped {/api/asset-history/:id/summary, GET} route +0ms
[Nest] 500356  - 10/03/2025, 5:49:45 PM     LOG [RoutesResolver] AdminController {/api/admin}: +0ms
[Nest] 500356  - 10/03/2025, 5:49:45 PM     LOG [RouterExplorer] Mapped {/api/admin/users, GET} route +1ms
[Nest] 500356  - 10/03/2025, 5:49:45 PM     LOG [RouterExplorer] Mapped {/api/admin/users, POST} route +0ms
[Nest] 500356  - 10/03/2025, 5:49:45 PM     LOG [RouterExplorer] Mapped {/api/admin/users/:id/status, PATCH} route +0ms
[Nest] 500356  - 10/03/2025, 5:49:45 PM     LOG [RouterExplorer] Mapped {/api/admin/users/:id, DELETE} route +0ms
[Nest] 500356  - 10/03/2025, 5:49:46 PM     LOG [NestApplication] Nest application successfully started +131ms
Application is running on: http://localhost:3000/api
Swagger documentation available at: http://localhost:3000/api/docs
[2J[3J[H[[90m5:49:52 PM[0m] File change detected. Starting incremental compilation...

[[90m5:49:53 PM[0m] Found 0 errors. Watching for file changes.

[Nest] 500462  - 10/03/2025, 5:49:53 PM     LOG [NestFactory] Starting Nest application...
[Nest] 500462  - 10/03/2025, 5:49:53 PM     LOG [InstanceLoader] PrismaModule dependencies initialized +20ms
[Nest] 500462  - 10/03/2025, 5:49:53 PM     LOG [InstanceLoader] PassportModule dependencies initialized +1ms
[Nest] 500462  - 10/03/2025, 5:49:53 PM     LOG [InstanceLoader] ConfigHostModule dependencies initialized +2ms
[Nest] 500462  - 10/03/2025, 5:49:53 PM     LOG [InstanceLoader] ThrottlerModule dependencies initialized +0ms
[Nest] 500462  - 10/03/2025, 5:49:53 PM     LOG [InstanceLoader] JwtModule dependencies initialized +0ms
[Nest] 500462  - 10/03/2025, 5:49:53 PM     LOG [InstanceLoader] DiscoveryModule dependencies initialized +1ms
[Nest] 500462  - 10/03/2025, 5:49:53 PM     LOG [InstanceLoader] ConfigModule dependencies initialized +2ms
[Nest] 500462  - 10/03/2025, 5:49:53 PM     LOG [InstanceLoader] ConfigModule dependencies initialized +0ms
[Nest] 500462  - 10/03/2025, 5:49:53 PM     LOG [InstanceLoader] ScheduleModule dependencies initialized +1ms
[Nest] 500462  - 10/03/2025, 5:49:53 PM     LOG [InstanceLoader] AuthModule dependencies initialized +2ms
[Nest] 500462  - 10/03/2025, 5:49:53 PM     LOG [InstanceLoader] VendorsModule dependencies initialized +0ms
[Nest] 500462  - 10/03/2025, 5:49:53 PM     LOG [InstanceLoader] AssetCategoriesModule dependencies initialized +0ms
[Nest] 500462  - 10/03/2025, 5:49:53 PM     LOG [InstanceLoader] AssetTypesModule dependencies initialized +0ms
[Nest] 500462  - 10/03/2025, 5:49:53 PM     LOG [InstanceLoader] BrandsModule dependencies initialized +0ms
[Nest] 500462  - 10/03/2025, 5:49:53 PM     LOG [InstanceLoader] ModelsModule dependencies initialized +0ms
[Nest] 500462  - 10/03/2025, 5:49:53 PM     LOG [InstanceLoader] AssignmentsModule dependencies initialized +0ms
[Nest] 500462  - 10/03/2025, 5:49:53 PM     LOG [InstanceLoader] EmployeesModule dependencies initialized +1ms
[Nest] 500462  - 10/03/2025, 5:49:53 PM     LOG [InstanceLoader] MaintenanceModule dependencies initialized +0ms
[Nest] 500462  - 10/03/2025, 5:49:53 PM     LOG [InstanceLoader] AssetsModule dependencies initialized +0ms
[Nest] 500462  - 10/03/2025, 5:49:53 PM     LOG [InstanceLoader] AdminModule dependencies initialized +0ms
[Nest] 500462  - 10/03/2025, 5:49:53 PM     LOG [InstanceLoader] ReportsModule dependencies initialized +0ms
[Nest] 500462  - 10/03/2025, 5:49:53 PM     LOG [InstanceLoader] AssetHistoryModule dependencies initialized +0ms
[Nest] 500462  - 10/03/2025, 5:49:53 PM     LOG [InstanceLoader] AppModule dependencies initialized +0ms
[Nest] 500462  - 10/03/2025, 5:49:54 PM     LOG [RoutesResolver] AppController {/api}: +73ms
[Nest] 500462  - 10/03/2025, 5:49:54 PM     LOG [RouterExplorer] Mapped {/api, GET} route +2ms
[Nest] 500462  - 10/03/2025, 5:49:54 PM     LOG [RouterExplorer] Mapped {/api/dashboard/stats, GET} route +1ms
[Nest] 500462  - 10/03/2025, 5:49:54 PM     LOG [RoutesResolver] AuthController {/api/auth}: +0ms
[Nest] 500462  - 10/03/2025, 5:49:54 PM     LOG [RouterExplorer] Mapped {/api/auth/login, POST} route +0ms
[Nest] 500462  - 10/03/2025, 5:49:54 PM     LOG [RouterExplorer] Mapped {/api/auth/profile, GET} route +0ms
[Nest] 500462  - 10/03/2025, 5:49:54 PM     LOG [RouterExplorer] Mapped {/api/auth/refresh, POST} route +0ms
[Nest] 500462  - 10/03/2025, 5:49:54 PM     LOG [RouterExplorer] Mapped {/api/auth/logout, POST} route +1ms
[Nest] 500462  - 10/03/2025, 5:49:54 PM     LOG [RouterExplorer] Mapped {/api/auth/forgot-password, POST} route +0ms
[Nest] 500462  - 10/03/2025, 5:49:54 PM     LOG [RouterExplorer] Mapped {/api/auth/reset-password, POST} route +0ms
[Nest] 500462  - 10/03/2025, 5:49:54 PM     LOG [RouterExplorer] Mapped {/api/auth/change-password, POST} route +0ms
[Nest] 500462  - 10/03/2025, 5:49:54 PM     LOG [RoutesResolver] EmployeesController {/api/employees}: +0ms
[Nest] 500462  - 10/03/2025, 5:49:54 PM     LOG [RouterExplorer] Mapped {/api/employees, POST} route +1ms
[Nest] 500462  - 10/03/2025, 5:49:54 PM     LOG [RouterExplorer] Mapped {/api/employees/check-email, GET} route +0ms
[Nest] 500462  - 10/03/2025, 5:49:54 PM     LOG [RouterExplorer] Mapped {/api/employees, GET} route +0ms
[Nest] 500462  - 10/03/2025, 5:49:54 PM     LOG [RouterExplorer] Mapped {/api/employees/dropdowns, GET} route +0ms
[Nest] 500462  - 10/03/2025, 5:49:54 PM     LOG [RouterExplorer] Mapped {/api/employees/test-route, GET} route +0ms
[Nest] 500462  - 10/03/2025, 5:49:54 PM     LOG [RouterExplorer] Mapped {/api/employees/non-admin-dropdown, GET} route +0ms
[Nest] 500462  - 10/03/2025, 5:49:54 PM     LOG [RouterExplorer] Mapped {/api/employees/export, GET} route +1ms
[Nest] 500462  - 10/03/2025, 5:49:54 PM     LOG [RouterExplorer] Mapped {/api/employees/:id, GET} route +0ms
[Nest] 500462  - 10/03/2025, 5:49:54 PM     LOG [RouterExplorer] Mapped {/api/employees/:id/asset-history, GET} route +0ms
[Nest] 500462  - 10/03/2025, 5:49:54 PM     LOG [RouterExplorer] Mapped {/api/employees/:id/asset-events, GET} route +0ms
[Nest] 500462  - 10/03/2025, 5:49:54 PM     LOG [RouterExplorer] Mapped {/api/employees/:id, PUT} route +0ms
[Nest] 500462  - 10/03/2025, 5:49:54 PM     LOG [RouterExplorer] Mapped {/api/employees/bulk-upload/validate, POST} route +1ms
[Nest] 500462  - 10/03/2025, 5:49:54 PM     LOG [RouterExplorer] Mapped {/api/employees/bulk-upload, POST} route +0ms
[Nest] 500462  - 10/03/2025, 5:49:54 PM     LOG [RouterExplorer] Mapped {/api/employees/:id, DELETE} route +0ms
[Nest] 500462  - 10/03/2025, 5:49:54 PM     LOG [RoutesResolver] VendorsController {/api/vendors}: +0ms
[Nest] 500462  - 10/03/2025, 5:49:54 PM     LOG [RouterExplorer] Mapped {/api/vendors, POST} route +0ms
[Nest] 500462  - 10/03/2025, 5:49:54 PM     LOG [RouterExplorer] Mapped {/api/vendors, GET} route +0ms
[Nest] 500462  - 10/03/2025, 5:49:54 PM     LOG [RouterExplorer] Mapped {/api/vendors/search, GET} route +1ms
[Nest] 500462  - 10/03/2025, 5:49:54 PM     LOG [RouterExplorer] Mapped {/api/vendors/:id, GET} route +0ms
[Nest] 500462  - 10/03/2025, 5:49:54 PM     LOG [RouterExplorer] Mapped {/api/vendors/:id, PUT} route +0ms
[Nest] 500462  - 10/03/2025, 5:49:54 PM     LOG [RouterExplorer] Mapped {/api/vendors/:id, DELETE} route +0ms
[Nest] 500462  - 10/03/2025, 5:49:54 PM     LOG [RouterExplorer] Mapped {/api/vendors/:id/status, PATCH} route +1ms
[Nest] 500462  - 10/03/2025, 5:49:54 PM     LOG [RouterExplorer] Mapped {/api/vendors/check-name, POST} route +0ms
[Nest] 500462  - 10/03/2025, 5:49:54 PM     LOG [RouterExplorer] Mapped {/api/vendors/validate-bulk-upload, POST} route +0ms
[Nest] 500462  - 10/03/2025, 5:49:54 PM     LOG [RouterExplorer] Mapped {/api/vendors/bulk-upload, POST} route +0ms
[Nest] 500462  - 10/03/2025, 5:49:54 PM     LOG [RoutesResolver] AssetCategoriesController {/api/asset-categories}: +0ms
[Nest] 500462  - 10/03/2025, 5:49:54 PM     LOG [RouterExplorer] Mapped {/api/asset-categories, POST} route +1ms
[Nest] 500462  - 10/03/2025, 5:49:54 PM     LOG [RouterExplorer] Mapped {/api/asset-categories, GET} route +0ms
[Nest] 500462  - 10/03/2025, 5:49:54 PM     LOG [RouterExplorer] Mapped {/api/asset-categories/:id, GET} route +0ms
[Nest] 500462  - 10/03/2025, 5:49:54 PM     LOG [RouterExplorer] Mapped {/api/asset-categories/:id, PUT} route +0ms
[Nest] 500462  - 10/03/2025, 5:49:54 PM     LOG [RouterExplorer] Mapped {/api/asset-categories/:id, DELETE} route +0ms
[Nest] 500462  - 10/03/2025, 5:49:54 PM     LOG [RouterExplorer] Mapped {/api/asset-categories/:sourceId/merge/:targetId, POST} route +0ms
[Nest] 500462  - 10/03/2025, 5:49:54 PM     LOG [RoutesResolver] AssetTypesController {/api/asset-types}: +1ms
[Nest] 500462  - 10/03/2025, 5:49:54 PM     LOG [RouterExplorer] Mapped {/api/asset-types, POST} route +0ms
[Nest] 500462  - 10/03/2025, 5:49:54 PM     LOG [RouterExplorer] Mapped {/api/asset-types, GET} route +0ms
[Nest] 500462  - 10/03/2025, 5:49:54 PM     LOG [RouterExplorer] Mapped {/api/asset-types/by-category/:categoryId, GET} route +0ms
[Nest] 500462  - 10/03/2025, 5:49:54 PM     LOG [RouterExplorer] Mapped {/api/asset-types/:id, GET} route +0ms
[Nest] 500462  - 10/03/2025, 5:49:54 PM     LOG [RouterExplorer] Mapped {/api/asset-types/:id, PUT} route +1ms
[Nest] 500462  - 10/03/2025, 5:49:54 PM     LOG [RouterExplorer] Mapped {/api/asset-types/:id, DELETE} route +0ms
[Nest] 500462  - 10/03/2025, 5:49:54 PM     LOG [RouterExplorer] Mapped {/api/asset-types/:sourceId/merge/:targetId, POST} route +0ms
[Nest] 500462  - 10/03/2025, 5:49:54 PM     LOG [RoutesResolver] BrandsController {/api/brands}: +0ms
[Nest] 500462  - 10/03/2025, 5:49:54 PM     LOG [RouterExplorer] Mapped {/api/brands, POST} route +0ms
[Nest] 500462  - 10/03/2025, 5:49:54 PM     LOG [RouterExplorer] Mapped {/api/brands, GET} route +0ms
[Nest] 500462  - 10/03/2025, 5:49:54 PM     LOG [RouterExplorer] Mapped {/api/brands/:id, GET} route +1ms
[Nest] 500462  - 10/03/2025, 5:49:54 PM     LOG [RouterExplorer] Mapped {/api/brands/:id, PUT} route +0ms
[Nest] 500462  - 10/03/2025, 5:49:54 PM     LOG [RouterExplorer] Mapped {/api/brands/:id, DELETE} route +0ms
[Nest] 500462  - 10/03/2025, 5:49:54 PM     LOG [RouterExplorer] Mapped {/api/brands/:sourceId/merge/:targetId, POST} route +0ms
[Nest] 500462  - 10/03/2025, 5:49:54 PM     LOG [RoutesResolver] ModelsController {/api/models}: +0ms
[Nest] 500462  - 10/03/2025, 5:49:54 PM     LOG [RouterExplorer] Mapped {/api/models, POST} route +0ms
[Nest] 500462  - 10/03/2025, 5:49:54 PM     LOG [RouterExplorer] Mapped {/api/models, GET} route +1ms
[Nest] 500462  - 10/03/2025, 5:49:54 PM     LOG [RouterExplorer] Mapped {/api/models/by-brand/:brandId, GET} route +0ms
[Nest] 500462  - 10/03/2025, 5:49:54 PM     LOG [RouterExplorer] Mapped {/api/models/by-brand/:brandId/asset-type/:assetTypeId, GET} route +0ms
[Nest] 500462  - 10/03/2025, 5:49:54 PM     LOG [RouterExplorer] Mapped {/api/models/:id, GET} route +0ms
[Nest] 500462  - 10/03/2025, 5:49:54 PM     LOG [RouterExplorer] Mapped {/api/models/:id, PUT} route +0ms
[Nest] 500462  - 10/03/2025, 5:49:54 PM     LOG [RouterExplorer] Mapped {/api/models/:id, DELETE} route +1ms
[Nest] 500462  - 10/03/2025, 5:49:54 PM     LOG [RouterExplorer] Mapped {/api/models/:sourceId/merge/:targetId, POST} route +0ms
[Nest] 500462  - 10/03/2025, 5:49:54 PM     LOG [RoutesResolver] AssignmentsController {/api/assignments}: +0ms
[Nest] 500462  - 10/03/2025, 5:49:54 PM     LOG [RouterExplorer] Mapped {/api/assignments, POST} route +0ms
[Nest] 500462  - 10/03/2025, 5:49:54 PM     LOG [RouterExplorer] Mapped {/api/assignments/active, GET} route +0ms
[Nest] 500462  - 10/03/2025, 5:49:54 PM     LOG [RouterExplorer] Mapped {/api/assignments/active/collect, GET} route +1ms
[Nest] 500462  - 10/03/2025, 5:49:54 PM     LOG [RouterExplorer] Mapped {/api/assignments, GET} route +0ms
[Nest] 500462  - 10/03/2025, 5:49:54 PM     LOG [RouterExplorer] Mapped {/api/assignments/:id, GET} route +0ms
[Nest] 500462  - 10/03/2025, 5:49:54 PM     LOG [RouterExplorer] Mapped {/api/assignments/:id/return, PUT} route +0ms
[Nest] 500462  - 10/03/2025, 5:49:54 PM     LOG [RoutesResolver] ReportsController {/api/reports}: +1ms
[Nest] 500462  - 10/03/2025, 5:49:54 PM     LOG [RouterExplorer] Mapped {/api/reports/analytics, GET} route +0ms
[Nest] 500462  - 10/03/2025, 5:49:54 PM     LOG [RouterExplorer] Mapped {/api/reports/asset-inventory, GET} route +0ms
[Nest] 500462  - 10/03/2025, 5:49:54 PM     LOG [RouterExplorer] Mapped {/api/reports/employee-assets, GET} route +0ms
[Nest] 500462  - 10/03/2025, 5:49:54 PM     LOG [RouterExplorer] Mapped {/api/reports/maintenance, GET} route +0ms
[Nest] 500462  - 10/03/2025, 5:49:54 PM     LOG [RouterExplorer] Mapped {/api/reports/export/asset-inventory, POST} route +0ms
[Nest] 500462  - 10/03/2025, 5:49:54 PM     LOG [RouterExplorer] Mapped {/api/reports/export/employee-assets, POST} route +0ms
[Nest] 500462  - 10/03/2025, 5:49:54 PM     LOG [RouterExplorer] Mapped {/api/reports/export/maintenance, POST} route +0ms
[Nest] 500462  - 10/03/2025, 5:49:54 PM     LOG [RouterExplorer] Mapped {/api/reports/preview, GET} route +1ms
[Nest] 500462  - 10/03/2025, 5:49:54 PM     LOG [RoutesResolver] MaintenanceController {/api/maintenance}: +0ms
[Nest] 500462  - 10/03/2025, 5:49:54 PM     LOG [RouterExplorer] Mapped {/api/maintenance, POST} route +0ms
[Nest] 500462  - 10/03/2025, 5:49:54 PM     LOG [RouterExplorer] Mapped {/api/maintenance, GET} route +0ms
[Nest] 500462  - 10/03/2025, 5:49:54 PM     LOG [RouterExplorer] Mapped {/api/maintenance/check-asset-availability, GET} route +0ms
[Nest] 500462  - 10/03/2025, 5:49:54 PM     LOG [RouterExplorer] Mapped {/api/maintenance/export, GET} route +0ms
[Nest] 500462  - 10/03/2025, 5:49:54 PM     LOG [RouterExplorer] Mapped {/api/maintenance/asset/:assetId/history, GET} route +0ms
[Nest] 500462  - 10/03/2025, 5:49:54 PM     LOG [RouterExplorer] Mapped {/api/maintenance/asset/:assetId/history-events, GET} route +1ms
[Nest] 500462  - 10/03/2025, 5:49:54 PM     LOG [RouterExplorer] Mapped {/api/maintenance/:id, GET} route +0ms
[Nest] 500462  - 10/03/2025, 5:49:54 PM     LOG [RouterExplorer] Mapped {/api/maintenance/:id, PATCH} route +0ms
[Nest] 500462  - 10/03/2025, 5:49:54 PM     LOG [RouterExplorer] Mapped {/api/maintenance/:id/complete, PUT} route +0ms
[Nest] 500462  - 10/03/2025, 5:49:54 PM     LOG [RouterExplorer] Mapped {/api/maintenance/:id/cancel, PUT} route +0ms
[Nest] 500462  - 10/03/2025, 5:49:54 PM     LOG [RouterExplorer] Mapped {/api/maintenance/:id, DELETE} route +0ms
[Nest] 500462  - 10/03/2025, 5:49:54 PM     LOG [RoutesResolver] MaintenanceTypesController {/api/maintenance-types}: +0ms
[Nest] 500462  - 10/03/2025, 5:49:54 PM     LOG [RouterExplorer] Mapped {/api/maintenance-types, GET} route +0ms
[Nest] 500462  - 10/03/2025, 5:49:54 PM     LOG [RoutesResolver] AssetsController {/api/assets}: +1ms
[Nest] 500462  - 10/03/2025, 5:49:54 PM     LOG [RouterExplorer] Mapped {/api/assets/generate-id, GET} route +0ms
[Nest] 500462  - 10/03/2025, 5:49:54 PM     LOG [RouterExplorer] Mapped {/api/assets, POST} route +0ms
[Nest] 500462  - 10/03/2025, 5:49:54 PM     LOG [RouterExplorer] Mapped {/api/assets, GET} route +0ms
[Nest] 500462  - 10/03/2025, 5:49:54 PM     LOG [RouterExplorer] Mapped {/api/assets/stats, GET} route +0ms
[Nest] 500462  - 10/03/2025, 5:49:54 PM     LOG [RouterExplorer] Mapped {/api/assets/export, GET} route +0ms
[Nest] 500462  - 10/03/2025, 5:49:54 PM     LOG [RouterExplorer] Mapped {/api/assets/search, GET} route +0ms
[Nest] 500462  - 10/03/2025, 5:49:54 PM     LOG [RouterExplorer] Mapped {/api/assets/dropdowns, GET} route +0ms
[Nest] 500462  - 10/03/2025, 5:49:54 PM     LOG [RouterExplorer] Mapped {/api/assets/available, GET} route +0ms
[Nest] 500462  - 10/03/2025, 5:49:54 PM     LOG [RouterExplorer] Mapped {/api/assets/:id, GET} route +1ms
[Nest] 500462  - 10/03/2025, 5:49:54 PM     LOG [RouterExplorer] Mapped {/api/assets/:id, PUT} route +0ms
[Nest] 500462  - 10/03/2025, 5:49:54 PM     LOG [RouterExplorer] Mapped {/api/assets/:id, DELETE} route +0ms
[Nest] 500462  - 10/03/2025, 5:49:54 PM     LOG [RouterExplorer] Mapped {/api/assets/:id/retire, PUT} route +0ms
[Nest] 500462  - 10/03/2025, 5:49:54 PM     LOG [RouterExplorer] Mapped {/api/assets/:id/reactivate, PUT} route +0ms
[Nest] 500462  - 10/03/2025, 5:49:54 PM     LOG [RouterExplorer] Mapped {/api/assets/validate-bulk-upload, POST} route +0ms
[Nest] 500462  - 10/03/2025, 5:49:54 PM     LOG [RouterExplorer] Mapped {/api/assets/bulk-upload, POST} route +1ms
[Nest] 500462  - 10/03/2025, 5:49:54 PM     LOG [RoutesResolver] AssetHistoryController {/api/asset-history}: +0ms
[Nest] 500462  - 10/03/2025, 5:49:54 PM     LOG [RouterExplorer] Mapped {/api/asset-history/:id, GET} route +0ms
[Nest] 500462  - 10/03/2025, 5:49:54 PM     LOG [RouterExplorer] Mapped {/api/asset-history/:id/summary, GET} route +0ms
[Nest] 500462  - 10/03/2025, 5:49:54 PM     LOG [RoutesResolver] AdminController {/api/admin}: +0ms
[Nest] 500462  - 10/03/2025, 5:49:54 PM     LOG [RouterExplorer] Mapped {/api/admin/users, GET} route +0ms
[Nest] 500462  - 10/03/2025, 5:49:54 PM     LOG [RouterExplorer] Mapped {/api/admin/users, POST} route +0ms
[Nest] 500462  - 10/03/2025, 5:49:54 PM     LOG [RouterExplorer] Mapped {/api/admin/users/:id/status, PATCH} route +1ms
[Nest] 500462  - 10/03/2025, 5:49:54 PM     LOG [RouterExplorer] Mapped {/api/admin/users/:id, DELETE} route +0ms
[Nest] 500462  - 10/03/2025, 5:49:54 PM     LOG [NestApplication] Nest application successfully started +133ms
Application is running on: http://localhost:3000/api
Swagger documentation available at: http://localhost:3000/api/docs
[2J[3J[H[[90m5:49:59 PM[0m] File change detected. Starting incremental compilation...

[[90m5:49:59 PM[0m] Found 0 errors. Watching for file changes.

[Nest] 500656  - 10/03/2025, 5:50:00 PM     LOG [NestFactory] Starting Nest application...
[Nest] 500656  - 10/03/2025, 5:50:00 PM     LOG [InstanceLoader] PrismaModule dependencies initialized +20ms
[Nest] 500656  - 10/03/2025, 5:50:00 PM     LOG [InstanceLoader] PassportModule dependencies initialized +0ms
[Nest] 500656  - 10/03/2025, 5:50:00 PM     LOG [InstanceLoader] ConfigHostModule dependencies initialized +1ms
[Nest] 500656  - 10/03/2025, 5:50:00 PM     LOG [InstanceLoader] ThrottlerModule dependencies initialized +0ms
[Nest] 500656  - 10/03/2025, 5:50:00 PM     LOG [InstanceLoader] JwtModule dependencies initialized +0ms
[Nest] 500656  - 10/03/2025, 5:50:00 PM     LOG [InstanceLoader] DiscoveryModule dependencies initialized +0ms
[Nest] 500656  - 10/03/2025, 5:50:00 PM     LOG [InstanceLoader] ConfigModule dependencies initialized +6ms
[Nest] 500656  - 10/03/2025, 5:50:00 PM     LOG [InstanceLoader] ConfigModule dependencies initialized +1ms
[Nest] 500656  - 10/03/2025, 5:50:00 PM     LOG [InstanceLoader] ScheduleModule dependencies initialized +0ms
[Nest] 500656  - 10/03/2025, 5:50:00 PM     LOG [InstanceLoader] AuthModule dependencies initialized +2ms
[Nest] 500656  - 10/03/2025, 5:50:00 PM     LOG [InstanceLoader] VendorsModule dependencies initialized +0ms
[Nest] 500656  - 10/03/2025, 5:50:00 PM     LOG [InstanceLoader] AssetCategoriesModule dependencies initialized +0ms
[Nest] 500656  - 10/03/2025, 5:50:00 PM     LOG [InstanceLoader] AssetTypesModule dependencies initialized +0ms
[Nest] 500656  - 10/03/2025, 5:50:00 PM     LOG [InstanceLoader] BrandsModule dependencies initialized +0ms
[Nest] 500656  - 10/03/2025, 5:50:00 PM     LOG [InstanceLoader] ModelsModule dependencies initialized +0ms
[Nest] 500656  - 10/03/2025, 5:50:00 PM     LOG [InstanceLoader] AssignmentsModule dependencies initialized +0ms
[Nest] 500656  - 10/03/2025, 5:50:00 PM     LOG [InstanceLoader] EmployeesModule dependencies initialized +1ms
[Nest] 500656  - 10/03/2025, 5:50:00 PM     LOG [InstanceLoader] MaintenanceModule dependencies initialized +0ms
[Nest] 500656  - 10/03/2025, 5:50:00 PM     LOG [InstanceLoader] AssetsModule dependencies initialized +0ms
[Nest] 500656  - 10/03/2025, 5:50:00 PM     LOG [InstanceLoader] AdminModule dependencies initialized +0ms
[Nest] 500656  - 10/03/2025, 5:50:00 PM     LOG [InstanceLoader] ReportsModule dependencies initialized +0ms
[Nest] 500656  - 10/03/2025, 5:50:00 PM     LOG [InstanceLoader] AssetHistoryModule dependencies initialized +0ms
[Nest] 500656  - 10/03/2025, 5:50:00 PM     LOG [InstanceLoader] AppModule dependencies initialized +1ms
[Nest] 500656  - 10/03/2025, 5:50:00 PM     LOG [RoutesResolver] AppController {/api}: +131ms
[Nest] 500656  - 10/03/2025, 5:50:00 PM     LOG [RouterExplorer] Mapped {/api, GET} route +3ms
[Nest] 500656  - 10/03/2025, 5:50:00 PM     LOG [RouterExplorer] Mapped {/api/dashboard/stats, GET} route +2ms
[Nest] 500656  - 10/03/2025, 5:50:00 PM     LOG [RoutesResolver] AuthController {/api/auth}: +0ms
[Nest] 500656  - 10/03/2025, 5:50:00 PM     LOG [RouterExplorer] Mapped {/api/auth/login, POST} route +2ms
[Nest] 500656  - 10/03/2025, 5:50:00 PM     LOG [RouterExplorer] Mapped {/api/auth/profile, GET} route +1ms
[Nest] 500656  - 10/03/2025, 5:50:00 PM     LOG [RouterExplorer] Mapped {/api/auth/refresh, POST} route +0ms
[Nest] 500656  - 10/03/2025, 5:50:00 PM     LOG [RouterExplorer] Mapped {/api/auth/logout, POST} route +1ms
[Nest] 500656  - 10/03/2025, 5:50:00 PM     LOG [RouterExplorer] Mapped {/api/auth/forgot-password, POST} route +0ms
[Nest] 500656  - 10/03/2025, 5:50:00 PM     LOG [RouterExplorer] Mapped {/api/auth/reset-password, POST} route +1ms
[Nest] 500656  - 10/03/2025, 5:50:00 PM     LOG [RouterExplorer] Mapped {/api/auth/change-password, POST} route +0ms
[Nest] 500656  - 10/03/2025, 5:50:00 PM     LOG [RoutesResolver] EmployeesController {/api/employees}: +1ms
[Nest] 500656  - 10/03/2025, 5:50:00 PM     LOG [RouterExplorer] Mapped {/api/employees, POST} route +0ms
[Nest] 500656  - 10/03/2025, 5:50:00 PM     LOG [RouterExplorer] Mapped {/api/employees/check-email, GET} route +1ms
[Nest] 500656  - 10/03/2025, 5:50:00 PM     LOG [RouterExplorer] Mapped {/api/employees, GET} route +0ms
[Nest] 500656  - 10/03/2025, 5:50:00 PM     LOG [RouterExplorer] Mapped {/api/employees/dropdowns, GET} route +0ms
[Nest] 500656  - 10/03/2025, 5:50:00 PM     LOG [RouterExplorer] Mapped {/api/employees/test-route, GET} route +1ms
[Nest] 500656  - 10/03/2025, 5:50:00 PM     LOG [RouterExplorer] Mapped {/api/employees/non-admin-dropdown, GET} route +0ms
[Nest] 500656  - 10/03/2025, 5:50:00 PM     LOG [RouterExplorer] Mapped {/api/employees/export, GET} route +0ms
[Nest] 500656  - 10/03/2025, 5:50:00 PM     LOG [RouterExplorer] Mapped {/api/employees/:id, GET} route +1ms
[Nest] 500656  - 10/03/2025, 5:50:00 PM     LOG [RouterExplorer] Mapped {/api/employees/:id/asset-history, GET} route +0ms
[Nest] 500656  - 10/03/2025, 5:50:00 PM     LOG [RouterExplorer] Mapped {/api/employees/:id/asset-events, GET} route +1ms
[Nest] 500656  - 10/03/2025, 5:50:00 PM     LOG [RouterExplorer] Mapped {/api/employees/:id, PUT} route +0ms
[Nest] 500656  - 10/03/2025, 5:50:00 PM     LOG [RouterExplorer] Mapped {/api/employees/bulk-upload/validate, POST} route +1ms
[Nest] 500656  - 10/03/2025, 5:50:00 PM     LOG [RouterExplorer] Mapped {/api/employees/bulk-upload, POST} route +0ms
[Nest] 500656  - 10/03/2025, 5:50:00 PM     LOG [RouterExplorer] Mapped {/api/employees/:id, DELETE} route +1ms
[Nest] 500656  - 10/03/2025, 5:50:00 PM     LOG [RoutesResolver] VendorsController {/api/vendors}: +1ms
[Nest] 500656  - 10/03/2025, 5:50:00 PM     LOG [RouterExplorer] Mapped {/api/vendors, POST} route +1ms
[Nest] 500656  - 10/03/2025, 5:50:00 PM     LOG [RouterExplorer] Mapped {/api/vendors, GET} route +0ms
[Nest] 500656  - 10/03/2025, 5:50:00 PM     LOG [RouterExplorer] Mapped {/api/vendors/search, GET} route +0ms
[Nest] 500656  - 10/03/2025, 5:50:00 PM     LOG [RouterExplorer] Mapped {/api/vendors/:id, GET} route +1ms
[Nest] 500656  - 10/03/2025, 5:50:00 PM     LOG [RouterExplorer] Mapped {/api/vendors/:id, PUT} route +0ms
[Nest] 500656  - 10/03/2025, 5:50:00 PM     LOG [RouterExplorer] Mapped {/api/vendors/:id, DELETE} route +0ms
[Nest] 500656  - 10/03/2025, 5:50:00 PM     LOG [RouterExplorer] Mapped {/api/vendors/:id/status, PATCH} route +1ms
[Nest] 500656  - 10/03/2025, 5:50:00 PM     LOG [RouterExplorer] Mapped {/api/vendors/check-name, POST} route +1ms
[Nest] 500656  - 10/03/2025, 5:50:00 PM     LOG [RouterExplorer] Mapped {/api/vendors/validate-bulk-upload, POST} route +0ms
[Nest] 500656  - 10/03/2025, 5:50:00 PM     LOG [RouterExplorer] Mapped {/api/vendors/bulk-upload, POST} route +1ms
[Nest] 500656  - 10/03/2025, 5:50:00 PM     LOG [RoutesResolver] AssetCategoriesController {/api/asset-categories}: +0ms
[Nest] 500656  - 10/03/2025, 5:50:00 PM     LOG [RouterExplorer] Mapped {/api/asset-categories, POST} route +0ms
[Nest] 500656  - 10/03/2025, 5:50:00 PM     LOG [RouterExplorer] Mapped {/api/asset-categories, GET} route +1ms
[Nest] 500656  - 10/03/2025, 5:50:00 PM     LOG [RouterExplorer] Mapped {/api/asset-categories/:id, GET} route +0ms
[Nest] 500656  - 10/03/2025, 5:50:00 PM     LOG [RouterExplorer] Mapped {/api/asset-categories/:id, PUT} route +0ms
[Nest] 500656  - 10/03/2025, 5:50:00 PM     LOG [RouterExplorer] Mapped {/api/asset-categories/:id, DELETE} route +1ms
[Nest] 500656  - 10/03/2025, 5:50:00 PM     LOG [RouterExplorer] Mapped {/api/asset-categories/:sourceId/merge/:targetId, POST} route +0ms
[Nest] 500656  - 10/03/2025, 5:50:00 PM     LOG [RoutesResolver] AssetTypesController {/api/asset-types}: +0ms
[Nest] 500656  - 10/03/2025, 5:50:00 PM     LOG [RouterExplorer] Mapped {/api/asset-types, POST} route +1ms
[Nest] 500656  - 10/03/2025, 5:50:00 PM     LOG [RouterExplorer] Mapped {/api/asset-types, GET} route +0ms
[Nest] 500656  - 10/03/2025, 5:50:00 PM     LOG [RouterExplorer] Mapped {/api/asset-types/by-category/:categoryId, GET} route +0ms
[Nest] 500656  - 10/03/2025, 5:50:00 PM     LOG [RouterExplorer] Mapped {/api/asset-types/:id, GET} route +0ms
[Nest] 500656  - 10/03/2025, 5:50:00 PM     LOG [RouterExplorer] Mapped {/api/asset-types/:id, PUT} route +0ms
[Nest] 500656  - 10/03/2025, 5:50:00 PM     LOG [RouterExplorer] Mapped {/api/asset-types/:id, DELETE} route +0ms
[Nest] 500656  - 10/03/2025, 5:50:00 PM     LOG [RouterExplorer] Mapped {/api/asset-types/:sourceId/merge/:targetId, POST} route +0ms
[Nest] 500656  - 10/03/2025, 5:50:00 PM     LOG [RoutesResolver] BrandsController {/api/brands}: +1ms
[Nest] 500656  - 10/03/2025, 5:50:00 PM     LOG [RouterExplorer] Mapped {/api/brands, POST} route +0ms
[Nest] 500656  - 10/03/2025, 5:50:00 PM     LOG [RouterExplorer] Mapped {/api/brands, GET} route +1ms
[Nest] 500656  - 10/03/2025, 5:50:00 PM     LOG [RouterExplorer] Mapped {/api/brands/:id, GET} route +0ms
[Nest] 500656  - 10/03/2025, 5:50:00 PM     LOG [RouterExplorer] Mapped {/api/brands/:id, PUT} route +1ms
[Nest] 500656  - 10/03/2025, 5:50:00 PM     LOG [RouterExplorer] Mapped {/api/brands/:id, DELETE} route +0ms
[Nest] 500656  - 10/03/2025, 5:50:00 PM     LOG [RouterExplorer] Mapped {/api/brands/:sourceId/merge/:targetId, POST} route +0ms
[Nest] 500656  - 10/03/2025, 5:50:00 PM     LOG [RoutesResolver] ModelsController {/api/models}: +0ms
[Nest] 500656  - 10/03/2025, 5:50:00 PM     LOG [RouterExplorer] Mapped {/api/models, POST} route +1ms
[Nest] 500656  - 10/03/2025, 5:50:00 PM     LOG [RouterExplorer] Mapped {/api/models, GET} route +0ms
[Nest] 500656  - 10/03/2025, 5:50:00 PM     LOG [RouterExplorer] Mapped {/api/models/by-brand/:brandId, GET} route +1ms
[Nest] 500656  - 10/03/2025, 5:50:00 PM     LOG [RouterExplorer] Mapped {/api/models/by-brand/:brandId/asset-type/:assetTypeId, GET} route +1ms
[Nest] 500656  - 10/03/2025, 5:50:00 PM     LOG [RouterExplorer] Mapped {/api/models/:id, GET} route +1ms
[Nest] 500656  - 10/03/2025, 5:50:00 PM     LOG [RouterExplorer] Mapped {/api/models/:id, PUT} route +0ms
[Nest] 500656  - 10/03/2025, 5:50:00 PM     LOG [RouterExplorer] Mapped {/api/models/:id, DELETE} route +0ms
[Nest] 500656  - 10/03/2025, 5:50:00 PM     LOG [RouterExplorer] Mapped {/api/models/:sourceId/merge/:targetId, POST} route +1ms
[Nest] 500656  - 10/03/2025, 5:50:00 PM     LOG [RoutesResolver] AssignmentsController {/api/assignments}: +1ms
[Nest] 500656  - 10/03/2025, 5:50:00 PM     LOG [RouterExplorer] Mapped {/api/assignments, POST} route +0ms
[Nest] 500656  - 10/03/2025, 5:50:00 PM     LOG [RouterExplorer] Mapped {/api/assignments/active, GET} route +1ms
[Nest] 500656  - 10/03/2025, 5:50:00 PM     LOG [RouterExplorer] Mapped {/api/assignments/active/collect, GET} route +0ms
[Nest] 500656  - 10/03/2025, 5:50:00 PM     LOG [RouterExplorer] Mapped {/api/assignments, GET} route +0ms
[Nest] 500656  - 10/03/2025, 5:50:00 PM     LOG [RouterExplorer] Mapped {/api/assignments/:id, GET} route +1ms
[Nest] 500656  - 10/03/2025, 5:50:00 PM     LOG [RouterExplorer] Mapped {/api/assignments/:id/return, PUT} route +1ms
[Nest] 500656  - 10/03/2025, 5:50:00 PM     LOG [RoutesResolver] ReportsController {/api/reports}: +0ms
[Nest] 500656  - 10/03/2025, 5:50:00 PM     LOG [RouterExplorer] Mapped {/api/reports/analytics, GET} route +1ms
[Nest] 500656  - 10/03/2025, 5:50:00 PM     LOG [RouterExplorer] Mapped {/api/reports/asset-inventory, GET} route +0ms
[Nest] 500656  - 10/03/2025, 5:50:00 PM     LOG [RouterExplorer] Mapped {/api/reports/employee-assets, GET} route +0ms
[Nest] 500656  - 10/03/2025, 5:50:00 PM     LOG [RouterExplorer] Mapped {/api/reports/maintenance, GET} route +0ms
[Nest] 500656  - 10/03/2025, 5:50:00 PM     LOG [RouterExplorer] Mapped {/api/reports/export/asset-inventory, POST} route +0ms
[Nest] 500656  - 10/03/2025, 5:50:00 PM     LOG [RouterExplorer] Mapped {/api/reports/export/employee-assets, POST} route +0ms
[Nest] 500656  - 10/03/2025, 5:50:00 PM     LOG [RouterExplorer] Mapped {/api/reports/export/maintenance, POST} route +0ms
[Nest] 500656  - 10/03/2025, 5:50:00 PM     LOG [RouterExplorer] Mapped {/api/reports/preview, GET} route +1ms
[Nest] 500656  - 10/03/2025, 5:50:00 PM     LOG [RoutesResolver] MaintenanceController {/api/maintenance}: +0ms
[Nest] 500656  - 10/03/2025, 5:50:00 PM     LOG [RouterExplorer] Mapped {/api/maintenance, POST} route +0ms
[Nest] 500656  - 10/03/2025, 5:50:00 PM     LOG [RouterExplorer] Mapped {/api/maintenance, GET} route +0ms
[Nest] 500656  - 10/03/2025, 5:50:00 PM     LOG [RouterExplorer] Mapped {/api/maintenance/check-asset-availability, GET} route +0ms
[Nest] 500656  - 10/03/2025, 5:50:00 PM     LOG [RouterExplorer] Mapped {/api/maintenance/export, GET} route +0ms
[Nest] 500656  - 10/03/2025, 5:50:00 PM     LOG [RouterExplorer] Mapped {/api/maintenance/asset/:assetId/history, GET} route +0ms
[Nest] 500656  - 10/03/2025, 5:50:00 PM     LOG [RouterExplorer] Mapped {/api/maintenance/asset/:assetId/history-events, GET} route +1ms
[Nest] 500656  - 10/03/2025, 5:50:00 PM     LOG [RouterExplorer] Mapped {/api/maintenance/:id, GET} route +0ms
[Nest] 500656  - 10/03/2025, 5:50:00 PM     LOG [RouterExplorer] Mapped {/api/maintenance/:id, PATCH} route +0ms
[Nest] 500656  - 10/03/2025, 5:50:00 PM     LOG [RouterExplorer] Mapped {/api/maintenance/:id/complete, PUT} route +0ms
[Nest] 500656  - 10/03/2025, 5:50:00 PM     LOG [RouterExplorer] Mapped {/api/maintenance/:id/cancel, PUT} route +0ms
[Nest] 500656  - 10/03/2025, 5:50:00 PM     LOG [RouterExplorer] Mapped {/api/maintenance/:id, DELETE} route +1ms
[Nest] 500656  - 10/03/2025, 5:50:00 PM     LOG [RoutesResolver] MaintenanceTypesController {/api/maintenance-types}: +0ms
[Nest] 500656  - 10/03/2025, 5:50:00 PM     LOG [RouterExplorer] Mapped {/api/maintenance-types, GET} route +0ms
[Nest] 500656  - 10/03/2025, 5:50:00 PM     LOG [RoutesResolver] AssetsController {/api/assets}: +0ms
[Nest] 500656  - 10/03/2025, 5:50:00 PM     LOG [RouterExplorer] Mapped {/api/assets/generate-id, GET} route +0ms
[Nest] 500656  - 10/03/2025, 5:50:00 PM     LOG [RouterExplorer] Mapped {/api/assets, POST} route +0ms
[Nest] 500656  - 10/03/2025, 5:50:00 PM     LOG [RouterExplorer] Mapped {/api/assets, GET} route +0ms
[Nest] 500656  - 10/03/2025, 5:50:00 PM     LOG [RouterExplorer] Mapped {/api/assets/stats, GET} route +0ms
[Nest] 500656  - 10/03/2025, 5:50:00 PM     LOG [RouterExplorer] Mapped {/api/assets/export, GET} route +1ms
[Nest] 500656  - 10/03/2025, 5:50:00 PM     LOG [RouterExplorer] Mapped {/api/assets/search, GET} route +0ms
[Nest] 500656  - 10/03/2025, 5:50:00 PM     LOG [RouterExplorer] Mapped {/api/assets/dropdowns, GET} route +0ms
[Nest] 500656  - 10/03/2025, 5:50:00 PM     LOG [RouterExplorer] Mapped {/api/assets/available, GET} route +0ms
[Nest] 500656  - 10/03/2025, 5:50:00 PM     LOG [RouterExplorer] Mapped {/api/assets/:id, GET} route +0ms
[Nest] 500656  - 10/03/2025, 5:50:00 PM     LOG [RouterExplorer] Mapped {/api/assets/:id, PUT} route +0ms
[Nest] 500656  - 10/03/2025, 5:50:00 PM     LOG [RouterExplorer] Mapped {/api/assets/:id, DELETE} route +0ms
[Nest] 500656  - 10/03/2025, 5:50:00 PM     LOG [RouterExplorer] Mapped {/api/assets/:id/retire, PUT} route +1ms
[Nest] 500656  - 10/03/2025, 5:50:00 PM     LOG [RouterExplorer] Mapped {/api/assets/:id/reactivate, PUT} route +0ms
[Nest] 500656  - 10/03/2025, 5:50:00 PM     LOG [RouterExplorer] Mapped {/api/assets/validate-bulk-upload, POST} route +0ms
[Nest] 500656  - 10/03/2025, 5:50:00 PM     LOG [RouterExplorer] Mapped {/api/assets/bulk-upload, POST} route +0ms
[Nest] 500656  - 10/03/2025, 5:50:00 PM     LOG [RoutesResolver] AssetHistoryController {/api/asset-history}: +0ms
[Nest] 500656  - 10/03/2025, 5:50:00 PM     LOG [RouterExplorer] Mapped {/api/asset-history/:id, GET} route +1ms
[Nest] 500656  - 10/03/2025, 5:50:00 PM     LOG [RouterExplorer] Mapped {/api/asset-history/:id/summary, GET} route +0ms
[Nest] 500656  - 10/03/2025, 5:50:00 PM     LOG [RoutesResolver] AdminController {/api/admin}: +0ms
[Nest] 500656  - 10/03/2025, 5:50:00 PM     LOG [RouterExplorer] Mapped {/api/admin/users, GET} route +0ms
[Nest] 500656  - 10/03/2025, 5:50:00 PM     LOG [RouterExplorer] Mapped {/api/admin/users, POST} route +0ms
[Nest] 500656  - 10/03/2025, 5:50:00 PM     LOG [RouterExplorer] Mapped {/api/admin/users/:id/status, PATCH} route +0ms
[Nest] 500656  - 10/03/2025, 5:50:00 PM     LOG [RouterExplorer] Mapped {/api/admin/users/:id, DELETE} route +0ms
[Nest] 500656  - 10/03/2025, 5:50:01 PM     LOG [NestApplication] Nest application successfully started +139ms
[Nest] 500656  - 10/03/2025, 5:50:01 PM   ERROR [NestApplication] Error: listen EADDRINUSE: address already in use :::3000 +1ms
node:net:1937
    const ex = new UVExceptionWithHostPort(err, 'listen', address, port);
               ^

Error: listen EADDRINUSE: address already in use :::3000
    at Server.setupListenHandle [as _listen2] (node:net:1937:16)
    at listenInCluster (node:net:1994:12)
    at Server.listen (node:net:2099:7)
    at ExpressAdapter.listen (/home/mindstix/Documents/Mindstix-Foundation/asset-mgt-be/node_modules/@nestjs/platform-express/adapters/express-adapter.js:127:32)
    at /home/mindstix/Documents/Mindstix-Foundation/asset-mgt-be/node_modules/@nestjs/core/nest-application.js:188:30
    at new Promise (<anonymous>)
    at NestApplication.listen (/home/mindstix/Documents/Mindstix-Foundation/asset-mgt-be/node_modules/@nestjs/core/nest-application.js:178:16)
    at async bootstrap (/home/mindstix/Documents/Mindstix-Foundation/asset-mgt-be/src/main.ts:88:3) {
  code: 'EADDRINUSE',
  errno: -98,
  syscall: 'listen',
  address: '::',
  port: 3000
}

Node.js v23.6.0
[2J[3J[H[[90m5:50:12 PM[0m] File change detected. Starting incremental compilation...

[[90m5:50:12 PM[0m] Found 0 errors. Watching for file changes.

[Nest] 500766  - 10/03/2025, 5:50:13 PM     LOG [NestFactory] Starting Nest application...
[Nest] 500766  - 10/03/2025, 5:50:13 PM     LOG [InstanceLoader] PrismaModule dependencies initialized +24ms
[Nest] 500766  - 10/03/2025, 5:50:13 PM     LOG [InstanceLoader] PassportModule dependencies initialized +0ms
[Nest] 500766  - 10/03/2025, 5:50:13 PM     LOG [InstanceLoader] ConfigHostModule dependencies initialized +4ms
[Nest] 500766  - 10/03/2025, 5:50:13 PM     LOG [InstanceLoader] ThrottlerModule dependencies initialized +0ms
[Nest] 500766  - 10/03/2025, 5:50:13 PM     LOG [InstanceLoader] JwtModule dependencies initialized +0ms
[Nest] 500766  - 10/03/2025, 5:50:13 PM     LOG [InstanceLoader] DiscoveryModule dependencies initialized +0ms
[Nest] 500766  - 10/03/2025, 5:50:13 PM     LOG [InstanceLoader] ConfigModule dependencies initialized +3ms
[Nest] 500766  - 10/03/2025, 5:50:13 PM     LOG [InstanceLoader] ConfigModule dependencies initialized +0ms
[Nest] 500766  - 10/03/2025, 5:50:13 PM     LOG [InstanceLoader] ScheduleModule dependencies initialized +1ms
[Nest] 500766  - 10/03/2025, 5:50:13 PM     LOG [InstanceLoader] AuthModule dependencies initialized +2ms
[Nest] 500766  - 10/03/2025, 5:50:13 PM     LOG [InstanceLoader] VendorsModule dependencies initialized +1ms
[Nest] 500766  - 10/03/2025, 5:50:13 PM     LOG [InstanceLoader] AssetCategoriesModule dependencies initialized +0ms
[Nest] 500766  - 10/03/2025, 5:50:13 PM     LOG [InstanceLoader] AssetTypesModule dependencies initialized +0ms
[Nest] 500766  - 10/03/2025, 5:50:13 PM     LOG [InstanceLoader] BrandsModule dependencies initialized +0ms
[Nest] 500766  - 10/03/2025, 5:50:13 PM     LOG [InstanceLoader] ModelsModule dependencies initialized +0ms
[Nest] 500766  - 10/03/2025, 5:50:13 PM     LOG [InstanceLoader] AssignmentsModule dependencies initialized +0ms
[Nest] 500766  - 10/03/2025, 5:50:13 PM     LOG [InstanceLoader] EmployeesModule dependencies initialized +0ms
[Nest] 500766  - 10/03/2025, 5:50:13 PM     LOG [InstanceLoader] MaintenanceModule dependencies initialized +0ms
[Nest] 500766  - 10/03/2025, 5:50:13 PM     LOG [InstanceLoader] AssetsModule dependencies initialized +0ms
[Nest] 500766  - 10/03/2025, 5:50:13 PM     LOG [InstanceLoader] AdminModule dependencies initialized +0ms
[Nest] 500766  - 10/03/2025, 5:50:13 PM     LOG [InstanceLoader] ReportsModule dependencies initialized +0ms
[Nest] 500766  - 10/03/2025, 5:50:13 PM     LOG [InstanceLoader] AssetHistoryModule dependencies initialized +0ms
[Nest] 500766  - 10/03/2025, 5:50:13 PM     LOG [InstanceLoader] AppModule dependencies initialized +0ms
[Nest] 500766  - 10/03/2025, 5:50:13 PM     LOG [RoutesResolver] AppController {/api}: +103ms
[Nest] 500766  - 10/03/2025, 5:50:13 PM     LOG [RouterExplorer] Mapped {/api, GET} route +2ms
[Nest] 500766  - 10/03/2025, 5:50:13 PM     LOG [RouterExplorer] Mapped {/api/dashboard/stats, GET} route +1ms
[Nest] 500766  - 10/03/2025, 5:50:13 PM     LOG [RoutesResolver] AuthController {/api/auth}: +0ms
[Nest] 500766  - 10/03/2025, 5:50:13 PM     LOG [RouterExplorer] Mapped {/api/auth/login, POST} route +0ms
[Nest] 500766  - 10/03/2025, 5:50:13 PM     LOG [RouterExplorer] Mapped {/api/auth/profile, GET} route +0ms
[Nest] 500766  - 10/03/2025, 5:50:13 PM     LOG [RouterExplorer] Mapped {/api/auth/refresh, POST} route +1ms
[Nest] 500766  - 10/03/2025, 5:50:13 PM     LOG [RouterExplorer] Mapped {/api/auth/logout, POST} route +0ms
[Nest] 500766  - 10/03/2025, 5:50:13 PM     LOG [RouterExplorer] Mapped {/api/auth/forgot-password, POST} route +0ms
[Nest] 500766  - 10/03/2025, 5:50:13 PM     LOG [RouterExplorer] Mapped {/api/auth/reset-password, POST} route +0ms
[Nest] 500766  - 10/03/2025, 5:50:13 PM     LOG [RouterExplorer] Mapped {/api/auth/change-password, POST} route +1ms
[Nest] 500766  - 10/03/2025, 5:50:13 PM     LOG [RoutesResolver] EmployeesController {/api/employees}: +0ms
[Nest] 500766  - 10/03/2025, 5:50:13 PM     LOG [RouterExplorer] Mapped {/api/employees, POST} route +0ms
[Nest] 500766  - 10/03/2025, 5:50:13 PM     LOG [RouterExplorer] Mapped {/api/employees/check-email, GET} route +0ms
[Nest] 500766  - 10/03/2025, 5:50:13 PM     LOG [RouterExplorer] Mapped {/api/employees, GET} route +0ms
[Nest] 500766  - 10/03/2025, 5:50:13 PM     LOG [RouterExplorer] Mapped {/api/employees/dropdowns, GET} route +1ms
[Nest] 500766  - 10/03/2025, 5:50:13 PM     LOG [RouterExplorer] Mapped {/api/employees/test-route, GET} route +0ms
[Nest] 500766  - 10/03/2025, 5:50:13 PM     LOG [RouterExplorer] Mapped {/api/employees/non-admin-dropdown, GET} route +0ms
[Nest] 500766  - 10/03/2025, 5:50:13 PM     LOG [RouterExplorer] Mapped {/api/employees/export, GET} route +0ms
[Nest] 500766  - 10/03/2025, 5:50:13 PM     LOG [RouterExplorer] Mapped {/api/employees/:id, GET} route +0ms
[Nest] 500766  - 10/03/2025, 5:50:13 PM     LOG [RouterExplorer] Mapped {/api/employees/:id/asset-history, GET} route +0ms
[Nest] 500766  - 10/03/2025, 5:50:13 PM     LOG [RouterExplorer] Mapped {/api/employees/:id/asset-events, GET} route +0ms
[Nest] 500766  - 10/03/2025, 5:50:13 PM     LOG [RouterExplorer] Mapped {/api/employees/:id, PUT} route +1ms
[Nest] 500766  - 10/03/2025, 5:50:13 PM     LOG [RouterExplorer] Mapped {/api/employees/bulk-upload/validate, POST} route +0ms
[Nest] 500766  - 10/03/2025, 5:50:13 PM     LOG [RouterExplorer] Mapped {/api/employees/bulk-upload, POST} route +0ms
[Nest] 500766  - 10/03/2025, 5:50:13 PM     LOG [RouterExplorer] Mapped {/api/employees/:id, DELETE} route +0ms
[Nest] 500766  - 10/03/2025, 5:50:13 PM     LOG [RoutesResolver] VendorsController {/api/vendors}: +0ms
[Nest] 500766  - 10/03/2025, 5:50:13 PM     LOG [RouterExplorer] Mapped {/api/vendors, POST} route +0ms
[Nest] 500766  - 10/03/2025, 5:50:13 PM     LOG [RouterExplorer] Mapped {/api/vendors, GET} route +0ms
[Nest] 500766  - 10/03/2025, 5:50:13 PM     LOG [RouterExplorer] Mapped {/api/vendors/search, GET} route +1ms
[Nest] 500766  - 10/03/2025, 5:50:13 PM     LOG [RouterExplorer] Mapped {/api/vendors/:id, GET} route +0ms
[Nest] 500766  - 10/03/2025, 5:50:13 PM     LOG [RouterExplorer] Mapped {/api/vendors/:id, PUT} route +0ms
[Nest] 500766  - 10/03/2025, 5:50:13 PM     LOG [RouterExplorer] Mapped {/api/vendors/:id, DELETE} route +0ms
[Nest] 500766  - 10/03/2025, 5:50:13 PM     LOG [RouterExplorer] Mapped {/api/vendors/:id/status, PATCH} route +0ms
[Nest] 500766  - 10/03/2025, 5:50:13 PM     LOG [RouterExplorer] Mapped {/api/vendors/check-name, POST} route +0ms
[Nest] 500766  - 10/03/2025, 5:50:13 PM     LOG [RouterExplorer] Mapped {/api/vendors/validate-bulk-upload, POST} route +0ms
[Nest] 500766  - 10/03/2025, 5:50:13 PM     LOG [RouterExplorer] Mapped {/api/vendors/bulk-upload, POST} route +1ms
[Nest] 500766  - 10/03/2025, 5:50:13 PM     LOG [RoutesResolver] AssetCategoriesController {/api/asset-categories}: +0ms
[Nest] 500766  - 10/03/2025, 5:50:13 PM     LOG [RouterExplorer] Mapped {/api/asset-categories, POST} route +0ms
[Nest] 500766  - 10/03/2025, 5:50:13 PM     LOG [RouterExplorer] Mapped {/api/asset-categories, GET} route +0ms
[Nest] 500766  - 10/03/2025, 5:50:13 PM     LOG [RouterExplorer] Mapped {/api/asset-categories/:id, GET} route +0ms
[Nest] 500766  - 10/03/2025, 5:50:13 PM     LOG [RouterExplorer] Mapped {/api/asset-categories/:id, PUT} route +0ms
[Nest] 500766  - 10/03/2025, 5:50:13 PM     LOG [RouterExplorer] Mapped {/api/asset-categories/:id, DELETE} route +1ms
[Nest] 500766  - 10/03/2025, 5:50:13 PM     LOG [RouterExplorer] Mapped {/api/asset-categories/:sourceId/merge/:targetId, POST} route +0ms
[Nest] 500766  - 10/03/2025, 5:50:13 PM     LOG [RoutesResolver] AssetTypesController {/api/asset-types}: +0ms
[Nest] 500766  - 10/03/2025, 5:50:13 PM     LOG [RouterExplorer] Mapped {/api/asset-types, POST} route +0ms
[Nest] 500766  - 10/03/2025, 5:50:13 PM     LOG [RouterExplorer] Mapped {/api/asset-types, GET} route +0ms
[Nest] 500766  - 10/03/2025, 5:50:13 PM     LOG [RouterExplorer] Mapped {/api/asset-types/by-category/:categoryId, GET} route +1ms
[Nest] 500766  - 10/03/2025, 5:50:13 PM     LOG [RouterExplorer] Mapped {/api/asset-types/:id, GET} route +0ms
[Nest] 500766  - 10/03/2025, 5:50:13 PM     LOG [RouterExplorer] Mapped {/api/asset-types/:id, PUT} route +0ms
[Nest] 500766  - 10/03/2025, 5:50:13 PM     LOG [RouterExplorer] Mapped {/api/asset-types/:id, DELETE} route +0ms
[Nest] 500766  - 10/03/2025, 5:50:13 PM     LOG [RouterExplorer] Mapped {/api/asset-types/:sourceId/merge/:targetId, POST} route +0ms
[Nest] 500766  - 10/03/2025, 5:50:13 PM     LOG [RoutesResolver] BrandsController {/api/brands}: +0ms
[Nest] 500766  - 10/03/2025, 5:50:13 PM     LOG [RouterExplorer] Mapped {/api/brands, POST} route +0ms
[Nest] 500766  - 10/03/2025, 5:50:13 PM     LOG [RouterExplorer] Mapped {/api/brands, GET} route +1ms
[Nest] 500766  - 10/03/2025, 5:50:13 PM     LOG [RouterExplorer] Mapped {/api/brands/:id, GET} route +0ms
[Nest] 500766  - 10/03/2025, 5:50:13 PM     LOG [RouterExplorer] Mapped {/api/brands/:id, PUT} route +0ms
[Nest] 500766  - 10/03/2025, 5:50:13 PM     LOG [RouterExplorer] Mapped {/api/brands/:id, DELETE} route +0ms
[Nest] 500766  - 10/03/2025, 5:50:13 PM     LOG [RouterExplorer] Mapped {/api/brands/:sourceId/merge/:targetId, POST} route +0ms
[Nest] 500766  - 10/03/2025, 5:50:13 PM     LOG [RoutesResolver] ModelsController {/api/models}: +1ms
[Nest] 500766  - 10/03/2025, 5:50:13 PM     LOG [RouterExplorer] Mapped {/api/models, POST} route +0ms
[Nest] 500766  - 10/03/2025, 5:50:13 PM     LOG [RouterExplorer] Mapped {/api/models, GET} route +0ms
[Nest] 500766  - 10/03/2025, 5:50:13 PM     LOG [RouterExplorer] Mapped {/api/models/by-brand/:brandId, GET} route +0ms
[Nest] 500766  - 10/03/2025, 5:50:13 PM     LOG [RouterExplorer] Mapped {/api/models/by-brand/:brandId/asset-type/:assetTypeId, GET} route +0ms
[Nest] 500766  - 10/03/2025, 5:50:13 PM     LOG [RouterExplorer] Mapped {/api/models/:id, GET} route +0ms
[Nest] 500766  - 10/03/2025, 5:50:13 PM     LOG [RouterExplorer] Mapped {/api/models/:id, PUT} route +1ms
[Nest] 500766  - 10/03/2025, 5:50:13 PM     LOG [RouterExplorer] Mapped {/api/models/:id, DELETE} route +0ms
[Nest] 500766  - 10/03/2025, 5:50:13 PM     LOG [RouterExplorer] Mapped {/api/models/:sourceId/merge/:targetId, POST} route +0ms
[Nest] 500766  - 10/03/2025, 5:50:13 PM     LOG [RoutesResolver] AssignmentsController {/api/assignments}: +0ms
[Nest] 500766  - 10/03/2025, 5:50:13 PM     LOG [RouterExplorer] Mapped {/api/assignments, POST} route +0ms
[Nest] 500766  - 10/03/2025, 5:50:13 PM     LOG [RouterExplorer] Mapped {/api/assignments/active, GET} route +0ms
[Nest] 500766  - 10/03/2025, 5:50:13 PM     LOG [RouterExplorer] Mapped {/api/assignments/active/collect, GET} route +0ms
[Nest] 500766  - 10/03/2025, 5:50:13 PM     LOG [RouterExplorer] Mapped {/api/assignments, GET} route +0ms
[Nest] 500766  - 10/03/2025, 5:50:13 PM     LOG [RouterExplorer] Mapped {/api/assignments/:id, GET} route +1ms
[Nest] 500766  - 10/03/2025, 5:50:13 PM     LOG [RouterExplorer] Mapped {/api/assignments/:id/return, PUT} route +0ms
[Nest] 500766  - 10/03/2025, 5:50:13 PM     LOG [RoutesResolver] ReportsController {/api/reports}: +0ms
[Nest] 500766  - 10/03/2025, 5:50:13 PM     LOG [RouterExplorer] Mapped {/api/reports/analytics, GET} route +0ms
[Nest] 500766  - 10/03/2025, 5:50:13 PM     LOG [RouterExplorer] Mapped {/api/reports/asset-inventory, GET} route +0ms
[Nest] 500766  - 10/03/2025, 5:50:13 PM     LOG [RouterExplorer] Mapped {/api/reports/employee-assets, GET} route +0ms
[Nest] 500766  - 10/03/2025, 5:50:13 PM     LOG [RouterExplorer] Mapped {/api/reports/maintenance, GET} route +0ms
[Nest] 500766  - 10/03/2025, 5:50:13 PM     LOG [RouterExplorer] Mapped {/api/reports/export/asset-inventory, POST} route +1ms
[Nest] 500766  - 10/03/2025, 5:50:13 PM     LOG [RouterExplorer] Mapped {/api/reports/export/employee-assets, POST} route +0ms
[Nest] 500766  - 10/03/2025, 5:50:13 PM     LOG [RouterExplorer] Mapped {/api/reports/export/maintenance, POST} route +0ms
[Nest] 500766  - 10/03/2025, 5:50:13 PM     LOG [RouterExplorer] Mapped {/api/reports/preview, GET} route +0ms
[Nest] 500766  - 10/03/2025, 5:50:13 PM     LOG [RoutesResolver] MaintenanceController {/api/maintenance}: +0ms
[Nest] 500766  - 10/03/2025, 5:50:13 PM     LOG [RouterExplorer] Mapped {/api/maintenance, POST} route +0ms
[Nest] 500766  - 10/03/2025, 5:50:13 PM     LOG [RouterExplorer] Mapped {/api/maintenance, GET} route +0ms
[Nest] 500766  - 10/03/2025, 5:50:13 PM     LOG [RouterExplorer] Mapped {/api/maintenance/check-asset-availability, GET} route +0ms
[Nest] 500766  - 10/03/2025, 5:50:13 PM     LOG [RouterExplorer] Mapped {/api/maintenance/export, GET} route +1ms
[Nest] 500766  - 10/03/2025, 5:50:13 PM     LOG [RouterExplorer] Mapped {/api/maintenance/asset/:assetId/history, GET} route +0ms
[Nest] 500766  - 10/03/2025, 5:50:13 PM     LOG [RouterExplorer] Mapped {/api/maintenance/asset/:assetId/history-events, GET} route +0ms
[Nest] 500766  - 10/03/2025, 5:50:13 PM     LOG [RouterExplorer] Mapped {/api/maintenance/:id, GET} route +0ms
[Nest] 500766  - 10/03/2025, 5:50:13 PM     LOG [RouterExplorer] Mapped {/api/maintenance/:id, PATCH} route +0ms
[Nest] 500766  - 10/03/2025, 5:50:13 PM     LOG [RouterExplorer] Mapped {/api/maintenance/:id/complete, PUT} route +0ms
[Nest] 500766  - 10/03/2025, 5:50:13 PM     LOG [RouterExplorer] Mapped {/api/maintenance/:id/cancel, PUT} route +0ms
[Nest] 500766  - 10/03/2025, 5:50:13 PM     LOG [RouterExplorer] Mapped {/api/maintenance/:id, DELETE} route +0ms
[Nest] 500766  - 10/03/2025, 5:50:13 PM     LOG [RoutesResolver] MaintenanceTypesController {/api/maintenance-types}: +1ms
[Nest] 500766  - 10/03/2025, 5:50:13 PM     LOG [RouterExplorer] Mapped {/api/maintenance-types, GET} route +0ms
[Nest] 500766  - 10/03/2025, 5:50:13 PM     LOG [RoutesResolver] AssetsController {/api/assets}: +0ms
[Nest] 500766  - 10/03/2025, 5:50:13 PM     LOG [RouterExplorer] Mapped {/api/assets/generate-id, GET} route +0ms
[Nest] 500766  - 10/03/2025, 5:50:13 PM     LOG [RouterExplorer] Mapped {/api/assets, POST} route +0ms
[Nest] 500766  - 10/03/2025, 5:50:13 PM     LOG [RouterExplorer] Mapped {/api/assets, GET} route +0ms
[Nest] 500766  - 10/03/2025, 5:50:13 PM     LOG [RouterExplorer] Mapped {/api/assets/stats, GET} route +0ms
[Nest] 500766  - 10/03/2025, 5:50:13 PM     LOG [RouterExplorer] Mapped {/api/assets/export, GET} route +0ms
[Nest] 500766  - 10/03/2025, 5:50:13 PM     LOG [RouterExplorer] Mapped {/api/assets/search, GET} route +0ms
[Nest] 500766  - 10/03/2025, 5:50:13 PM     LOG [RouterExplorer] Mapped {/api/assets/dropdowns, GET} route +1ms
[Nest] 500766  - 10/03/2025, 5:50:13 PM     LOG [RouterExplorer] Mapped {/api/assets/available, GET} route +0ms
[Nest] 500766  - 10/03/2025, 5:50:13 PM     LOG [RouterExplorer] Mapped {/api/assets/:id, GET} route +0ms
[Nest] 500766  - 10/03/2025, 5:50:13 PM     LOG [RouterExplorer] Mapped {/api/assets/:id, PUT} route +0ms
[Nest] 500766  - 10/03/2025, 5:50:13 PM     LOG [RouterExplorer] Mapped {/api/assets/:id, DELETE} route +0ms
[Nest] 500766  - 10/03/2025, 5:50:13 PM     LOG [RouterExplorer] Mapped {/api/assets/:id/retire, PUT} route +0ms
[Nest] 500766  - 10/03/2025, 5:50:13 PM     LOG [RouterExplorer] Mapped {/api/assets/:id/reactivate, PUT} route +0ms
[Nest] 500766  - 10/03/2025, 5:50:13 PM     LOG [RouterExplorer] Mapped {/api/assets/validate-bulk-upload, POST} route +1ms
[Nest] 500766  - 10/03/2025, 5:50:13 PM     LOG [RouterExplorer] Mapped {/api/assets/bulk-upload, POST} route +0ms
[Nest] 500766  - 10/03/2025, 5:50:13 PM     LOG [RoutesResolver] AssetHistoryController {/api/asset-history}: +0ms
[Nest] 500766  - 10/03/2025, 5:50:13 PM     LOG [RouterExplorer] Mapped {/api/asset-history/:id, GET} route +0ms
[Nest] 500766  - 10/03/2025, 5:50:13 PM     LOG [RouterExplorer] Mapped {/api/asset-history/:id/summary, GET} route +0ms
[Nest] 500766  - 10/03/2025, 5:50:13 PM     LOG [RoutesResolver] AdminController {/api/admin}: +0ms
[Nest] 500766  - 10/03/2025, 5:50:13 PM     LOG [RouterExplorer] Mapped {/api/admin/users, GET} route +0ms
[Nest] 500766  - 10/03/2025, 5:50:13 PM     LOG [RouterExplorer] Mapped {/api/admin/users, POST} route +1ms
[Nest] 500766  - 10/03/2025, 5:50:13 PM     LOG [RouterExplorer] Mapped {/api/admin/users/:id/status, PATCH} route +0ms
[Nest] 500766  - 10/03/2025, 5:50:13 PM     LOG [RouterExplorer] Mapped {/api/admin/users/:id, DELETE} route +0ms
[Nest] 500766  - 10/03/2025, 5:50:13 PM     LOG [NestApplication] Nest application successfully started +129ms
[Nest] 500766  - 10/03/2025, 5:50:13 PM   ERROR [NestApplication] Error: listen EADDRINUSE: address already in use :::3000 +1ms
node:net:1937
    const ex = new UVExceptionWithHostPort(err, 'listen', address, port);
               ^

Error: listen EADDRINUSE: address already in use :::3000
    at Server.setupListenHandle [as _listen2] (node:net:1937:16)
    at listenInCluster (node:net:1994:12)
    at Server.listen (node:net:2099:7)
    at ExpressAdapter.listen (/home/mindstix/Documents/Mindstix-Foundation/asset-mgt-be/node_modules/@nestjs/platform-express/adapters/express-adapter.js:127:32)
    at /home/mindstix/Documents/Mindstix-Foundation/asset-mgt-be/node_modules/@nestjs/core/nest-application.js:188:30
    at new Promise (<anonymous>)
    at NestApplication.listen (/home/mindstix/Documents/Mindstix-Foundation/asset-mgt-be/node_modules/@nestjs/core/nest-application.js:178:16)
    at async bootstrap (/home/mindstix/Documents/Mindstix-Foundation/asset-mgt-be/src/main.ts:88:3) {
  code: 'EADDRINUSE',
  errno: -98,
  syscall: 'listen',
  address: '::',
  port: 3000
}

Node.js v23.6.0
[2J[3J[H[[90m5:50:24 PM[0m] File change detected. Starting incremental compilation...

[[90m5:50:25 PM[0m] Found 0 errors. Watching for file changes.

[Nest] 500865  - 10/03/2025, 5:50:25 PM     LOG [NestFactory] Starting Nest application...
[Nest] 500865  - 10/03/2025, 5:50:25 PM     LOG [InstanceLoader] PrismaModule dependencies initialized +19ms
[Nest] 500865  - 10/03/2025, 5:50:25 PM     LOG [InstanceLoader] PassportModule dependencies initialized +0ms
[Nest] 500865  - 10/03/2025, 5:50:25 PM     LOG [InstanceLoader] ConfigHostModule dependencies initialized +1ms
[Nest] 500865  - 10/03/2025, 5:50:25 PM     LOG [InstanceLoader] ThrottlerModule dependencies initialized +1ms
[Nest] 500865  - 10/03/2025, 5:50:25 PM     LOG [InstanceLoader] JwtModule dependencies initialized +0ms
[Nest] 500865  - 10/03/2025, 5:50:25 PM     LOG [InstanceLoader] DiscoveryModule dependencies initialized +0ms
[Nest] 500865  - 10/03/2025, 5:50:25 PM     LOG [InstanceLoader] ConfigModule dependencies initialized +2ms
[Nest] 500865  - 10/03/2025, 5:50:25 PM     LOG [InstanceLoader] ConfigModule dependencies initialized +1ms
[Nest] 500865  - 10/03/2025, 5:50:25 PM     LOG [InstanceLoader] ScheduleModule dependencies initialized +0ms
[Nest] 500865  - 10/03/2025, 5:50:25 PM     LOG [InstanceLoader] AuthModule dependencies initialized +2ms
[Nest] 500865  - 10/03/2025, 5:50:25 PM     LOG [InstanceLoader] VendorsModule dependencies initialized +0ms
[Nest] 500865  - 10/03/2025, 5:50:25 PM     LOG [InstanceLoader] AssetCategoriesModule dependencies initialized +0ms
[Nest] 500865  - 10/03/2025, 5:50:25 PM     LOG [InstanceLoader] AssetTypesModule dependencies initialized +1ms
[Nest] 500865  - 10/03/2025, 5:50:25 PM     LOG [InstanceLoader] BrandsModule dependencies initialized +0ms
[Nest] 500865  - 10/03/2025, 5:50:25 PM     LOG [InstanceLoader] ModelsModule dependencies initialized +0ms
[Nest] 500865  - 10/03/2025, 5:50:25 PM     LOG [InstanceLoader] AssignmentsModule dependencies initialized +0ms
[Nest] 500865  - 10/03/2025, 5:50:25 PM     LOG [InstanceLoader] EmployeesModule dependencies initialized +0ms
[Nest] 500865  - 10/03/2025, 5:50:25 PM     LOG [InstanceLoader] MaintenanceModule dependencies initialized +0ms
[Nest] 500865  - 10/03/2025, 5:50:25 PM     LOG [InstanceLoader] AssetsModule dependencies initialized +0ms
[Nest] 500865  - 10/03/2025, 5:50:25 PM     LOG [InstanceLoader] AdminModule dependencies initialized +0ms
[Nest] 500865  - 10/03/2025, 5:50:25 PM     LOG [InstanceLoader] ReportsModule dependencies initialized +0ms
[Nest] 500865  - 10/03/2025, 5:50:25 PM     LOG [InstanceLoader] AssetHistoryModule dependencies initialized +0ms
[Nest] 500865  - 10/03/2025, 5:50:25 PM     LOG [InstanceLoader] AppModule dependencies initialized +1ms
[Nest] 500865  - 10/03/2025, 5:50:26 PM     LOG [RoutesResolver] AppController {/api}: +83ms
[Nest] 500865  - 10/03/2025, 5:50:26 PM     LOG [RouterExplorer] Mapped {/api, GET} route +1ms
[Nest] 500865  - 10/03/2025, 5:50:26 PM     LOG [RouterExplorer] Mapped {/api/dashboard/stats, GET} route +1ms
[Nest] 500865  - 10/03/2025, 5:50:26 PM     LOG [RoutesResolver] AuthController {/api/auth}: +0ms
[Nest] 500865  - 10/03/2025, 5:50:26 PM     LOG [RouterExplorer] Mapped {/api/auth/login, POST} route +1ms
[Nest] 500865  - 10/03/2025, 5:50:26 PM     LOG [RouterExplorer] Mapped {/api/auth/profile, GET} route +0ms
[Nest] 500865  - 10/03/2025, 5:50:26 PM     LOG [RouterExplorer] Mapped {/api/auth/refresh, POST} route +0ms
[Nest] 500865  - 10/03/2025, 5:50:26 PM     LOG [RouterExplorer] Mapped {/api/auth/logout, POST} route +1ms
[Nest] 500865  - 10/03/2025, 5:50:26 PM     LOG [RouterExplorer] Mapped {/api/auth/forgot-password, POST} route +0ms
[Nest] 500865  - 10/03/2025, 5:50:26 PM     LOG [RouterExplorer] Mapped {/api/auth/reset-password, POST} route +0ms
[Nest] 500865  - 10/03/2025, 5:50:26 PM     LOG [RouterExplorer] Mapped {/api/auth/change-password, POST} route +0ms
[Nest] 500865  - 10/03/2025, 5:50:26 PM     LOG [RoutesResolver] EmployeesController {/api/employees}: +1ms
[Nest] 500865  - 10/03/2025, 5:50:26 PM     LOG [RouterExplorer] Mapped {/api/employees, POST} route +0ms
[Nest] 500865  - 10/03/2025, 5:50:26 PM     LOG [RouterExplorer] Mapped {/api/employees/check-email, GET} route +0ms
[Nest] 500865  - 10/03/2025, 5:50:26 PM     LOG [RouterExplorer] Mapped {/api/employees, GET} route +0ms
[Nest] 500865  - 10/03/2025, 5:50:26 PM     LOG [RouterExplorer] Mapped {/api/employees/dropdowns, GET} route +1ms
[Nest] 500865  - 10/03/2025, 5:50:26 PM     LOG [RouterExplorer] Mapped {/api/employees/test-route, GET} route +0ms
[Nest] 500865  - 10/03/2025, 5:50:26 PM     LOG [RouterExplorer] Mapped {/api/employees/non-admin-dropdown, GET} route +0ms
[Nest] 500865  - 10/03/2025, 5:50:26 PM     LOG [RouterExplorer] Mapped {/api/employees/export, GET} route +0ms
[Nest] 500865  - 10/03/2025, 5:50:26 PM     LOG [RouterExplorer] Mapped {/api/employees/:id, GET} route +0ms
[Nest] 500865  - 10/03/2025, 5:50:26 PM     LOG [RouterExplorer] Mapped {/api/employees/:id/asset-history, GET} route +1ms
[Nest] 500865  - 10/03/2025, 5:50:26 PM     LOG [RouterExplorer] Mapped {/api/employees/:id/asset-events, GET} route +0ms
[Nest] 500865  - 10/03/2025, 5:50:26 PM     LOG [RouterExplorer] Mapped {/api/employees/:id, PUT} route +0ms
[Nest] 500865  - 10/03/2025, 5:50:26 PM     LOG [RouterExplorer] Mapped {/api/employees/bulk-upload/validate, POST} route +0ms
[Nest] 500865  - 10/03/2025, 5:50:26 PM     LOG [RouterExplorer] Mapped {/api/employees/bulk-upload, POST} route +1ms
[Nest] 500865  - 10/03/2025, 5:50:26 PM     LOG [RouterExplorer] Mapped {/api/employees/:id, DELETE} route +0ms
[Nest] 500865  - 10/03/2025, 5:50:26 PM     LOG [RoutesResolver] VendorsController {/api/vendors}: +0ms
[Nest] 500865  - 10/03/2025, 5:50:26 PM     LOG [RouterExplorer] Mapped {/api/vendors, POST} route +0ms
[Nest] 500865  - 10/03/2025, 5:50:26 PM     LOG [RouterExplorer] Mapped {/api/vendors, GET} route +0ms
[Nest] 500865  - 10/03/2025, 5:50:26 PM     LOG [RouterExplorer] Mapped {/api/vendors/search, GET} route +1ms
[Nest] 500865  - 10/03/2025, 5:50:26 PM     LOG [RouterExplorer] Mapped {/api/vendors/:id, GET} route +0ms
[Nest] 500865  - 10/03/2025, 5:50:26 PM     LOG [RouterExplorer] Mapped {/api/vendors/:id, PUT} route +0ms
[Nest] 500865  - 10/03/2025, 5:50:26 PM     LOG [RouterExplorer] Mapped {/api/vendors/:id, DELETE} route +0ms
[Nest] 500865  - 10/03/2025, 5:50:26 PM     LOG [RouterExplorer] Mapped {/api/vendors/:id/status, PATCH} route +0ms
[Nest] 500865  - 10/03/2025, 5:50:26 PM     LOG [RouterExplorer] Mapped {/api/vendors/check-name, POST} route +1ms
[Nest] 500865  - 10/03/2025, 5:50:26 PM     LOG [RouterExplorer] Mapped {/api/vendors/validate-bulk-upload, POST} route +0ms
[Nest] 500865  - 10/03/2025, 5:50:26 PM     LOG [RouterExplorer] Mapped {/api/vendors/bulk-upload, POST} route +0ms
[Nest] 500865  - 10/03/2025, 5:50:26 PM     LOG [RoutesResolver] AssetCategoriesController {/api/asset-categories}: +0ms
[Nest] 500865  - 10/03/2025, 5:50:26 PM     LOG [RouterExplorer] Mapped {/api/asset-categories, POST} route +0ms
[Nest] 500865  - 10/03/2025, 5:50:26 PM     LOG [RouterExplorer] Mapped {/api/asset-categories, GET} route +1ms
[Nest] 500865  - 10/03/2025, 5:50:26 PM     LOG [RouterExplorer] Mapped {/api/asset-categories/:id, GET} route +0ms
[Nest] 500865  - 10/03/2025, 5:50:26 PM     LOG [RouterExplorer] Mapped {/api/asset-categories/:id, PUT} route +0ms
[Nest] 500865  - 10/03/2025, 5:50:26 PM     LOG [RouterExplorer] Mapped {/api/asset-categories/:id, DELETE} route +0ms
[Nest] 500865  - 10/03/2025, 5:50:26 PM     LOG [RouterExplorer] Mapped {/api/asset-categories/:sourceId/merge/:targetId, POST} route +0ms
[Nest] 500865  - 10/03/2025, 5:50:26 PM     LOG [RoutesResolver] AssetTypesController {/api/asset-types}: +0ms
[Nest] 500865  - 10/03/2025, 5:50:26 PM     LOG [RouterExplorer] Mapped {/api/asset-types, POST} route +1ms
[Nest] 500865  - 10/03/2025, 5:50:26 PM     LOG [RouterExplorer] Mapped {/api/asset-types, GET} route +0ms
[Nest] 500865  - 10/03/2025, 5:50:26 PM     LOG [RouterExplorer] Mapped {/api/asset-types/by-category/:categoryId, GET} route +0ms
[Nest] 500865  - 10/03/2025, 5:50:26 PM     LOG [RouterExplorer] Mapped {/api/asset-types/:id, GET} route +0ms
[Nest] 500865  - 10/03/2025, 5:50:26 PM     LOG [RouterExplorer] Mapped {/api/asset-types/:id, PUT} route +0ms
[Nest] 500865  - 10/03/2025, 5:50:26 PM     LOG [RouterExplorer] Mapped {/api/asset-types/:id, DELETE} route +0ms
[Nest] 500865  - 10/03/2025, 5:50:26 PM     LOG [RouterExplorer] Mapped {/api/asset-types/:sourceId/merge/:targetId, POST} route +0ms
[Nest] 500865  - 10/03/2025, 5:50:26 PM     LOG [RoutesResolver] BrandsController {/api/brands}: +0ms
[Nest] 500865  - 10/03/2025, 5:50:26 PM     LOG [RouterExplorer] Mapped {/api/brands, POST} route +1ms
[Nest] 500865  - 10/03/2025, 5:50:26 PM     LOG [RouterExplorer] Mapped {/api/brands, GET} route +0ms
[Nest] 500865  - 10/03/2025, 5:50:26 PM     LOG [RouterExplorer] Mapped {/api/brands/:id, GET} route +0ms
[Nest] 500865  - 10/03/2025, 5:50:26 PM     LOG [RouterExplorer] Mapped {/api/brands/:id, PUT} route +0ms
[Nest] 500865  - 10/03/2025, 5:50:26 PM     LOG [RouterExplorer] Mapped {/api/brands/:id, DELETE} route +0ms
[Nest] 500865  - 10/03/2025, 5:50:26 PM     LOG [RouterExplorer] Mapped {/api/brands/:sourceId/merge/:targetId, POST} route +0ms
[Nest] 500865  - 10/03/2025, 5:50:26 PM     LOG [RoutesResolver] ModelsController {/api/models}: +0ms
[Nest] 500865  - 10/03/2025, 5:50:26 PM     LOG [RouterExplorer] Mapped {/api/models, POST} route +1ms
[Nest] 500865  - 10/03/2025, 5:50:26 PM     LOG [RouterExplorer] Mapped {/api/models, GET} route +0ms
[Nest] 500865  - 10/03/2025, 5:50:26 PM     LOG [RouterExplorer] Mapped {/api/models/by-brand/:brandId, GET} route +0ms
[Nest] 500865  - 10/03/2025, 5:50:26 PM     LOG [RouterExplorer] Mapped {/api/models/by-brand/:brandId/asset-type/:assetTypeId, GET} route +0ms
[Nest] 500865  - 10/03/2025, 5:50:26 PM     LOG [RouterExplorer] Mapped {/api/models/:id, GET} route +0ms
[Nest] 500865  - 10/03/2025, 5:50:26 PM     LOG [RouterExplorer] Mapped {/api/models/:id, PUT} route +0ms
[Nest] 500865  - 10/03/2025, 5:50:26 PM     LOG [RouterExplorer] Mapped {/api/models/:id, DELETE} route +0ms
[Nest] 500865  - 10/03/2025, 5:50:26 PM     LOG [RouterExplorer] Mapped {/api/models/:sourceId/merge/:targetId, POST} route +0ms
[Nest] 500865  - 10/03/2025, 5:50:26 PM     LOG [RoutesResolver] AssignmentsController {/api/assignments}: +0ms
[Nest] 500865  - 10/03/2025, 5:50:26 PM     LOG [RouterExplorer] Mapped {/api/assignments, POST} route +1ms
[Nest] 500865  - 10/03/2025, 5:50:26 PM     LOG [RouterExplorer] Mapped {/api/assignments/active, GET} route +0ms
[Nest] 500865  - 10/03/2025, 5:50:26 PM     LOG [RouterExplorer] Mapped {/api/assignments/active/collect, GET} route +0ms
[Nest] 500865  - 10/03/2025, 5:50:26 PM     LOG [RouterExplorer] Mapped {/api/assignments, GET} route +0ms
[Nest] 500865  - 10/03/2025, 5:50:26 PM     LOG [RouterExplorer] Mapped {/api/assignments/:id, GET} route +0ms
[Nest] 500865  - 10/03/2025, 5:50:26 PM     LOG [RouterExplorer] Mapped {/api/assignments/:id/return, PUT} route +1ms
[Nest] 500865  - 10/03/2025, 5:50:26 PM     LOG [RoutesResolver] ReportsController {/api/reports}: +0ms
[Nest] 500865  - 10/03/2025, 5:50:26 PM     LOG [RouterExplorer] Mapped {/api/reports/analytics, GET} route +0ms
[Nest] 500865  - 10/03/2025, 5:50:26 PM     LOG [RouterExplorer] Mapped {/api/reports/asset-inventory, GET} route +0ms
[Nest] 500865  - 10/03/2025, 5:50:26 PM     LOG [RouterExplorer] Mapped {/api/reports/employee-assets, GET} route +0ms
[Nest] 500865  - 10/03/2025, 5:50:26 PM     LOG [RouterExplorer] Mapped {/api/reports/maintenance, GET} route +0ms
[Nest] 500865  - 10/03/2025, 5:50:26 PM     LOG [RouterExplorer] Mapped {/api/reports/export/asset-inventory, POST} route +1ms
[Nest] 500865  - 10/03/2025, 5:50:26 PM     LOG [RouterExplorer] Mapped {/api/reports/export/employee-assets, POST} route +0ms
[Nest] 500865  - 10/03/2025, 5:50:26 PM     LOG [RouterExplorer] Mapped {/api/reports/export/maintenance, POST} route +0ms
[Nest] 500865  - 10/03/2025, 5:50:26 PM     LOG [RouterExplorer] Mapped {/api/reports/preview, GET} route +0ms
[Nest] 500865  - 10/03/2025, 5:50:26 PM     LOG [RoutesResolver] MaintenanceController {/api/maintenance}: +0ms
[Nest] 500865  - 10/03/2025, 5:50:26 PM     LOG [RouterExplorer] Mapped {/api/maintenance, POST} route +0ms
[Nest] 500865  - 10/03/2025, 5:50:26 PM     LOG [RouterExplorer] Mapped {/api/maintenance, GET} route +0ms
[Nest] 500865  - 10/03/2025, 5:50:26 PM     LOG [RouterExplorer] Mapped {/api/maintenance/check-asset-availability, GET} route +0ms
[Nest] 500865  - 10/03/2025, 5:50:26 PM     LOG [RouterExplorer] Mapped {/api/maintenance/export, GET} route +1ms
[Nest] 500865  - 10/03/2025, 5:50:26 PM     LOG [RouterExplorer] Mapped {/api/maintenance/asset/:assetId/history, GET} route +0ms
[Nest] 500865  - 10/03/2025, 5:50:26 PM     LOG [RouterExplorer] Mapped {/api/maintenance/asset/:assetId/history-events, GET} route +0ms
[Nest] 500865  - 10/03/2025, 5:50:26 PM     LOG [RouterExplorer] Mapped {/api/maintenance/:id, GET} route +0ms
[Nest] 500865  - 10/03/2025, 5:50:26 PM     LOG [RouterExplorer] Mapped {/api/maintenance/:id, PATCH} route +0ms
[Nest] 500865  - 10/03/2025, 5:50:26 PM     LOG [RouterExplorer] Mapped {/api/maintenance/:id/complete, PUT} route +0ms
[Nest] 500865  - 10/03/2025, 5:50:26 PM     LOG [RouterExplorer] Mapped {/api/maintenance/:id/cancel, PUT} route +0ms
[Nest] 500865  - 10/03/2025, 5:50:26 PM     LOG [RouterExplorer] Mapped {/api/maintenance/:id, DELETE} route +1ms
[Nest] 500865  - 10/03/2025, 5:50:26 PM     LOG [RoutesResolver] MaintenanceTypesController {/api/maintenance-types}: +0ms
[Nest] 500865  - 10/03/2025, 5:50:26 PM     LOG [RouterExplorer] Mapped {/api/maintenance-types, GET} route +0ms
[Nest] 500865  - 10/03/2025, 5:50:26 PM     LOG [RoutesResolver] AssetsController {/api/assets}: +0ms
[Nest] 500865  - 10/03/2025, 5:50:26 PM     LOG [RouterExplorer] Mapped {/api/assets/generate-id, GET} route +0ms
[Nest] 500865  - 10/03/2025, 5:50:26 PM     LOG [RouterExplorer] Mapped {/api/assets, POST} route +0ms
[Nest] 500865  - 10/03/2025, 5:50:26 PM     LOG [RouterExplorer] Mapped {/api/assets, GET} route +0ms
[Nest] 500865  - 10/03/2025, 5:50:26 PM     LOG [RouterExplorer] Mapped {/api/assets/stats, GET} route +1ms
[Nest] 500865  - 10/03/2025, 5:50:26 PM     LOG [RouterExplorer] Mapped {/api/assets/export, GET} route +0ms
[Nest] 500865  - 10/03/2025, 5:50:26 PM     LOG [RouterExplorer] Mapped {/api/assets/search, GET} route +0ms
[Nest] 500865  - 10/03/2025, 5:50:26 PM     LOG [RouterExplorer] Mapped {/api/assets/dropdowns, GET} route +0ms
[Nest] 500865  - 10/03/2025, 5:50:26 PM     LOG [RouterExplorer] Mapped {/api/assets/available, GET} route +0ms
[Nest] 500865  - 10/03/2025, 5:50:26 PM     LOG [RouterExplorer] Mapped {/api/assets/:id, GET} route +0ms
[Nest] 500865  - 10/03/2025, 5:50:26 PM     LOG [RouterExplorer] Mapped {/api/assets/:id, PUT} route +1ms
[Nest] 500865  - 10/03/2025, 5:50:26 PM     LOG [RouterExplorer] Mapped {/api/assets/:id, DELETE} route +0ms
[Nest] 500865  - 10/03/2025, 5:50:26 PM     LOG [RouterExplorer] Mapped {/api/assets/:id/retire, PUT} route +0ms
[Nest] 500865  - 10/03/2025, 5:50:26 PM     LOG [RouterExplorer] Mapped {/api/assets/:id/reactivate, PUT} route +0ms
[Nest] 500865  - 10/03/2025, 5:50:26 PM     LOG [RouterExplorer] Mapped {/api/assets/validate-bulk-upload, POST} route +1ms
[Nest] 500865  - 10/03/2025, 5:50:26 PM     LOG [RouterExplorer] Mapped {/api/assets/bulk-upload, POST} route +0ms
[Nest] 500865  - 10/03/2025, 5:50:26 PM     LOG [RoutesResolver] AssetHistoryController {/api/asset-history}: +0ms
[Nest] 500865  - 10/03/2025, 5:50:26 PM     LOG [RouterExplorer] Mapped {/api/asset-history/:id, GET} route +0ms
[Nest] 500865  - 10/03/2025, 5:50:26 PM     LOG [RouterExplorer] Mapped {/api/asset-history/:id/summary, GET} route +0ms
[Nest] 500865  - 10/03/2025, 5:50:26 PM     LOG [RoutesResolver] AdminController {/api/admin}: +0ms
[Nest] 500865  - 10/03/2025, 5:50:26 PM     LOG [RouterExplorer] Mapped {/api/admin/users, GET} route +0ms
[Nest] 500865  - 10/03/2025, 5:50:26 PM     LOG [RouterExplorer] Mapped {/api/admin/users, POST} route +1ms
[Nest] 500865  - 10/03/2025, 5:50:26 PM     LOG [RouterExplorer] Mapped {/api/admin/users/:id/status, PATCH} route +0ms
[Nest] 500865  - 10/03/2025, 5:50:26 PM     LOG [RouterExplorer] Mapped {/api/admin/users/:id, DELETE} route +0ms
[Nest] 500865  - 10/03/2025, 5:50:26 PM     LOG [NestApplication] Nest application successfully started +142ms
[Nest] 500865  - 10/03/2025, 5:50:26 PM   ERROR [NestApplication] Error: listen EADDRINUSE: address already in use :::3000 +2ms
node:net:1937
    const ex = new UVExceptionWithHostPort(err, 'listen', address, port);
               ^

Error: listen EADDRINUSE: address already in use :::3000
    at Server.setupListenHandle [as _listen2] (node:net:1937:16)
    at listenInCluster (node:net:1994:12)
    at Server.listen (node:net:2099:7)
    at ExpressAdapter.listen (/home/mindstix/Documents/Mindstix-Foundation/asset-mgt-be/node_modules/@nestjs/platform-express/adapters/express-adapter.js:127:32)
    at /home/mindstix/Documents/Mindstix-Foundation/asset-mgt-be/node_modules/@nestjs/core/nest-application.js:188:30
    at new Promise (<anonymous>)
    at NestApplication.listen (/home/mindstix/Documents/Mindstix-Foundation/asset-mgt-be/node_modules/@nestjs/core/nest-application.js:178:16)
    at async bootstrap (/home/mindstix/Documents/Mindstix-Foundation/asset-mgt-be/src/main.ts:88:3) {
  code: 'EADDRINUSE',
  errno: -98,
  syscall: 'listen',
  address: '::',
  port: 3000
}

Node.js v23.6.0
